pg_dump: warning: there are circular foreign-key constraints on this table:
pg_dump: detail: user_profile
pg_dump: hint: You might not be able to restore the dump without using --disable-triggers or temporarily dropping the constraints.
pg_dump: hint: Consider using a full dump instead of a --data-only dump to avoid this problem.
pg_dump: warning: there are circular foreign-key constraints on this table:
pg_dump: detail: event_details
pg_dump: hint: You might not be able to restore the dump without using --disable-triggers or temporarily dropping the constraints.
pg_dump: hint: Consider using a full dump instead of a --data-only dump to avoid this problem.
--
-- PostgreSQL database dump
--

-- Dumped from database version 16.0 (Debian 16.0-1.pgdg120+1)
-- Dumped by pg_dump version 16.0 (Debian 16.0-1.pgdg120+1)

SET statement_timeout = 0;
SET lock_timeout = 0;
SET idle_in_transaction_session_timeout = 0;
SET client_encoding = 'UTF8';
SET standard_conforming_strings = on;
SELECT pg_catalog.set_config('search_path', '', false);
SET check_function_bodies = false;
SET xmloption = content;
SET client_min_messages = warning;
SET row_security = off;

--
-- Data for Name: batch_job_instance; Type: TABLE DATA; Schema: public; Owner: event_site_admin
--

INSERT INTO public.batch_job_instance (job_instance_id, version, job_name, job_key) VALUES (1, 0, 'subscriptionRenewalJob', '6a7abbacc0380f19c0822f89e35b997e');
INSERT INTO public.batch_job_instance (job_instance_id, version, job_name, job_key) VALUES (2, 0, 'subscriptionRenewalJob', '75040ef1c09ae4d5437285be3f3a886f');
INSERT INTO public.batch_job_instance (job_instance_id, version, job_name, job_key) VALUES (4, 0, 'subscriptionRenewalJob', '56f39de80f56abf9e8967906465d5d03');
INSERT INTO public.batch_job_instance (job_instance_id, version, job_name, job_key) VALUES (5, 0, 'subscriptionRenewalJob', 'b04246d8429d096946458188d2c57d82');
INSERT INTO public.batch_job_instance (job_instance_id, version, job_name, job_key) VALUES (6, 0, 'subscriptionRenewalJob', '09d126260141bee26f311dff9087089c');
INSERT INTO public.batch_job_instance (job_instance_id, version, job_name, job_key) VALUES (7, 0, 'subscriptionRenewalJob', '4dc605de226914b07858a512c0fe61c5');
INSERT INTO public.batch_job_instance (job_instance_id, version, job_name, job_key) VALUES (8, 0, 'subscriptionRenewalJob', '577e83676f21a3d64777b2ccd471703f');
INSERT INTO public.batch_job_instance (job_instance_id, version, job_name, job_key) VALUES (9, 0, 'subscriptionRenewalJob', '09bdb131e4889e8ca13d05a399e6ad34');
INSERT INTO public.batch_job_instance (job_instance_id, version, job_name, job_key) VALUES (10, 0, 'subscriptionRenewalJob', 'a48e7805f6ddb548e6f2d1712398263e');
INSERT INTO public.batch_job_instance (job_instance_id, version, job_name, job_key) VALUES (11, 0, 'subscriptionRenewalJob', '85609a9549e8d082ad8db8fa9b226044');
INSERT INTO public.batch_job_instance (job_instance_id, version, job_name, job_key) VALUES (12, 0, 'subscriptionRenewalJob', 'ff7055595646115973f8e4557eb89d5a');
INSERT INTO public.batch_job_instance (job_instance_id, version, job_name, job_key) VALUES (13, 0, 'subscriptionRenewalJob', 'e8571bdc3f7722b0cd58cd0758ada72f');
INSERT INTO public.batch_job_instance (job_instance_id, version, job_name, job_key) VALUES (14, 0, 'subscriptionRenewalJob', 'c673dc3cb1c2784f4dce17b1456731ff');
INSERT INTO public.batch_job_instance (job_instance_id, version, job_name, job_key) VALUES (15, 0, 'subscriptionRenewalJob', 'bcb738dbcb33fed451257c7e21c94b98');
INSERT INTO public.batch_job_instance (job_instance_id, version, job_name, job_key) VALUES (16, 0, 'subscriptionRenewalJob', '4078ef56c3faa2854dcd63278a020fb1');
INSERT INTO public.batch_job_instance (job_instance_id, version, job_name, job_key) VALUES (17, 0, 'subscriptionRenewalJob', '22576146ac90477f449d57901b6de89b');
INSERT INTO public.batch_job_instance (job_instance_id, version, job_name, job_key) VALUES (50, 0, 'subscriptionRenewalJob', '2181df48aceafc79dbf8cba9d776d7a7');
INSERT INTO public.batch_job_instance (job_instance_id, version, job_name, job_key) VALUES (51, 0, 'subscriptionRenewalJob', '181cfe0fadcfd278300a58619f8dbd86');
INSERT INTO public.batch_job_instance (job_instance_id, version, job_name, job_key) VALUES (52, 0, 'subscriptionRenewalJob', 'a51d1f4c6888f1501003b41d63e55f88');
INSERT INTO public.batch_job_instance (job_instance_id, version, job_name, job_key) VALUES (32, 0, 'subscriptionRenewalJob', 'b53d7fcb8f008245164bbffa5cea5e26');
INSERT INTO public.batch_job_instance (job_instance_id, version, job_name, job_key) VALUES (33, 0, 'subscriptionRenewalJob', 'b59c701d68503a77ff3ef867c29975a9');
INSERT INTO public.batch_job_instance (job_instance_id, version, job_name, job_key) VALUES (34, 0, 'subscriptionRenewalJob', '8fcf7e568c7459d4e35633ed84fad110');
INSERT INTO public.batch_job_instance (job_instance_id, version, job_name, job_key) VALUES (35, 0, 'subscriptionRenewalJob', '5693ba0859289cc811012a99576b4e53');
INSERT INTO public.batch_job_instance (job_instance_id, version, job_name, job_key) VALUES (36, 0, 'subscriptionRenewalJob', '48e6bdb106bfeb481f5c528b26c18138');
INSERT INTO public.batch_job_instance (job_instance_id, version, job_name, job_key) VALUES (37, 0, 'subscriptionRenewalJob', '99dc6c48c5e063ccbb6f7621b11590d2');
INSERT INTO public.batch_job_instance (job_instance_id, version, job_name, job_key) VALUES (38, 0, 'subscriptionRenewalJob', '58ea3d8c85debffc4988d53b78b229a0');
INSERT INTO public.batch_job_instance (job_instance_id, version, job_name, job_key) VALUES (39, 0, 'subscriptionRenewalJob', '4ca25bd84efb4906449774ca7073dfc3');
INSERT INTO public.batch_job_instance (job_instance_id, version, job_name, job_key) VALUES (40, 0, 'subscriptionRenewalJob', 'f8818a86aaabe66c49b252f23bf156e9');
INSERT INTO public.batch_job_instance (job_instance_id, version, job_name, job_key) VALUES (41, 0, 'subscriptionRenewalJob', '704c84a95f2c5933cfbcb1d4aa4c4513');
INSERT INTO public.batch_job_instance (job_instance_id, version, job_name, job_key) VALUES (42, 0, 'subscriptionRenewalJob', '0f8bab8b87ba9a06efc3842f6e3e0e22');
INSERT INTO public.batch_job_instance (job_instance_id, version, job_name, job_key) VALUES (43, 0, 'subscriptionRenewalJob', '7bf5b7e9854aa8bc6f408c5fbefd83a8');
INSERT INTO public.batch_job_instance (job_instance_id, version, job_name, job_key) VALUES (44, 0, 'subscriptionRenewalJob', '7cc11f00ca69165b83c4b573e24eeee5');
INSERT INTO public.batch_job_instance (job_instance_id, version, job_name, job_key) VALUES (45, 0, 'subscriptionRenewalJob', '778b55998f6a37618e04c7bf962d878d');
INSERT INTO public.batch_job_instance (job_instance_id, version, job_name, job_key) VALUES (46, 0, 'subscriptionRenewalJob', '629b619f9bb39a46f964696e76105fde');
INSERT INTO public.batch_job_instance (job_instance_id, version, job_name, job_key) VALUES (47, 0, 'subscriptionRenewalJob', '15f9016fb597d546afd51b5cf2b1b5ff');
INSERT INTO public.batch_job_instance (job_instance_id, version, job_name, job_key) VALUES (48, 0, 'subscriptionRenewalJob', '884788020daf80746dbe67788fd78a90');
INSERT INTO public.batch_job_instance (job_instance_id, version, job_name, job_key) VALUES (49, 0, 'subscriptionRenewalJob', 'a128d74cfe81e67349d28528c87309d9');
INSERT INTO public.batch_job_instance (job_instance_id, version, job_name, job_key) VALUES (53, 0, 'subscriptionRenewalJob', 'a6abd77ed3b01dd9cecc254b74fc731b');
INSERT INTO public.batch_job_instance (job_instance_id, version, job_name, job_key) VALUES (54, 0, 'subscriptionRenewalJob', '215973c5fdcd3e5bbf9daa8a33826e5e');
INSERT INTO public.batch_job_instance (job_instance_id, version, job_name, job_key) VALUES (55, 0, 'subscriptionRenewalJob', '38282c33c806767cc66af3be0b93e36e');
INSERT INTO public.batch_job_instance (job_instance_id, version, job_name, job_key) VALUES (56, 0, 'subscriptionRenewalJob', '46855cd3b9bb2e92cd0ef7a5442c0ad1');
INSERT INTO public.batch_job_instance (job_instance_id, version, job_name, job_key) VALUES (57, 0, 'subscriptionRenewalJob', '759778d108c462788e3953c36eb09f77');
INSERT INTO public.batch_job_instance (job_instance_id, version, job_name, job_key) VALUES (58, 0, 'subscriptionRenewalJob', '95facd7805fdf791a25afd76ee6a09b4');
INSERT INTO public.batch_job_instance (job_instance_id, version, job_name, job_key) VALUES (59, 0, 'subscriptionRenewalJob', 'e5ed959321976c59599a446c7afcb7d2');
INSERT INTO public.batch_job_instance (job_instance_id, version, job_name, job_key) VALUES (60, 0, 'subscriptionRenewalJob', 'b67cb81c3a7c5e7b9e253710659a6672');
INSERT INTO public.batch_job_instance (job_instance_id, version, job_name, job_key) VALUES (61, 0, 'subscriptionRenewalJob', '0b333b67d7f30c5b930fee330937a00e');
INSERT INTO public.batch_job_instance (job_instance_id, version, job_name, job_key) VALUES (62, 0, 'subscriptionRenewalJob', '54f95bc208152ce628f86f34d155e07e');
INSERT INTO public.batch_job_instance (job_instance_id, version, job_name, job_key) VALUES (63, 0, 'subscriptionRenewalJob', 'ceeea90d42fc04554974824d71197f87');
INSERT INTO public.batch_job_instance (job_instance_id, version, job_name, job_key) VALUES (64, 0, 'subscriptionRenewalJob', '1bcf073aabb853e75989fe92dbd08a1c');
INSERT INTO public.batch_job_instance (job_instance_id, version, job_name, job_key) VALUES (65, 0, 'subscriptionRenewalJob', 'e2fb2888cb1e2638901c9bda0e7102d8');
INSERT INTO public.batch_job_instance (job_instance_id, version, job_name, job_key) VALUES (66, 0, 'subscriptionRenewalJob', '6d9f6c6b0e3b90bdf8ea97df4caba98b');


--
-- Data for Name: batch_job_execution; Type: TABLE DATA; Schema: public; Owner: event_site_admin
--

INSERT INTO public.batch_job_execution (job_execution_id, version, job_instance_id, create_time, start_time, end_time, status, exit_code, exit_message, last_updated) VALUES (1, 2, 1, '2026-01-25 19:12:14.259173', '2026-01-25 19:12:14.832543', '2026-01-25 19:12:17.239322', 'COMPLETED', 'COMPLETED', '', '2026-01-25 19:12:17.239859');
INSERT INTO public.batch_job_execution (job_execution_id, version, job_instance_id, create_time, start_time, end_time, status, exit_code, exit_message, last_updated) VALUES (2, 2, 2, '2026-01-26 02:10:49.092015', '2026-01-26 02:10:49.17664', '2026-01-26 02:10:50.170487', 'COMPLETED', 'COMPLETED', '', '2026-01-26 02:10:50.171498');
INSERT INTO public.batch_job_execution (job_execution_id, version, job_instance_id, create_time, start_time, end_time, status, exit_code, exit_message, last_updated) VALUES (3, 2, 4, '2026-02-02 17:57:22.251567', '2026-02-02 17:57:22.935482', '2026-02-02 17:57:23.065089', 'FAILED', 'FAILED', 'org.springframework.dao.DuplicateKeyException: PreparedStatementCallback; SQL [INSERT INTO BATCH_STEP_EXECUTION(STEP_EXECUTION_ID, VERSION, STEP_NAME, JOB_EXECUTION_ID, START_TIME, END_TIME, STATUS, COMMIT_COUNT, READ_COUNT, FILTER_COUNT, WRITE_COUNT, EXIT_CODE, EXIT_MESSAGE, READ_SKIP_COUNT, WRITE_SKIP_COUNT, PROCESS_SKIP_COUNT, ROLLBACK_COUNT, LAST_UPDATED, CREATE_TIME)
	VALUES (?, ?, ?, ?, ?, ?, ?, ?, ?, ?, ?, ?, ?, ?, ?, ?, ?, ?, ?)
]; ERROR: duplicate key value violates unique constraint "batch_step_execution_pkey"
  Detail: Key (step_execution_id)=(2) already exists.
	at org.springframework.jdbc.support.SQLStateSQLExceptionTranslator.doTranslate(SQLStateSQLExceptionTranslator.java:108)
	at org.springframework.jdbc.support.AbstractFallbackSQLExceptionTranslator.translate(AbstractFallbackSQLExceptionTranslator.java:73)
	at org.springframework.jdbc.support.AbstractFallbackSQLExceptionTranslator.translate(AbstractFallbackSQLExceptionTranslator.java:82)
	at org.springframework.jdbc.core.JdbcTemplate.translateException(JdbcTemplate.java:1572)
	at org.springframework.jdbc.core.JdbcTemplate.execute(JdbcTemplate.java:667)
	at org.springframework.jdbc.core.JdbcTemplate.update(JdbcTemplate.java:960)
	at org.springframework.jdbc.core.JdbcTemplate.update(JdbcTemplate.java:1015)
	at org.springframework.jdbc.core.JdbcTemplate.update(JdbcTemplate.java:1020)
	at org.springframework.batch.core.repository.dao.JdbcStepExecutionDao.saveStepExecution(JdbcStepExecutionDao.java:159)
	at org.springframework.batch.core.repository.support.SimpleJobRepository.add(SimpleJobRepository.java:209)
	at java.base/jdk.internal.reflect.NativeMethodAccessorImpl.invoke0(Native Method)
	at java.base/jdk.internal.reflect.NativeMethodAccessorImpl.invoke(Unknown Source)
	at java.base/jdk.internal.reflect.DelegatingMethodAccessorImpl.invoke(Unknown Source)
	at java.base/java.lang.reflect.Method.invoke(Unknown Source)
	at org.springframework.aop.support.AopUtils.invokeJoinpointUsingReflection(AopUtils.java:343)
	at org.springframework.aop.framework.ReflectiveMethodInvocation.invokeJoinpoint(ReflectiveMethodInvocation.java:196)
	at org.springframework.aop.framework.ReflectiveMethodInvocation.proceed(ReflectiveMethodInvocation.java:163)
	at org.springframework.transaction.interceptor.TransactionInterceptor$1.proceedWithInvocation(TransactionInterceptor.java:123)
	at org.springframework.transaction.interceptor.TransactionAspectSupport.invokeWithinTransaction(TransactionAspectSupport.java:391)
	at ', '2026-02-02 17:57:23.06555');
INSERT INTO public.batch_job_execution (job_execution_id, version, job_instance_id, create_time, start_time, end_time, status, exit_code, exit_message, last_updated) VALUES (4, 2, 5, '2026-02-03 03:01:30.612013', '2026-02-03 03:01:30.681468', '2026-02-03 03:01:32.795254', 'COMPLETED', 'COMPLETED', '', '2026-02-03 03:01:32.795596');
INSERT INTO public.batch_job_execution (job_execution_id, version, job_instance_id, create_time, start_time, end_time, status, exit_code, exit_message, last_updated) VALUES (5, 2, 6, '2026-02-03 06:06:40.747993', '2026-02-03 06:06:40.82336', '2026-02-03 06:06:41.869126', 'COMPLETED', 'COMPLETED', '', '2026-02-03 06:06:41.869409');
INSERT INTO public.batch_job_execution (job_execution_id, version, job_instance_id, create_time, start_time, end_time, status, exit_code, exit_message, last_updated) VALUES (6, 2, 7, '2026-02-03 18:03:54.473066', '2026-02-03 18:03:54.714682', '2026-02-03 18:03:56.699167', 'COMPLETED', 'COMPLETED', '', '2026-02-03 18:03:56.699655');
INSERT INTO public.batch_job_execution (job_execution_id, version, job_instance_id, create_time, start_time, end_time, status, exit_code, exit_message, last_updated) VALUES (7, 2, 8, '2026-02-04 02:44:33.330545', '2026-02-04 02:44:33.594766', '2026-02-04 02:44:34.882119', 'COMPLETED', 'COMPLETED', '', '2026-02-04 02:44:34.882649');
INSERT INTO public.batch_job_execution (job_execution_id, version, job_instance_id, create_time, start_time, end_time, status, exit_code, exit_message, last_updated) VALUES (8, 2, 9, '2026-02-04 06:12:37.090787', '2026-02-04 06:12:37.458762', '2026-02-04 06:12:39.407145', 'COMPLETED', 'COMPLETED', '', '2026-02-04 06:12:39.407917');
INSERT INTO public.batch_job_execution (job_execution_id, version, job_instance_id, create_time, start_time, end_time, status, exit_code, exit_message, last_updated) VALUES (9, 2, 10, '2026-02-04 20:05:51.828571', '2026-02-04 20:05:51.986915', '2026-02-04 20:05:53.181454', 'COMPLETED', 'COMPLETED', '', '2026-02-04 20:05:53.18219');
INSERT INTO public.batch_job_execution (job_execution_id, version, job_instance_id, create_time, start_time, end_time, status, exit_code, exit_message, last_updated) VALUES (10, 2, 11, '2026-02-05 11:55:50.063071', '2026-02-05 11:55:50.448732', '2026-02-05 11:55:52.861425', 'COMPLETED', 'COMPLETED', '', '2026-02-05 11:55:52.861807');
INSERT INTO public.batch_job_execution (job_execution_id, version, job_instance_id, create_time, start_time, end_time, status, exit_code, exit_message, last_updated) VALUES (11, 2, 12, '2026-02-05 12:00:01.186224', '2026-02-05 12:00:01.259535', '2026-02-05 12:00:02.162577', 'COMPLETED', 'COMPLETED', '', '2026-02-05 12:00:02.162948');
INSERT INTO public.batch_job_execution (job_execution_id, version, job_instance_id, create_time, start_time, end_time, status, exit_code, exit_message, last_updated) VALUES (12, 2, 13, '2026-02-06 01:08:15.894552', '2026-02-06 01:08:15.97578', '2026-02-06 01:08:17.063315', 'COMPLETED', 'COMPLETED', '', '2026-02-06 01:08:17.063724');
INSERT INTO public.batch_job_execution (job_execution_id, version, job_instance_id, create_time, start_time, end_time, status, exit_code, exit_message, last_updated) VALUES (13, 2, 14, '2026-02-06 12:51:52.917407', '2026-02-06 12:51:52.956966', '2026-02-06 12:51:53.756671', 'COMPLETED', 'COMPLETED', '', '2026-02-06 12:51:53.75702');
INSERT INTO public.batch_job_execution (job_execution_id, version, job_instance_id, create_time, start_time, end_time, status, exit_code, exit_message, last_updated) VALUES (14, 2, 15, '2026-02-06 17:59:55.500209', '2026-02-06 17:59:55.72822', '2026-02-06 17:59:56.971027', 'COMPLETED', 'COMPLETED', '', '2026-02-06 17:59:56.971472');
INSERT INTO public.batch_job_execution (job_execution_id, version, job_instance_id, create_time, start_time, end_time, status, exit_code, exit_message, last_updated) VALUES (15, 2, 16, '2026-02-07 00:00:41.021863', '2026-02-07 00:00:41.36632', '2026-02-07 00:00:43.532883', 'COMPLETED', 'COMPLETED', '', '2026-02-07 00:00:43.533133');
INSERT INTO public.batch_job_execution (job_execution_id, version, job_instance_id, create_time, start_time, end_time, status, exit_code, exit_message, last_updated) VALUES (16, 2, 17, '2026-02-07 06:01:38.016276', '2026-02-07 06:01:38.431456', '2026-02-07 06:01:42.349578', 'COMPLETED', 'COMPLETED', '', '2026-02-07 06:01:42.350087');
INSERT INTO public.batch_job_execution (job_execution_id, version, job_instance_id, create_time, start_time, end_time, status, exit_code, exit_message, last_updated) VALUES (49, 2, 50, '2026-02-07 18:11:52.153989', '2026-02-07 18:11:52.427598', '2026-02-07 18:11:54.760359', 'COMPLETED', 'COMPLETED', '', '2026-02-07 18:11:54.760941');
INSERT INTO public.batch_job_execution (job_execution_id, version, job_instance_id, create_time, start_time, end_time, status, exit_code, exit_message, last_updated) VALUES (50, 2, 51, '2026-02-08 01:12:01.299358', '2026-02-08 01:12:01.371802', '2026-02-08 01:12:02.333225', 'COMPLETED', 'COMPLETED', '', '2026-02-08 01:12:02.333692');
INSERT INTO public.batch_job_execution (job_execution_id, version, job_instance_id, create_time, start_time, end_time, status, exit_code, exit_message, last_updated) VALUES (51, 2, 52, '2026-02-08 06:32:02.072248', '2026-02-08 06:32:02.315102', '2026-02-08 06:32:05.301713', 'COMPLETED', 'COMPLETED', '', '2026-02-08 06:32:05.303103');
INSERT INTO public.batch_job_execution (job_execution_id, version, job_instance_id, create_time, start_time, end_time, status, exit_code, exit_message, last_updated) VALUES (19, 2, 34, '2026-02-19 23:59:58.989873', '2026-02-19 23:59:59.021075', '2026-02-19 23:59:59.053118', 'FAILED', 'FAILED', 'org.springframework.dao.DuplicateKeyException: PreparedStatementCallback; SQL [INSERT INTO BATCH_STEP_EXECUTION(STEP_EXECUTION_ID, VERSION, STEP_NAME, JOB_EXECUTION_ID, START_TIME, END_TIME, STATUS, COMMIT_COUNT, READ_COUNT, FILTER_COUNT, WRITE_COUNT, EXIT_CODE, EXIT_MESSAGE, READ_SKIP_COUNT, WRITE_SKIP_COUNT, PROCESS_SKIP_COUNT, ROLLBACK_COUNT, LAST_UPDATED, CREATE_TIME)
	VALUES (?, ?, ?, ?, ?, ?, ?, ?, ?, ?, ?, ?, ?, ?, ?, ?, ?, ?, ?)
]; ERROR: duplicate key value violates unique constraint "batch_step_execution_pkey"
  Detail: Key (step_execution_id)=(4) already exists.
	at org.springframework.jdbc.support.SQLStateSQLExceptionTranslator.doTranslate(SQLStateSQLExceptionTranslator.java:108)
	at org.springframework.jdbc.support.AbstractFallbackSQLExceptionTranslator.translate(AbstractFallbackSQLExceptionTranslator.java:73)
	at org.springframework.jdbc.support.AbstractFallbackSQLExceptionTranslator.translate(AbstractFallbackSQLExceptionTranslator.java:82)
	at org.springframework.jdbc.core.JdbcTemplate.translateException(JdbcTemplate.java:1572)
	at org.springframework.jdbc.core.JdbcTemplate.execute(JdbcTemplate.java:667)
	at org.springframework.jdbc.core.JdbcTemplate.update(JdbcTemplate.java:960)
	at org.springframework.jdbc.core.JdbcTemplate.update(JdbcTemplate.java:1015)
	at org.springframework.jdbc.core.JdbcTemplate.update(JdbcTemplate.java:1020)
	at org.springframework.batch.core.repository.dao.JdbcStepExecutionDao.saveStepExecution(JdbcStepExecutionDao.java:159)
	at org.springframework.batch.core.repository.support.SimpleJobRepository.add(SimpleJobRepository.java:209)
	at java.base/jdk.internal.reflect.NativeMethodAccessorImpl.invoke0(Native Method)
	at java.base/jdk.internal.reflect.NativeMethodAccessorImpl.invoke(Unknown Source)
	at java.base/jdk.internal.reflect.DelegatingMethodAccessorImpl.invoke(Unknown Source)
	at java.base/java.lang.reflect.Method.invoke(Unknown Source)
	at org.springframework.aop.support.AopUtils.invokeJoinpointUsingReflection(AopUtils.java:343)
	at org.springframework.aop.framework.ReflectiveMethodInvocation.invokeJoinpoint(ReflectiveMethodInvocation.java:196)
	at org.springframework.aop.framework.ReflectiveMethodInvocation.proceed(ReflectiveMethodInvocation.java:163)
	at org.springframework.transaction.interceptor.TransactionInterceptor$1.proceedWithInvocation(TransactionInterceptor.java:123)
	at org.springframework.transaction.interceptor.TransactionAspectSupport.invokeWithinTransaction(TransactionAspectSupport.java:391)
	at ', '2026-02-19 23:59:59.053298');
INSERT INTO public.batch_job_execution (job_execution_id, version, job_instance_id, create_time, start_time, end_time, status, exit_code, exit_message, last_updated) VALUES (17, 2, 32, '2026-02-19 11:59:58.51585', '2026-02-19 11:59:58.808383', '2026-02-19 11:59:58.876166', 'FAILED', 'FAILED', 'org.springframework.dao.DuplicateKeyException: PreparedStatementCallback; SQL [INSERT INTO BATCH_STEP_EXECUTION(STEP_EXECUTION_ID, VERSION, STEP_NAME, JOB_EXECUTION_ID, START_TIME, END_TIME, STATUS, COMMIT_COUNT, READ_COUNT, FILTER_COUNT, WRITE_COUNT, EXIT_CODE, EXIT_MESSAGE, READ_SKIP_COUNT, WRITE_SKIP_COUNT, PROCESS_SKIP_COUNT, ROLLBACK_COUNT, LAST_UPDATED, CREATE_TIME)
	VALUES (?, ?, ?, ?, ?, ?, ?, ?, ?, ?, ?, ?, ?, ?, ?, ?, ?, ?, ?)
]; ERROR: duplicate key value violates unique constraint "batch_step_execution_pkey"
  Detail: Key (step_execution_id)=(2) already exists.
	at org.springframework.jdbc.support.SQLStateSQLExceptionTranslator.doTranslate(SQLStateSQLExceptionTranslator.java:108)
	at org.springframework.jdbc.support.AbstractFallbackSQLExceptionTranslator.translate(AbstractFallbackSQLExceptionTranslator.java:73)
	at org.springframework.jdbc.support.AbstractFallbackSQLExceptionTranslator.translate(AbstractFallbackSQLExceptionTranslator.java:82)
	at org.springframework.jdbc.core.JdbcTemplate.translateException(JdbcTemplate.java:1572)
	at org.springframework.jdbc.core.JdbcTemplate.execute(JdbcTemplate.java:667)
	at org.springframework.jdbc.core.JdbcTemplate.update(JdbcTemplate.java:960)
	at org.springframework.jdbc.core.JdbcTemplate.update(JdbcTemplate.java:1015)
	at org.springframework.jdbc.core.JdbcTemplate.update(JdbcTemplate.java:1020)
	at org.springframework.batch.core.repository.dao.JdbcStepExecutionDao.saveStepExecution(JdbcStepExecutionDao.java:159)
	at org.springframework.batch.core.repository.support.SimpleJobRepository.add(SimpleJobRepository.java:209)
	at java.base/jdk.internal.reflect.NativeMethodAccessorImpl.invoke0(Native Method)
	at java.base/jdk.internal.reflect.NativeMethodAccessorImpl.invoke(Unknown Source)
	at java.base/jdk.internal.reflect.DelegatingMethodAccessorImpl.invoke(Unknown Source)
	at java.base/java.lang.reflect.Method.invoke(Unknown Source)
	at org.springframework.aop.support.AopUtils.invokeJoinpointUsingReflection(AopUtils.java:343)
	at org.springframework.aop.framework.ReflectiveMethodInvocation.invokeJoinpoint(ReflectiveMethodInvocation.java:196)
	at org.springframework.aop.framework.ReflectiveMethodInvocation.proceed(ReflectiveMethodInvocation.java:163)
	at org.springframework.transaction.interceptor.TransactionInterceptor$1.proceedWithInvocation(TransactionInterceptor.java:123)
	at org.springframework.transaction.interceptor.TransactionAspectSupport.invokeWithinTransaction(TransactionAspectSupport.java:391)
	at ', '2026-02-19 11:59:58.876839');
INSERT INTO public.batch_job_execution (job_execution_id, version, job_instance_id, create_time, start_time, end_time, status, exit_code, exit_message, last_updated) VALUES (18, 2, 33, '2026-02-19 17:59:59.128693', '2026-02-19 17:59:59.172772', '2026-02-19 17:59:59.224648', 'FAILED', 'FAILED', 'org.springframework.dao.DuplicateKeyException: PreparedStatementCallback; SQL [INSERT INTO BATCH_STEP_EXECUTION(STEP_EXECUTION_ID, VERSION, STEP_NAME, JOB_EXECUTION_ID, START_TIME, END_TIME, STATUS, COMMIT_COUNT, READ_COUNT, FILTER_COUNT, WRITE_COUNT, EXIT_CODE, EXIT_MESSAGE, READ_SKIP_COUNT, WRITE_SKIP_COUNT, PROCESS_SKIP_COUNT, ROLLBACK_COUNT, LAST_UPDATED, CREATE_TIME)
	VALUES (?, ?, ?, ?, ?, ?, ?, ?, ?, ?, ?, ?, ?, ?, ?, ?, ?, ?, ?)
]; ERROR: duplicate key value violates unique constraint "batch_step_execution_pkey"
  Detail: Key (step_execution_id)=(3) already exists.
	at org.springframework.jdbc.support.SQLStateSQLExceptionTranslator.doTranslate(SQLStateSQLExceptionTranslator.java:108)
	at org.springframework.jdbc.support.AbstractFallbackSQLExceptionTranslator.translate(AbstractFallbackSQLExceptionTranslator.java:73)
	at org.springframework.jdbc.support.AbstractFallbackSQLExceptionTranslator.translate(AbstractFallbackSQLExceptionTranslator.java:82)
	at org.springframework.jdbc.core.JdbcTemplate.translateException(JdbcTemplate.java:1572)
	at org.springframework.jdbc.core.JdbcTemplate.execute(JdbcTemplate.java:667)
	at org.springframework.jdbc.core.JdbcTemplate.update(JdbcTemplate.java:960)
	at org.springframework.jdbc.core.JdbcTemplate.update(JdbcTemplate.java:1015)
	at org.springframework.jdbc.core.JdbcTemplate.update(JdbcTemplate.java:1020)
	at org.springframework.batch.core.repository.dao.JdbcStepExecutionDao.saveStepExecution(JdbcStepExecutionDao.java:159)
	at org.springframework.batch.core.repository.support.SimpleJobRepository.add(SimpleJobRepository.java:209)
	at java.base/jdk.internal.reflect.NativeMethodAccessorImpl.invoke0(Native Method)
	at java.base/jdk.internal.reflect.NativeMethodAccessorImpl.invoke(Unknown Source)
	at java.base/jdk.internal.reflect.DelegatingMethodAccessorImpl.invoke(Unknown Source)
	at java.base/java.lang.reflect.Method.invoke(Unknown Source)
	at org.springframework.aop.support.AopUtils.invokeJoinpointUsingReflection(AopUtils.java:343)
	at org.springframework.aop.framework.ReflectiveMethodInvocation.invokeJoinpoint(ReflectiveMethodInvocation.java:196)
	at org.springframework.aop.framework.ReflectiveMethodInvocation.proceed(ReflectiveMethodInvocation.java:163)
	at org.springframework.transaction.interceptor.TransactionInterceptor$1.proceedWithInvocation(TransactionInterceptor.java:123)
	at org.springframework.transaction.interceptor.TransactionAspectSupport.invokeWithinTransaction(TransactionAspectSupport.java:391)
	at ', '2026-02-19 17:59:59.224972');
INSERT INTO public.batch_job_execution (job_execution_id, version, job_instance_id, create_time, start_time, end_time, status, exit_code, exit_message, last_updated) VALUES (20, 2, 35, '2026-02-20 05:59:59.107542', '2026-02-20 05:59:59.141884', '2026-02-20 05:59:59.198897', 'FAILED', 'FAILED', 'org.springframework.dao.DuplicateKeyException: PreparedStatementCallback; SQL [INSERT INTO BATCH_STEP_EXECUTION(STEP_EXECUTION_ID, VERSION, STEP_NAME, JOB_EXECUTION_ID, START_TIME, END_TIME, STATUS, COMMIT_COUNT, READ_COUNT, FILTER_COUNT, WRITE_COUNT, EXIT_CODE, EXIT_MESSAGE, READ_SKIP_COUNT, WRITE_SKIP_COUNT, PROCESS_SKIP_COUNT, ROLLBACK_COUNT, LAST_UPDATED, CREATE_TIME)
	VALUES (?, ?, ?, ?, ?, ?, ?, ?, ?, ?, ?, ?, ?, ?, ?, ?, ?, ?, ?)
]; ERROR: duplicate key value violates unique constraint "batch_step_execution_pkey"
  Detail: Key (step_execution_id)=(5) already exists.
	at org.springframework.jdbc.support.SQLStateSQLExceptionTranslator.doTranslate(SQLStateSQLExceptionTranslator.java:108)
	at org.springframework.jdbc.support.AbstractFallbackSQLExceptionTranslator.translate(AbstractFallbackSQLExceptionTranslator.java:73)
	at org.springframework.jdbc.support.AbstractFallbackSQLExceptionTranslator.translate(AbstractFallbackSQLExceptionTranslator.java:82)
	at org.springframework.jdbc.core.JdbcTemplate.translateException(JdbcTemplate.java:1572)
	at org.springframework.jdbc.core.JdbcTemplate.execute(JdbcTemplate.java:667)
	at org.springframework.jdbc.core.JdbcTemplate.update(JdbcTemplate.java:960)
	at org.springframework.jdbc.core.JdbcTemplate.update(JdbcTemplate.java:1015)
	at org.springframework.jdbc.core.JdbcTemplate.update(JdbcTemplate.java:1020)
	at org.springframework.batch.core.repository.dao.JdbcStepExecutionDao.saveStepExecution(JdbcStepExecutionDao.java:159)
	at org.springframework.batch.core.repository.support.SimpleJobRepository.add(SimpleJobRepository.java:209)
	at java.base/jdk.internal.reflect.NativeMethodAccessorImpl.invoke0(Native Method)
	at java.base/jdk.internal.reflect.NativeMethodAccessorImpl.invoke(Unknown Source)
	at java.base/jdk.internal.reflect.DelegatingMethodAccessorImpl.invoke(Unknown Source)
	at java.base/java.lang.reflect.Method.invoke(Unknown Source)
	at org.springframework.aop.support.AopUtils.invokeJoinpointUsingReflection(AopUtils.java:343)
	at org.springframework.aop.framework.ReflectiveMethodInvocation.invokeJoinpoint(ReflectiveMethodInvocation.java:196)
	at org.springframework.aop.framework.ReflectiveMethodInvocation.proceed(ReflectiveMethodInvocation.java:163)
	at org.springframework.transaction.interceptor.TransactionInterceptor$1.proceedWithInvocation(TransactionInterceptor.java:123)
	at org.springframework.transaction.interceptor.TransactionAspectSupport.invokeWithinTransaction(TransactionAspectSupport.java:391)
	at ', '2026-02-20 05:59:59.199354');
INSERT INTO public.batch_job_execution (job_execution_id, version, job_instance_id, create_time, start_time, end_time, status, exit_code, exit_message, last_updated) VALUES (21, 2, 36, '2026-02-20 11:59:59.243844', '2026-02-20 11:59:59.281183', '2026-02-20 11:59:59.340343', 'FAILED', 'FAILED', 'org.springframework.dao.DuplicateKeyException: PreparedStatementCallback; SQL [INSERT INTO BATCH_STEP_EXECUTION(STEP_EXECUTION_ID, VERSION, STEP_NAME, JOB_EXECUTION_ID, START_TIME, END_TIME, STATUS, COMMIT_COUNT, READ_COUNT, FILTER_COUNT, WRITE_COUNT, EXIT_CODE, EXIT_MESSAGE, READ_SKIP_COUNT, WRITE_SKIP_COUNT, PROCESS_SKIP_COUNT, ROLLBACK_COUNT, LAST_UPDATED, CREATE_TIME)
	VALUES (?, ?, ?, ?, ?, ?, ?, ?, ?, ?, ?, ?, ?, ?, ?, ?, ?, ?, ?)
]; ERROR: duplicate key value violates unique constraint "batch_step_execution_pkey"
  Detail: Key (step_execution_id)=(6) already exists.
	at org.springframework.jdbc.support.SQLStateSQLExceptionTranslator.doTranslate(SQLStateSQLExceptionTranslator.java:108)
	at org.springframework.jdbc.support.AbstractFallbackSQLExceptionTranslator.translate(AbstractFallbackSQLExceptionTranslator.java:73)
	at org.springframework.jdbc.support.AbstractFallbackSQLExceptionTranslator.translate(AbstractFallbackSQLExceptionTranslator.java:82)
	at org.springframework.jdbc.core.JdbcTemplate.translateException(JdbcTemplate.java:1572)
	at org.springframework.jdbc.core.JdbcTemplate.execute(JdbcTemplate.java:667)
	at org.springframework.jdbc.core.JdbcTemplate.update(JdbcTemplate.java:960)
	at org.springframework.jdbc.core.JdbcTemplate.update(JdbcTemplate.java:1015)
	at org.springframework.jdbc.core.JdbcTemplate.update(JdbcTemplate.java:1020)
	at org.springframework.batch.core.repository.dao.JdbcStepExecutionDao.saveStepExecution(JdbcStepExecutionDao.java:159)
	at org.springframework.batch.core.repository.support.SimpleJobRepository.add(SimpleJobRepository.java:209)
	at java.base/jdk.internal.reflect.NativeMethodAccessorImpl.invoke0(Native Method)
	at java.base/jdk.internal.reflect.NativeMethodAccessorImpl.invoke(Unknown Source)
	at java.base/jdk.internal.reflect.DelegatingMethodAccessorImpl.invoke(Unknown Source)
	at java.base/java.lang.reflect.Method.invoke(Unknown Source)
	at org.springframework.aop.support.AopUtils.invokeJoinpointUsingReflection(AopUtils.java:343)
	at org.springframework.aop.framework.ReflectiveMethodInvocation.invokeJoinpoint(ReflectiveMethodInvocation.java:196)
	at org.springframework.aop.framework.ReflectiveMethodInvocation.proceed(ReflectiveMethodInvocation.java:163)
	at org.springframework.transaction.interceptor.TransactionInterceptor$1.proceedWithInvocation(TransactionInterceptor.java:123)
	at org.springframework.transaction.interceptor.TransactionAspectSupport.invokeWithinTransaction(TransactionAspectSupport.java:391)
	at ', '2026-02-20 11:59:59.340641');
INSERT INTO public.batch_job_execution (job_execution_id, version, job_instance_id, create_time, start_time, end_time, status, exit_code, exit_message, last_updated) VALUES (22, 2, 37, '2026-02-20 17:59:59.10185', '2026-02-20 17:59:59.134982', '2026-02-20 17:59:59.196089', 'FAILED', 'FAILED', 'org.springframework.dao.DuplicateKeyException: PreparedStatementCallback; SQL [INSERT INTO BATCH_STEP_EXECUTION(STEP_EXECUTION_ID, VERSION, STEP_NAME, JOB_EXECUTION_ID, START_TIME, END_TIME, STATUS, COMMIT_COUNT, READ_COUNT, FILTER_COUNT, WRITE_COUNT, EXIT_CODE, EXIT_MESSAGE, READ_SKIP_COUNT, WRITE_SKIP_COUNT, PROCESS_SKIP_COUNT, ROLLBACK_COUNT, LAST_UPDATED, CREATE_TIME)
	VALUES (?, ?, ?, ?, ?, ?, ?, ?, ?, ?, ?, ?, ?, ?, ?, ?, ?, ?, ?)
]; ERROR: duplicate key value violates unique constraint "batch_step_execution_pkey"
  Detail: Key (step_execution_id)=(7) already exists.
	at org.springframework.jdbc.support.SQLStateSQLExceptionTranslator.doTranslate(SQLStateSQLExceptionTranslator.java:108)
	at org.springframework.jdbc.support.AbstractFallbackSQLExceptionTranslator.translate(AbstractFallbackSQLExceptionTranslator.java:73)
	at org.springframework.jdbc.support.AbstractFallbackSQLExceptionTranslator.translate(AbstractFallbackSQLExceptionTranslator.java:82)
	at org.springframework.jdbc.core.JdbcTemplate.translateException(JdbcTemplate.java:1572)
	at org.springframework.jdbc.core.JdbcTemplate.execute(JdbcTemplate.java:667)
	at org.springframework.jdbc.core.JdbcTemplate.update(JdbcTemplate.java:960)
	at org.springframework.jdbc.core.JdbcTemplate.update(JdbcTemplate.java:1015)
	at org.springframework.jdbc.core.JdbcTemplate.update(JdbcTemplate.java:1020)
	at org.springframework.batch.core.repository.dao.JdbcStepExecutionDao.saveStepExecution(JdbcStepExecutionDao.java:159)
	at org.springframework.batch.core.repository.support.SimpleJobRepository.add(SimpleJobRepository.java:209)
	at java.base/jdk.internal.reflect.NativeMethodAccessorImpl.invoke0(Native Method)
	at java.base/jdk.internal.reflect.NativeMethodAccessorImpl.invoke(Unknown Source)
	at java.base/jdk.internal.reflect.DelegatingMethodAccessorImpl.invoke(Unknown Source)
	at java.base/java.lang.reflect.Method.invoke(Unknown Source)
	at org.springframework.aop.support.AopUtils.invokeJoinpointUsingReflection(AopUtils.java:343)
	at org.springframework.aop.framework.ReflectiveMethodInvocation.invokeJoinpoint(ReflectiveMethodInvocation.java:196)
	at org.springframework.aop.framework.ReflectiveMethodInvocation.proceed(ReflectiveMethodInvocation.java:163)
	at org.springframework.transaction.interceptor.TransactionInterceptor$1.proceedWithInvocation(TransactionInterceptor.java:123)
	at org.springframework.transaction.interceptor.TransactionAspectSupport.invokeWithinTransaction(TransactionAspectSupport.java:391)
	at ', '2026-02-20 17:59:59.196818');
INSERT INTO public.batch_job_execution (job_execution_id, version, job_instance_id, create_time, start_time, end_time, status, exit_code, exit_message, last_updated) VALUES (27, 2, 42, '2026-02-21 23:59:59.067034', '2026-02-21 23:59:59.087243', '2026-02-21 23:59:59.11633', 'FAILED', 'FAILED', 'org.springframework.dao.DuplicateKeyException: PreparedStatementCallback; SQL [INSERT INTO BATCH_STEP_EXECUTION(STEP_EXECUTION_ID, VERSION, STEP_NAME, JOB_EXECUTION_ID, START_TIME, END_TIME, STATUS, COMMIT_COUNT, READ_COUNT, FILTER_COUNT, WRITE_COUNT, EXIT_CODE, EXIT_MESSAGE, READ_SKIP_COUNT, WRITE_SKIP_COUNT, PROCESS_SKIP_COUNT, ROLLBACK_COUNT, LAST_UPDATED, CREATE_TIME)
	VALUES (?, ?, ?, ?, ?, ?, ?, ?, ?, ?, ?, ?, ?, ?, ?, ?, ?, ?, ?)
]; ERROR: duplicate key value violates unique constraint "batch_step_execution_pkey"
  Detail: Key (step_execution_id)=(12) already exists.
	at org.springframework.jdbc.support.SQLStateSQLExceptionTranslator.doTranslate(SQLStateSQLExceptionTranslator.java:108)
	at org.springframework.jdbc.support.AbstractFallbackSQLExceptionTranslator.translate(AbstractFallbackSQLExceptionTranslator.java:73)
	at org.springframework.jdbc.support.AbstractFallbackSQLExceptionTranslator.translate(AbstractFallbackSQLExceptionTranslator.java:82)
	at org.springframework.jdbc.core.JdbcTemplate.translateException(JdbcTemplate.java:1572)
	at org.springframework.jdbc.core.JdbcTemplate.execute(JdbcTemplate.java:667)
	at org.springframework.jdbc.core.JdbcTemplate.update(JdbcTemplate.java:960)
	at org.springframework.jdbc.core.JdbcTemplate.update(JdbcTemplate.java:1015)
	at org.springframework.jdbc.core.JdbcTemplate.update(JdbcTemplate.java:1020)
	at org.springframework.batch.core.repository.dao.JdbcStepExecutionDao.saveStepExecution(JdbcStepExecutionDao.java:159)
	at org.springframework.batch.core.repository.support.SimpleJobRepository.add(SimpleJobRepository.java:209)
	at java.base/jdk.internal.reflect.NativeMethodAccessorImpl.invoke0(Native Method)
	at java.base/jdk.internal.reflect.NativeMethodAccessorImpl.invoke(Unknown Source)
	at java.base/jdk.internal.reflect.DelegatingMethodAccessorImpl.invoke(Unknown Source)
	at java.base/java.lang.reflect.Method.invoke(Unknown Source)
	at org.springframework.aop.support.AopUtils.invokeJoinpointUsingReflection(AopUtils.java:343)
	at org.springframework.aop.framework.ReflectiveMethodInvocation.invokeJoinpoint(ReflectiveMethodInvocation.java:196)
	at org.springframework.aop.framework.ReflectiveMethodInvocation.proceed(ReflectiveMethodInvocation.java:163)
	at org.springframework.transaction.interceptor.TransactionInterceptor$1.proceedWithInvocation(TransactionInterceptor.java:123)
	at org.springframework.transaction.interceptor.TransactionAspectSupport.invokeWithinTransaction(TransactionAspectSupport.java:391)
	at', '2026-02-21 23:59:59.11647');
INSERT INTO public.batch_job_execution (job_execution_id, version, job_instance_id, create_time, start_time, end_time, status, exit_code, exit_message, last_updated) VALUES (23, 2, 38, '2026-02-20 23:59:59.076656', '2026-02-20 23:59:59.10959', '2026-02-20 23:59:59.146995', 'FAILED', 'FAILED', 'org.springframework.dao.DuplicateKeyException: PreparedStatementCallback; SQL [INSERT INTO BATCH_STEP_EXECUTION(STEP_EXECUTION_ID, VERSION, STEP_NAME, JOB_EXECUTION_ID, START_TIME, END_TIME, STATUS, COMMIT_COUNT, READ_COUNT, FILTER_COUNT, WRITE_COUNT, EXIT_CODE, EXIT_MESSAGE, READ_SKIP_COUNT, WRITE_SKIP_COUNT, PROCESS_SKIP_COUNT, ROLLBACK_COUNT, LAST_UPDATED, CREATE_TIME)
	VALUES (?, ?, ?, ?, ?, ?, ?, ?, ?, ?, ?, ?, ?, ?, ?, ?, ?, ?, ?)
]; ERROR: duplicate key value violates unique constraint "batch_step_execution_pkey"
  Detail: Key (step_execution_id)=(8) already exists.
	at org.springframework.jdbc.support.SQLStateSQLExceptionTranslator.doTranslate(SQLStateSQLExceptionTranslator.java:108)
	at org.springframework.jdbc.support.AbstractFallbackSQLExceptionTranslator.translate(AbstractFallbackSQLExceptionTranslator.java:73)
	at org.springframework.jdbc.support.AbstractFallbackSQLExceptionTranslator.translate(AbstractFallbackSQLExceptionTranslator.java:82)
	at org.springframework.jdbc.core.JdbcTemplate.translateException(JdbcTemplate.java:1572)
	at org.springframework.jdbc.core.JdbcTemplate.execute(JdbcTemplate.java:667)
	at org.springframework.jdbc.core.JdbcTemplate.update(JdbcTemplate.java:960)
	at org.springframework.jdbc.core.JdbcTemplate.update(JdbcTemplate.java:1015)
	at org.springframework.jdbc.core.JdbcTemplate.update(JdbcTemplate.java:1020)
	at org.springframework.batch.core.repository.dao.JdbcStepExecutionDao.saveStepExecution(JdbcStepExecutionDao.java:159)
	at org.springframework.batch.core.repository.support.SimpleJobRepository.add(SimpleJobRepository.java:209)
	at java.base/jdk.internal.reflect.NativeMethodAccessorImpl.invoke0(Native Method)
	at java.base/jdk.internal.reflect.NativeMethodAccessorImpl.invoke(Unknown Source)
	at java.base/jdk.internal.reflect.DelegatingMethodAccessorImpl.invoke(Unknown Source)
	at java.base/java.lang.reflect.Method.invoke(Unknown Source)
	at org.springframework.aop.support.AopUtils.invokeJoinpointUsingReflection(AopUtils.java:343)
	at org.springframework.aop.framework.ReflectiveMethodInvocation.invokeJoinpoint(ReflectiveMethodInvocation.java:196)
	at org.springframework.aop.framework.ReflectiveMethodInvocation.proceed(ReflectiveMethodInvocation.java:163)
	at org.springframework.transaction.interceptor.TransactionInterceptor$1.proceedWithInvocation(TransactionInterceptor.java:123)
	at org.springframework.transaction.interceptor.TransactionAspectSupport.invokeWithinTransaction(TransactionAspectSupport.java:391)
	at ', '2026-02-20 23:59:59.147124');
INSERT INTO public.batch_job_execution (job_execution_id, version, job_instance_id, create_time, start_time, end_time, status, exit_code, exit_message, last_updated) VALUES (24, 2, 39, '2026-02-21 05:59:59.082505', '2026-02-21 05:59:59.114409', '2026-02-21 05:59:59.150673', 'FAILED', 'FAILED', 'org.springframework.dao.DuplicateKeyException: PreparedStatementCallback; SQL [INSERT INTO BATCH_STEP_EXECUTION(STEP_EXECUTION_ID, VERSION, STEP_NAME, JOB_EXECUTION_ID, START_TIME, END_TIME, STATUS, COMMIT_COUNT, READ_COUNT, FILTER_COUNT, WRITE_COUNT, EXIT_CODE, EXIT_MESSAGE, READ_SKIP_COUNT, WRITE_SKIP_COUNT, PROCESS_SKIP_COUNT, ROLLBACK_COUNT, LAST_UPDATED, CREATE_TIME)
	VALUES (?, ?, ?, ?, ?, ?, ?, ?, ?, ?, ?, ?, ?, ?, ?, ?, ?, ?, ?)
]; ERROR: duplicate key value violates unique constraint "batch_step_execution_pkey"
  Detail: Key (step_execution_id)=(9) already exists.
	at org.springframework.jdbc.support.SQLStateSQLExceptionTranslator.doTranslate(SQLStateSQLExceptionTranslator.java:108)
	at org.springframework.jdbc.support.AbstractFallbackSQLExceptionTranslator.translate(AbstractFallbackSQLExceptionTranslator.java:73)
	at org.springframework.jdbc.support.AbstractFallbackSQLExceptionTranslator.translate(AbstractFallbackSQLExceptionTranslator.java:82)
	at org.springframework.jdbc.core.JdbcTemplate.translateException(JdbcTemplate.java:1572)
	at org.springframework.jdbc.core.JdbcTemplate.execute(JdbcTemplate.java:667)
	at org.springframework.jdbc.core.JdbcTemplate.update(JdbcTemplate.java:960)
	at org.springframework.jdbc.core.JdbcTemplate.update(JdbcTemplate.java:1015)
	at org.springframework.jdbc.core.JdbcTemplate.update(JdbcTemplate.java:1020)
	at org.springframework.batch.core.repository.dao.JdbcStepExecutionDao.saveStepExecution(JdbcStepExecutionDao.java:159)
	at org.springframework.batch.core.repository.support.SimpleJobRepository.add(SimpleJobRepository.java:209)
	at java.base/jdk.internal.reflect.NativeMethodAccessorImpl.invoke0(Native Method)
	at java.base/jdk.internal.reflect.NativeMethodAccessorImpl.invoke(Unknown Source)
	at java.base/jdk.internal.reflect.DelegatingMethodAccessorImpl.invoke(Unknown Source)
	at java.base/java.lang.reflect.Method.invoke(Unknown Source)
	at org.springframework.aop.support.AopUtils.invokeJoinpointUsingReflection(AopUtils.java:343)
	at org.springframework.aop.framework.ReflectiveMethodInvocation.invokeJoinpoint(ReflectiveMethodInvocation.java:196)
	at org.springframework.aop.framework.ReflectiveMethodInvocation.proceed(ReflectiveMethodInvocation.java:163)
	at org.springframework.transaction.interceptor.TransactionInterceptor$1.proceedWithInvocation(TransactionInterceptor.java:123)
	at org.springframework.transaction.interceptor.TransactionAspectSupport.invokeWithinTransaction(TransactionAspectSupport.java:391)
	at ', '2026-02-21 05:59:59.152032');
INSERT INTO public.batch_job_execution (job_execution_id, version, job_instance_id, create_time, start_time, end_time, status, exit_code, exit_message, last_updated) VALUES (25, 2, 40, '2026-02-21 11:59:59.084361', '2026-02-21 11:59:59.105262', '2026-02-21 11:59:59.138135', 'FAILED', 'FAILED', 'org.springframework.dao.DuplicateKeyException: PreparedStatementCallback; SQL [INSERT INTO BATCH_STEP_EXECUTION(STEP_EXECUTION_ID, VERSION, STEP_NAME, JOB_EXECUTION_ID, START_TIME, END_TIME, STATUS, COMMIT_COUNT, READ_COUNT, FILTER_COUNT, WRITE_COUNT, EXIT_CODE, EXIT_MESSAGE, READ_SKIP_COUNT, WRITE_SKIP_COUNT, PROCESS_SKIP_COUNT, ROLLBACK_COUNT, LAST_UPDATED, CREATE_TIME)
	VALUES (?, ?, ?, ?, ?, ?, ?, ?, ?, ?, ?, ?, ?, ?, ?, ?, ?, ?, ?)
]; ERROR: duplicate key value violates unique constraint "batch_step_execution_pkey"
  Detail: Key (step_execution_id)=(10) already exists.
	at org.springframework.jdbc.support.SQLStateSQLExceptionTranslator.doTranslate(SQLStateSQLExceptionTranslator.java:108)
	at org.springframework.jdbc.support.AbstractFallbackSQLExceptionTranslator.translate(AbstractFallbackSQLExceptionTranslator.java:73)
	at org.springframework.jdbc.support.AbstractFallbackSQLExceptionTranslator.translate(AbstractFallbackSQLExceptionTranslator.java:82)
	at org.springframework.jdbc.core.JdbcTemplate.translateException(JdbcTemplate.java:1572)
	at org.springframework.jdbc.core.JdbcTemplate.execute(JdbcTemplate.java:667)
	at org.springframework.jdbc.core.JdbcTemplate.update(JdbcTemplate.java:960)
	at org.springframework.jdbc.core.JdbcTemplate.update(JdbcTemplate.java:1015)
	at org.springframework.jdbc.core.JdbcTemplate.update(JdbcTemplate.java:1020)
	at org.springframework.batch.core.repository.dao.JdbcStepExecutionDao.saveStepExecution(JdbcStepExecutionDao.java:159)
	at org.springframework.batch.core.repository.support.SimpleJobRepository.add(SimpleJobRepository.java:209)
	at java.base/jdk.internal.reflect.NativeMethodAccessorImpl.invoke0(Native Method)
	at java.base/jdk.internal.reflect.NativeMethodAccessorImpl.invoke(Unknown Source)
	at java.base/jdk.internal.reflect.DelegatingMethodAccessorImpl.invoke(Unknown Source)
	at java.base/java.lang.reflect.Method.invoke(Unknown Source)
	at org.springframework.aop.support.AopUtils.invokeJoinpointUsingReflection(AopUtils.java:343)
	at org.springframework.aop.framework.ReflectiveMethodInvocation.invokeJoinpoint(ReflectiveMethodInvocation.java:196)
	at org.springframework.aop.framework.ReflectiveMethodInvocation.proceed(ReflectiveMethodInvocation.java:163)
	at org.springframework.transaction.interceptor.TransactionInterceptor$1.proceedWithInvocation(TransactionInterceptor.java:123)
	at org.springframework.transaction.interceptor.TransactionAspectSupport.invokeWithinTransaction(TransactionAspectSupport.java:391)
	at', '2026-02-21 11:59:59.138251');
INSERT INTO public.batch_job_execution (job_execution_id, version, job_instance_id, create_time, start_time, end_time, status, exit_code, exit_message, last_updated) VALUES (26, 2, 41, '2026-02-21 17:59:59.105571', '2026-02-21 17:59:59.125822', '2026-02-21 17:59:59.159243', 'FAILED', 'FAILED', 'org.springframework.dao.DuplicateKeyException: PreparedStatementCallback; SQL [INSERT INTO BATCH_STEP_EXECUTION(STEP_EXECUTION_ID, VERSION, STEP_NAME, JOB_EXECUTION_ID, START_TIME, END_TIME, STATUS, COMMIT_COUNT, READ_COUNT, FILTER_COUNT, WRITE_COUNT, EXIT_CODE, EXIT_MESSAGE, READ_SKIP_COUNT, WRITE_SKIP_COUNT, PROCESS_SKIP_COUNT, ROLLBACK_COUNT, LAST_UPDATED, CREATE_TIME)
	VALUES (?, ?, ?, ?, ?, ?, ?, ?, ?, ?, ?, ?, ?, ?, ?, ?, ?, ?, ?)
]; ERROR: duplicate key value violates unique constraint "batch_step_execution_pkey"
  Detail: Key (step_execution_id)=(11) already exists.
	at org.springframework.jdbc.support.SQLStateSQLExceptionTranslator.doTranslate(SQLStateSQLExceptionTranslator.java:108)
	at org.springframework.jdbc.support.AbstractFallbackSQLExceptionTranslator.translate(AbstractFallbackSQLExceptionTranslator.java:73)
	at org.springframework.jdbc.support.AbstractFallbackSQLExceptionTranslator.translate(AbstractFallbackSQLExceptionTranslator.java:82)
	at org.springframework.jdbc.core.JdbcTemplate.translateException(JdbcTemplate.java:1572)
	at org.springframework.jdbc.core.JdbcTemplate.execute(JdbcTemplate.java:667)
	at org.springframework.jdbc.core.JdbcTemplate.update(JdbcTemplate.java:960)
	at org.springframework.jdbc.core.JdbcTemplate.update(JdbcTemplate.java:1015)
	at org.springframework.jdbc.core.JdbcTemplate.update(JdbcTemplate.java:1020)
	at org.springframework.batch.core.repository.dao.JdbcStepExecutionDao.saveStepExecution(JdbcStepExecutionDao.java:159)
	at org.springframework.batch.core.repository.support.SimpleJobRepository.add(SimpleJobRepository.java:209)
	at java.base/jdk.internal.reflect.NativeMethodAccessorImpl.invoke0(Native Method)
	at java.base/jdk.internal.reflect.NativeMethodAccessorImpl.invoke(Unknown Source)
	at java.base/jdk.internal.reflect.DelegatingMethodAccessorImpl.invoke(Unknown Source)
	at java.base/java.lang.reflect.Method.invoke(Unknown Source)
	at org.springframework.aop.support.AopUtils.invokeJoinpointUsingReflection(AopUtils.java:343)
	at org.springframework.aop.framework.ReflectiveMethodInvocation.invokeJoinpoint(ReflectiveMethodInvocation.java:196)
	at org.springframework.aop.framework.ReflectiveMethodInvocation.proceed(ReflectiveMethodInvocation.java:163)
	at org.springframework.transaction.interceptor.TransactionInterceptor$1.proceedWithInvocation(TransactionInterceptor.java:123)
	at org.springframework.transaction.interceptor.TransactionAspectSupport.invokeWithinTransaction(TransactionAspectSupport.java:391)
	at', '2026-02-21 17:59:59.159426');
INSERT INTO public.batch_job_execution (job_execution_id, version, job_instance_id, create_time, start_time, end_time, status, exit_code, exit_message, last_updated) VALUES (28, 2, 43, '2026-02-22 05:59:59.038177', '2026-02-22 05:59:59.06355', '2026-02-22 05:59:59.094994', 'FAILED', 'FAILED', 'org.springframework.dao.DuplicateKeyException: PreparedStatementCallback; SQL [INSERT INTO BATCH_STEP_EXECUTION(STEP_EXECUTION_ID, VERSION, STEP_NAME, JOB_EXECUTION_ID, START_TIME, END_TIME, STATUS, COMMIT_COUNT, READ_COUNT, FILTER_COUNT, WRITE_COUNT, EXIT_CODE, EXIT_MESSAGE, READ_SKIP_COUNT, WRITE_SKIP_COUNT, PROCESS_SKIP_COUNT, ROLLBACK_COUNT, LAST_UPDATED, CREATE_TIME)
	VALUES (?, ?, ?, ?, ?, ?, ?, ?, ?, ?, ?, ?, ?, ?, ?, ?, ?, ?, ?)
]; ERROR: duplicate key value violates unique constraint "batch_step_execution_pkey"
  Detail: Key (step_execution_id)=(13) already exists.
	at org.springframework.jdbc.support.SQLStateSQLExceptionTranslator.doTranslate(SQLStateSQLExceptionTranslator.java:108)
	at org.springframework.jdbc.support.AbstractFallbackSQLExceptionTranslator.translate(AbstractFallbackSQLExceptionTranslator.java:73)
	at org.springframework.jdbc.support.AbstractFallbackSQLExceptionTranslator.translate(AbstractFallbackSQLExceptionTranslator.java:82)
	at org.springframework.jdbc.core.JdbcTemplate.translateException(JdbcTemplate.java:1572)
	at org.springframework.jdbc.core.JdbcTemplate.execute(JdbcTemplate.java:667)
	at org.springframework.jdbc.core.JdbcTemplate.update(JdbcTemplate.java:960)
	at org.springframework.jdbc.core.JdbcTemplate.update(JdbcTemplate.java:1015)
	at org.springframework.jdbc.core.JdbcTemplate.update(JdbcTemplate.java:1020)
	at org.springframework.batch.core.repository.dao.JdbcStepExecutionDao.saveStepExecution(JdbcStepExecutionDao.java:159)
	at org.springframework.batch.core.repository.support.SimpleJobRepository.add(SimpleJobRepository.java:209)
	at java.base/jdk.internal.reflect.NativeMethodAccessorImpl.invoke0(Native Method)
	at java.base/jdk.internal.reflect.NativeMethodAccessorImpl.invoke(Unknown Source)
	at java.base/jdk.internal.reflect.DelegatingMethodAccessorImpl.invoke(Unknown Source)
	at java.base/java.lang.reflect.Method.invoke(Unknown Source)
	at org.springframework.aop.support.AopUtils.invokeJoinpointUsingReflection(AopUtils.java:343)
	at org.springframework.aop.framework.ReflectiveMethodInvocation.invokeJoinpoint(ReflectiveMethodInvocation.java:196)
	at org.springframework.aop.framework.ReflectiveMethodInvocation.proceed(ReflectiveMethodInvocation.java:163)
	at org.springframework.transaction.interceptor.TransactionInterceptor$1.proceedWithInvocation(TransactionInterceptor.java:123)
	at org.springframework.transaction.interceptor.TransactionAspectSupport.invokeWithinTransaction(TransactionAspectSupport.java:391)
	at', '2026-02-22 05:59:59.095157');
INSERT INTO public.batch_job_execution (job_execution_id, version, job_instance_id, create_time, start_time, end_time, status, exit_code, exit_message, last_updated) VALUES (42, 2, 60, '2026-02-26 11:59:59.514264', '2026-02-26 11:59:59.581502', '2026-02-26 12:00:00.761015', 'COMPLETED', 'COMPLETED', '', '2026-02-26 12:00:00.761742');
INSERT INTO public.batch_job_execution (job_execution_id, version, job_instance_id, create_time, start_time, end_time, status, exit_code, exit_message, last_updated) VALUES (29, 2, 44, '2026-02-22 11:59:59.055426', '2026-02-22 11:59:59.075167', '2026-02-22 11:59:59.105344', 'FAILED', 'FAILED', 'org.springframework.dao.DuplicateKeyException: PreparedStatementCallback; SQL [INSERT INTO BATCH_STEP_EXECUTION(STEP_EXECUTION_ID, VERSION, STEP_NAME, JOB_EXECUTION_ID, START_TIME, END_TIME, STATUS, COMMIT_COUNT, READ_COUNT, FILTER_COUNT, WRITE_COUNT, EXIT_CODE, EXIT_MESSAGE, READ_SKIP_COUNT, WRITE_SKIP_COUNT, PROCESS_SKIP_COUNT, ROLLBACK_COUNT, LAST_UPDATED, CREATE_TIME)
	VALUES (?, ?, ?, ?, ?, ?, ?, ?, ?, ?, ?, ?, ?, ?, ?, ?, ?, ?, ?)
]; ERROR: duplicate key value violates unique constraint "batch_step_execution_pkey"
  Detail: Key (step_execution_id)=(14) already exists.
	at org.springframework.jdbc.support.SQLStateSQLExceptionTranslator.doTranslate(SQLStateSQLExceptionTranslator.java:108)
	at org.springframework.jdbc.support.AbstractFallbackSQLExceptionTranslator.translate(AbstractFallbackSQLExceptionTranslator.java:73)
	at org.springframework.jdbc.support.AbstractFallbackSQLExceptionTranslator.translate(AbstractFallbackSQLExceptionTranslator.java:82)
	at org.springframework.jdbc.core.JdbcTemplate.translateException(JdbcTemplate.java:1572)
	at org.springframework.jdbc.core.JdbcTemplate.execute(JdbcTemplate.java:667)
	at org.springframework.jdbc.core.JdbcTemplate.update(JdbcTemplate.java:960)
	at org.springframework.jdbc.core.JdbcTemplate.update(JdbcTemplate.java:1015)
	at org.springframework.jdbc.core.JdbcTemplate.update(JdbcTemplate.java:1020)
	at org.springframework.batch.core.repository.dao.JdbcStepExecutionDao.saveStepExecution(JdbcStepExecutionDao.java:159)
	at org.springframework.batch.core.repository.support.SimpleJobRepository.add(SimpleJobRepository.java:209)
	at java.base/jdk.internal.reflect.NativeMethodAccessorImpl.invoke0(Native Method)
	at java.base/jdk.internal.reflect.NativeMethodAccessorImpl.invoke(Unknown Source)
	at java.base/jdk.internal.reflect.DelegatingMethodAccessorImpl.invoke(Unknown Source)
	at java.base/java.lang.reflect.Method.invoke(Unknown Source)
	at org.springframework.aop.support.AopUtils.invokeJoinpointUsingReflection(AopUtils.java:343)
	at org.springframework.aop.framework.ReflectiveMethodInvocation.invokeJoinpoint(ReflectiveMethodInvocation.java:196)
	at org.springframework.aop.framework.ReflectiveMethodInvocation.proceed(ReflectiveMethodInvocation.java:163)
	at org.springframework.transaction.interceptor.TransactionInterceptor$1.proceedWithInvocation(TransactionInterceptor.java:123)
	at org.springframework.transaction.interceptor.TransactionAspectSupport.invokeWithinTransaction(TransactionAspectSupport.java:391)
	at', '2026-02-22 11:59:59.10545');
INSERT INTO public.batch_job_execution (job_execution_id, version, job_instance_id, create_time, start_time, end_time, status, exit_code, exit_message, last_updated) VALUES (30, 2, 45, '2026-02-22 17:59:59.074281', '2026-02-22 17:59:59.100912', '2026-02-22 17:59:59.130634', 'FAILED', 'FAILED', 'org.springframework.dao.DuplicateKeyException: PreparedStatementCallback; SQL [INSERT INTO BATCH_STEP_EXECUTION(STEP_EXECUTION_ID, VERSION, STEP_NAME, JOB_EXECUTION_ID, START_TIME, END_TIME, STATUS, COMMIT_COUNT, READ_COUNT, FILTER_COUNT, WRITE_COUNT, EXIT_CODE, EXIT_MESSAGE, READ_SKIP_COUNT, WRITE_SKIP_COUNT, PROCESS_SKIP_COUNT, ROLLBACK_COUNT, LAST_UPDATED, CREATE_TIME)
	VALUES (?, ?, ?, ?, ?, ?, ?, ?, ?, ?, ?, ?, ?, ?, ?, ?, ?, ?, ?)
]; ERROR: duplicate key value violates unique constraint "batch_step_execution_pkey"
  Detail: Key (step_execution_id)=(15) already exists.
	at org.springframework.jdbc.support.SQLStateSQLExceptionTranslator.doTranslate(SQLStateSQLExceptionTranslator.java:108)
	at org.springframework.jdbc.support.AbstractFallbackSQLExceptionTranslator.translate(AbstractFallbackSQLExceptionTranslator.java:73)
	at org.springframework.jdbc.support.AbstractFallbackSQLExceptionTranslator.translate(AbstractFallbackSQLExceptionTranslator.java:82)
	at org.springframework.jdbc.core.JdbcTemplate.translateException(JdbcTemplate.java:1572)
	at org.springframework.jdbc.core.JdbcTemplate.execute(JdbcTemplate.java:667)
	at org.springframework.jdbc.core.JdbcTemplate.update(JdbcTemplate.java:960)
	at org.springframework.jdbc.core.JdbcTemplate.update(JdbcTemplate.java:1015)
	at org.springframework.jdbc.core.JdbcTemplate.update(JdbcTemplate.java:1020)
	at org.springframework.batch.core.repository.dao.JdbcStepExecutionDao.saveStepExecution(JdbcStepExecutionDao.java:159)
	at org.springframework.batch.core.repository.support.SimpleJobRepository.add(SimpleJobRepository.java:209)
	at java.base/jdk.internal.reflect.NativeMethodAccessorImpl.invoke0(Native Method)
	at java.base/jdk.internal.reflect.NativeMethodAccessorImpl.invoke(Unknown Source)
	at java.base/jdk.internal.reflect.DelegatingMethodAccessorImpl.invoke(Unknown Source)
	at java.base/java.lang.reflect.Method.invoke(Unknown Source)
	at org.springframework.aop.support.AopUtils.invokeJoinpointUsingReflection(AopUtils.java:343)
	at org.springframework.aop.framework.ReflectiveMethodInvocation.invokeJoinpoint(ReflectiveMethodInvocation.java:196)
	at org.springframework.aop.framework.ReflectiveMethodInvocation.proceed(ReflectiveMethodInvocation.java:163)
	at org.springframework.transaction.interceptor.TransactionInterceptor$1.proceedWithInvocation(TransactionInterceptor.java:123)
	at org.springframework.transaction.interceptor.TransactionAspectSupport.invokeWithinTransaction(TransactionAspectSupport.java:391)
	at', '2026-02-22 17:59:59.130726');
INSERT INTO public.batch_job_execution (job_execution_id, version, job_instance_id, create_time, start_time, end_time, status, exit_code, exit_message, last_updated) VALUES (31, 2, 46, '2026-02-22 23:59:59.069921', '2026-02-22 23:59:59.095866', '2026-02-23 00:00:00.27549', 'COMPLETED', 'COMPLETED', '', '2026-02-23 00:00:00.275765');
INSERT INTO public.batch_job_execution (job_execution_id, version, job_instance_id, create_time, start_time, end_time, status, exit_code, exit_message, last_updated) VALUES (43, 2, 61, '2026-02-26 17:59:59.339885', '2026-02-26 17:59:59.416027', '2026-02-26 17:59:59.937068', 'COMPLETED', 'COMPLETED', '', '2026-02-26 17:59:59.93737');
INSERT INTO public.batch_job_execution (job_execution_id, version, job_instance_id, create_time, start_time, end_time, status, exit_code, exit_message, last_updated) VALUES (32, 2, 47, '2026-02-23 05:59:59.211867', '2026-02-23 05:59:59.247234', '2026-02-23 05:59:59.785025', 'COMPLETED', 'COMPLETED', '', '2026-02-23 05:59:59.785255');
INSERT INTO public.batch_job_execution (job_execution_id, version, job_instance_id, create_time, start_time, end_time, status, exit_code, exit_message, last_updated) VALUES (33, 2, 48, '2026-02-23 11:59:59.076682', '2026-02-23 11:59:59.113649', '2026-02-23 11:59:59.626674', 'COMPLETED', 'COMPLETED', '', '2026-02-23 11:59:59.626855');
INSERT INTO public.batch_job_execution (job_execution_id, version, job_instance_id, create_time, start_time, end_time, status, exit_code, exit_message, last_updated) VALUES (34, 2, 49, '2026-02-23 17:59:59.214442', '2026-02-23 17:59:59.251868', '2026-02-23 17:59:59.72998', 'COMPLETED', 'COMPLETED', '', '2026-02-23 17:59:59.73008');
INSERT INTO public.batch_job_execution (job_execution_id, version, job_instance_id, create_time, start_time, end_time, status, exit_code, exit_message, last_updated) VALUES (44, 2, 62, '2026-02-26 23:59:59.035806', '2026-02-26 23:59:59.067756', '2026-02-26 23:59:59.55216', 'COMPLETED', 'COMPLETED', '', '2026-02-26 23:59:59.558202');
INSERT INTO public.batch_job_execution (job_execution_id, version, job_instance_id, create_time, start_time, end_time, status, exit_code, exit_message, last_updated) VALUES (35, 2, 53, '2026-02-24 17:59:59.199041', '2026-02-24 17:59:59.269538', '2026-02-24 17:59:59.830841', 'COMPLETED', 'COMPLETED', '', '2026-02-24 17:59:59.831035');
INSERT INTO public.batch_job_execution (job_execution_id, version, job_instance_id, create_time, start_time, end_time, status, exit_code, exit_message, last_updated) VALUES (36, 2, 54, '2026-02-24 23:59:59.108608', '2026-02-24 23:59:59.14501', '2026-02-24 23:59:59.622499', 'COMPLETED', 'COMPLETED', '', '2026-02-24 23:59:59.622619');
INSERT INTO public.batch_job_execution (job_execution_id, version, job_instance_id, create_time, start_time, end_time, status, exit_code, exit_message, last_updated) VALUES (37, 2, 55, '2026-02-25 06:00:00.872572', '2026-02-25 06:00:00.965837', '2026-02-25 06:00:02.101308', 'COMPLETED', 'COMPLETED', '', '2026-02-25 06:00:02.101575');
INSERT INTO public.batch_job_execution (job_execution_id, version, job_instance_id, create_time, start_time, end_time, status, exit_code, exit_message, last_updated) VALUES (45, 2, 63, '2026-02-27 05:59:59.150917', '2026-02-27 05:59:59.187269', '2026-02-27 05:59:59.645862', 'COMPLETED', 'COMPLETED', '', '2026-02-27 05:59:59.646127');
INSERT INTO public.batch_job_execution (job_execution_id, version, job_instance_id, create_time, start_time, end_time, status, exit_code, exit_message, last_updated) VALUES (38, 2, 56, '2026-02-25 11:59:59.237608', '2026-02-25 11:59:59.270459', '2026-02-25 11:59:59.82366', 'COMPLETED', 'COMPLETED', '', '2026-02-25 11:59:59.823865');
INSERT INTO public.batch_job_execution (job_execution_id, version, job_instance_id, create_time, start_time, end_time, status, exit_code, exit_message, last_updated) VALUES (39, 2, 57, '2026-02-25 17:59:59.300356', '2026-02-25 17:59:59.379673', '2026-02-25 18:00:00.415255', 'COMPLETED', 'COMPLETED', '', '2026-02-25 18:00:00.415522');
INSERT INTO public.batch_job_execution (job_execution_id, version, job_instance_id, create_time, start_time, end_time, status, exit_code, exit_message, last_updated) VALUES (40, 2, 58, '2026-02-25 23:59:59.12228', '2026-02-25 23:59:59.147281', '2026-02-25 23:59:59.552057', 'COMPLETED', 'COMPLETED', '', '2026-02-25 23:59:59.552244');
INSERT INTO public.batch_job_execution (job_execution_id, version, job_instance_id, create_time, start_time, end_time, status, exit_code, exit_message, last_updated) VALUES (46, 2, 64, '2026-02-27 11:59:59.216972', '2026-02-27 11:59:59.27931', '2026-02-27 11:59:59.873123', 'COMPLETED', 'COMPLETED', '', '2026-02-27 11:59:59.873464');
INSERT INTO public.batch_job_execution (job_execution_id, version, job_instance_id, create_time, start_time, end_time, status, exit_code, exit_message, last_updated) VALUES (41, 2, 59, '2026-02-26 05:59:59.187995', '2026-02-26 05:59:59.222154', '2026-02-26 05:59:59.64939', 'COMPLETED', 'COMPLETED', '', '2026-02-26 05:59:59.649579');
INSERT INTO public.batch_job_execution (job_execution_id, version, job_instance_id, create_time, start_time, end_time, status, exit_code, exit_message, last_updated) VALUES (47, 2, 65, '2026-02-27 17:59:59.128657', '2026-02-27 17:59:59.166264', '2026-02-27 17:59:59.637977', 'COMPLETED', 'COMPLETED', '', '2026-02-27 17:59:59.63822');
INSERT INTO public.batch_job_execution (job_execution_id, version, job_instance_id, create_time, start_time, end_time, status, exit_code, exit_message, last_updated) VALUES (48, 2, 66, '2026-02-27 23:59:59.116', '2026-02-27 23:59:59.139713', '2026-02-27 23:59:59.474153', 'COMPLETED', 'COMPLETED', '', '2026-02-27 23:59:59.474283');


--
-- Data for Name: batch_job_execution_context; Type: TABLE DATA; Schema: public; Owner: event_site_admin
--

INSERT INTO public.batch_job_execution_context (job_execution_id, short_context, serialized_context) VALUES (1, 'rO0ABXNyABFqYXZhLnV0aWwuSGFzaE1hcAUH2sHDFmDRAwACRgAKbG9hZEZhY3RvckkACXRocmVzaG9sZHhwP0AAAAAAAAx3CAAAABAAAAABdAANYmF0Y2gudmVyc2lvbnQABTUuMC4yeA==', NULL);
INSERT INTO public.batch_job_execution_context (job_execution_id, short_context, serialized_context) VALUES (2, 'rO0ABXNyABFqYXZhLnV0aWwuSGFzaE1hcAUH2sHDFmDRAwACRgAKbG9hZEZhY3RvckkACXRocmVzaG9sZHhwP0AAAAAAAAx3CAAAABAAAAABdAANYmF0Y2gudmVyc2lvbnQABTUuMC4yeA==', NULL);
INSERT INTO public.batch_job_execution_context (job_execution_id, short_context, serialized_context) VALUES (3, 'rO0ABXNyABFqYXZhLnV0aWwuSGFzaE1hcAUH2sHDFmDRAwACRgAKbG9hZEZhY3RvckkACXRocmVzaG9sZHhwP0AAAAAAAAB3CAAAABAAAAAAeA==', NULL);
INSERT INTO public.batch_job_execution_context (job_execution_id, short_context, serialized_context) VALUES (4, 'rO0ABXNyABFqYXZhLnV0aWwuSGFzaE1hcAUH2sHDFmDRAwACRgAKbG9hZEZhY3RvckkACXRocmVzaG9sZHhwP0AAAAAAAAx3CAAAABAAAAABdAANYmF0Y2gudmVyc2lvbnQABTUuMC4yeA==', NULL);
INSERT INTO public.batch_job_execution_context (job_execution_id, short_context, serialized_context) VALUES (5, 'rO0ABXNyABFqYXZhLnV0aWwuSGFzaE1hcAUH2sHDFmDRAwACRgAKbG9hZEZhY3RvckkACXRocmVzaG9sZHhwP0AAAAAAAAx3CAAAABAAAAABdAANYmF0Y2gudmVyc2lvbnQABTUuMC4yeA==', NULL);
INSERT INTO public.batch_job_execution_context (job_execution_id, short_context, serialized_context) VALUES (6, 'rO0ABXNyABFqYXZhLnV0aWwuSGFzaE1hcAUH2sHDFmDRAwACRgAKbG9hZEZhY3RvckkACXRocmVzaG9sZHhwP0AAAAAAAAx3CAAAABAAAAABdAANYmF0Y2gudmVyc2lvbnQABTUuMC4yeA==', NULL);
INSERT INTO public.batch_job_execution_context (job_execution_id, short_context, serialized_context) VALUES (7, 'rO0ABXNyABFqYXZhLnV0aWwuSGFzaE1hcAUH2sHDFmDRAwACRgAKbG9hZEZhY3RvckkACXRocmVzaG9sZHhwP0AAAAAAAAx3CAAAABAAAAABdAANYmF0Y2gudmVyc2lvbnQABTUuMC4yeA==', NULL);
INSERT INTO public.batch_job_execution_context (job_execution_id, short_context, serialized_context) VALUES (8, 'rO0ABXNyABFqYXZhLnV0aWwuSGFzaE1hcAUH2sHDFmDRAwACRgAKbG9hZEZhY3RvckkACXRocmVzaG9sZHhwP0AAAAAAAAx3CAAAABAAAAABdAANYmF0Y2gudmVyc2lvbnQABTUuMC4yeA==', NULL);
INSERT INTO public.batch_job_execution_context (job_execution_id, short_context, serialized_context) VALUES (9, 'rO0ABXNyABFqYXZhLnV0aWwuSGFzaE1hcAUH2sHDFmDRAwACRgAKbG9hZEZhY3RvckkACXRocmVzaG9sZHhwP0AAAAAAAAx3CAAAABAAAAABdAANYmF0Y2gudmVyc2lvbnQABTUuMC4yeA==', NULL);
INSERT INTO public.batch_job_execution_context (job_execution_id, short_context, serialized_context) VALUES (10, 'rO0ABXNyABFqYXZhLnV0aWwuSGFzaE1hcAUH2sHDFmDRAwACRgAKbG9hZEZhY3RvckkACXRocmVzaG9sZHhwP0AAAAAAAAx3CAAAABAAAAABdAANYmF0Y2gudmVyc2lvbnQABTUuMC4yeA==', NULL);
INSERT INTO public.batch_job_execution_context (job_execution_id, short_context, serialized_context) VALUES (11, 'rO0ABXNyABFqYXZhLnV0aWwuSGFzaE1hcAUH2sHDFmDRAwACRgAKbG9hZEZhY3RvckkACXRocmVzaG9sZHhwP0AAAAAAAAx3CAAAABAAAAABdAANYmF0Y2gudmVyc2lvbnQABTUuMC4yeA==', NULL);
INSERT INTO public.batch_job_execution_context (job_execution_id, short_context, serialized_context) VALUES (12, 'rO0ABXNyABFqYXZhLnV0aWwuSGFzaE1hcAUH2sHDFmDRAwACRgAKbG9hZEZhY3RvckkACXRocmVzaG9sZHhwP0AAAAAAAAx3CAAAABAAAAABdAANYmF0Y2gudmVyc2lvbnQABTUuMC4yeA==', NULL);
INSERT INTO public.batch_job_execution_context (job_execution_id, short_context, serialized_context) VALUES (13, 'rO0ABXNyABFqYXZhLnV0aWwuSGFzaE1hcAUH2sHDFmDRAwACRgAKbG9hZEZhY3RvckkACXRocmVzaG9sZHhwP0AAAAAAAAx3CAAAABAAAAABdAANYmF0Y2gudmVyc2lvbnQABTUuMC4yeA==', NULL);
INSERT INTO public.batch_job_execution_context (job_execution_id, short_context, serialized_context) VALUES (14, 'rO0ABXNyABFqYXZhLnV0aWwuSGFzaE1hcAUH2sHDFmDRAwACRgAKbG9hZEZhY3RvckkACXRocmVzaG9sZHhwP0AAAAAAAAx3CAAAABAAAAABdAANYmF0Y2gudmVyc2lvbnQABTUuMC4yeA==', NULL);
INSERT INTO public.batch_job_execution_context (job_execution_id, short_context, serialized_context) VALUES (15, 'rO0ABXNyABFqYXZhLnV0aWwuSGFzaE1hcAUH2sHDFmDRAwACRgAKbG9hZEZhY3RvckkACXRocmVzaG9sZHhwP0AAAAAAAAx3CAAAABAAAAABdAANYmF0Y2gudmVyc2lvbnQABTUuMC4yeA==', NULL);
INSERT INTO public.batch_job_execution_context (job_execution_id, short_context, serialized_context) VALUES (16, 'rO0ABXNyABFqYXZhLnV0aWwuSGFzaE1hcAUH2sHDFmDRAwACRgAKbG9hZEZhY3RvckkACXRocmVzaG9sZHhwP0AAAAAAAAx3CAAAABAAAAABdAANYmF0Y2gudmVyc2lvbnQABTUuMC4yeA==', NULL);
INSERT INTO public.batch_job_execution_context (job_execution_id, short_context, serialized_context) VALUES (49, 'rO0ABXNyABFqYXZhLnV0aWwuSGFzaE1hcAUH2sHDFmDRAwACRgAKbG9hZEZhY3RvckkACXRocmVzaG9sZHhwP0AAAAAAAAx3CAAAABAAAAABdAANYmF0Y2gudmVyc2lvbnQABTUuMC4yeA==', NULL);
INSERT INTO public.batch_job_execution_context (job_execution_id, short_context, serialized_context) VALUES (50, 'rO0ABXNyABFqYXZhLnV0aWwuSGFzaE1hcAUH2sHDFmDRAwACRgAKbG9hZEZhY3RvckkACXRocmVzaG9sZHhwP0AAAAAAAAx3CAAAABAAAAABdAANYmF0Y2gudmVyc2lvbnQABTUuMC4yeA==', NULL);
INSERT INTO public.batch_job_execution_context (job_execution_id, short_context, serialized_context) VALUES (51, 'rO0ABXNyABFqYXZhLnV0aWwuSGFzaE1hcAUH2sHDFmDRAwACRgAKbG9hZEZhY3RvckkACXRocmVzaG9sZHhwP0AAAAAAAAx3CAAAABAAAAABdAANYmF0Y2gudmVyc2lvbnQABTUuMC4yeA==', NULL);
INSERT INTO public.batch_job_execution_context (job_execution_id, short_context, serialized_context) VALUES (17, 'rO0ABXNyABFqYXZhLnV0aWwuSGFzaE1hcAUH2sHDFmDRAwACRgAKbG9hZEZhY3RvckkACXRocmVzaG9sZHhwP0AAAAAAAAB3CAAAABAAAAAAeA==', NULL);
INSERT INTO public.batch_job_execution_context (job_execution_id, short_context, serialized_context) VALUES (18, 'rO0ABXNyABFqYXZhLnV0aWwuSGFzaE1hcAUH2sHDFmDRAwACRgAKbG9hZEZhY3RvckkACXRocmVzaG9sZHhwP0AAAAAAAAB3CAAAABAAAAAAeA==', NULL);
INSERT INTO public.batch_job_execution_context (job_execution_id, short_context, serialized_context) VALUES (19, 'rO0ABXNyABFqYXZhLnV0aWwuSGFzaE1hcAUH2sHDFmDRAwACRgAKbG9hZEZhY3RvckkACXRocmVzaG9sZHhwP0AAAAAAAAB3CAAAABAAAAAAeA==', NULL);
INSERT INTO public.batch_job_execution_context (job_execution_id, short_context, serialized_context) VALUES (20, 'rO0ABXNyABFqYXZhLnV0aWwuSGFzaE1hcAUH2sHDFmDRAwACRgAKbG9hZEZhY3RvckkACXRocmVzaG9sZHhwP0AAAAAAAAB3CAAAABAAAAAAeA==', NULL);
INSERT INTO public.batch_job_execution_context (job_execution_id, short_context, serialized_context) VALUES (21, 'rO0ABXNyABFqYXZhLnV0aWwuSGFzaE1hcAUH2sHDFmDRAwACRgAKbG9hZEZhY3RvckkACXRocmVzaG9sZHhwP0AAAAAAAAB3CAAAABAAAAAAeA==', NULL);
INSERT INTO public.batch_job_execution_context (job_execution_id, short_context, serialized_context) VALUES (22, 'rO0ABXNyABFqYXZhLnV0aWwuSGFzaE1hcAUH2sHDFmDRAwACRgAKbG9hZEZhY3RvckkACXRocmVzaG9sZHhwP0AAAAAAAAB3CAAAABAAAAAAeA==', NULL);
INSERT INTO public.batch_job_execution_context (job_execution_id, short_context, serialized_context) VALUES (23, 'rO0ABXNyABFqYXZhLnV0aWwuSGFzaE1hcAUH2sHDFmDRAwACRgAKbG9hZEZhY3RvckkACXRocmVzaG9sZHhwP0AAAAAAAAB3CAAAABAAAAAAeA==', NULL);
INSERT INTO public.batch_job_execution_context (job_execution_id, short_context, serialized_context) VALUES (24, 'rO0ABXNyABFqYXZhLnV0aWwuSGFzaE1hcAUH2sHDFmDRAwACRgAKbG9hZEZhY3RvckkACXRocmVzaG9sZHhwP0AAAAAAAAB3CAAAABAAAAAAeA==', NULL);
INSERT INTO public.batch_job_execution_context (job_execution_id, short_context, serialized_context) VALUES (25, 'rO0ABXNyABFqYXZhLnV0aWwuSGFzaE1hcAUH2sHDFmDRAwACRgAKbG9hZEZhY3RvckkACXRocmVzaG9sZHhwP0AAAAAAAAB3CAAAABAAAAAAeA==', NULL);
INSERT INTO public.batch_job_execution_context (job_execution_id, short_context, serialized_context) VALUES (26, 'rO0ABXNyABFqYXZhLnV0aWwuSGFzaE1hcAUH2sHDFmDRAwACRgAKbG9hZEZhY3RvckkACXRocmVzaG9sZHhwP0AAAAAAAAB3CAAAABAAAAAAeA==', NULL);
INSERT INTO public.batch_job_execution_context (job_execution_id, short_context, serialized_context) VALUES (27, 'rO0ABXNyABFqYXZhLnV0aWwuSGFzaE1hcAUH2sHDFmDRAwACRgAKbG9hZEZhY3RvckkACXRocmVzaG9sZHhwP0AAAAAAAAB3CAAAABAAAAAAeA==', NULL);
INSERT INTO public.batch_job_execution_context (job_execution_id, short_context, serialized_context) VALUES (28, 'rO0ABXNyABFqYXZhLnV0aWwuSGFzaE1hcAUH2sHDFmDRAwACRgAKbG9hZEZhY3RvckkACXRocmVzaG9sZHhwP0AAAAAAAAB3CAAAABAAAAAAeA==', NULL);
INSERT INTO public.batch_job_execution_context (job_execution_id, short_context, serialized_context) VALUES (29, 'rO0ABXNyABFqYXZhLnV0aWwuSGFzaE1hcAUH2sHDFmDRAwACRgAKbG9hZEZhY3RvckkACXRocmVzaG9sZHhwP0AAAAAAAAB3CAAAABAAAAAAeA==', NULL);
INSERT INTO public.batch_job_execution_context (job_execution_id, short_context, serialized_context) VALUES (30, 'rO0ABXNyABFqYXZhLnV0aWwuSGFzaE1hcAUH2sHDFmDRAwACRgAKbG9hZEZhY3RvckkACXRocmVzaG9sZHhwP0AAAAAAAAB3CAAAABAAAAAAeA==', NULL);
INSERT INTO public.batch_job_execution_context (job_execution_id, short_context, serialized_context) VALUES (31, 'rO0ABXNyABFqYXZhLnV0aWwuSGFzaE1hcAUH2sHDFmDRAwACRgAKbG9hZEZhY3RvckkACXRocmVzaG9sZHhwP0AAAAAAAAx3CAAAABAAAAABdAANYmF0Y2gudmVyc2lvbnQABTUuMC4yeA==', NULL);
INSERT INTO public.batch_job_execution_context (job_execution_id, short_context, serialized_context) VALUES (32, 'rO0ABXNyABFqYXZhLnV0aWwuSGFzaE1hcAUH2sHDFmDRAwACRgAKbG9hZEZhY3RvckkACXRocmVzaG9sZHhwP0AAAAAAAAx3CAAAABAAAAABdAANYmF0Y2gudmVyc2lvbnQABTUuMC4yeA==', NULL);
INSERT INTO public.batch_job_execution_context (job_execution_id, short_context, serialized_context) VALUES (33, 'rO0ABXNyABFqYXZhLnV0aWwuSGFzaE1hcAUH2sHDFmDRAwACRgAKbG9hZEZhY3RvckkACXRocmVzaG9sZHhwP0AAAAAAAAx3CAAAABAAAAABdAANYmF0Y2gudmVyc2lvbnQABTUuMC4yeA==', NULL);
INSERT INTO public.batch_job_execution_context (job_execution_id, short_context, serialized_context) VALUES (34, 'rO0ABXNyABFqYXZhLnV0aWwuSGFzaE1hcAUH2sHDFmDRAwACRgAKbG9hZEZhY3RvckkACXRocmVzaG9sZHhwP0AAAAAAAAx3CAAAABAAAAABdAANYmF0Y2gudmVyc2lvbnQABTUuMC4yeA==', NULL);
INSERT INTO public.batch_job_execution_context (job_execution_id, short_context, serialized_context) VALUES (35, 'rO0ABXNyABFqYXZhLnV0aWwuSGFzaE1hcAUH2sHDFmDRAwACRgAKbG9hZEZhY3RvckkACXRocmVzaG9sZHhwP0AAAAAAAAx3CAAAABAAAAABdAANYmF0Y2gudmVyc2lvbnQABTUuMC4yeA==', NULL);
INSERT INTO public.batch_job_execution_context (job_execution_id, short_context, serialized_context) VALUES (36, 'rO0ABXNyABFqYXZhLnV0aWwuSGFzaE1hcAUH2sHDFmDRAwACRgAKbG9hZEZhY3RvckkACXRocmVzaG9sZHhwP0AAAAAAAAx3CAAAABAAAAABdAANYmF0Y2gudmVyc2lvbnQABTUuMC4yeA==', NULL);
INSERT INTO public.batch_job_execution_context (job_execution_id, short_context, serialized_context) VALUES (37, 'rO0ABXNyABFqYXZhLnV0aWwuSGFzaE1hcAUH2sHDFmDRAwACRgAKbG9hZEZhY3RvckkACXRocmVzaG9sZHhwP0AAAAAAAAx3CAAAABAAAAABdAANYmF0Y2gudmVyc2lvbnQABTUuMC4yeA==', NULL);
INSERT INTO public.batch_job_execution_context (job_execution_id, short_context, serialized_context) VALUES (38, 'rO0ABXNyABFqYXZhLnV0aWwuSGFzaE1hcAUH2sHDFmDRAwACRgAKbG9hZEZhY3RvckkACXRocmVzaG9sZHhwP0AAAAAAAAx3CAAAABAAAAABdAANYmF0Y2gudmVyc2lvbnQABTUuMC4yeA==', NULL);
INSERT INTO public.batch_job_execution_context (job_execution_id, short_context, serialized_context) VALUES (39, 'rO0ABXNyABFqYXZhLnV0aWwuSGFzaE1hcAUH2sHDFmDRAwACRgAKbG9hZEZhY3RvckkACXRocmVzaG9sZHhwP0AAAAAAAAx3CAAAABAAAAABdAANYmF0Y2gudmVyc2lvbnQABTUuMC4yeA==', NULL);
INSERT INTO public.batch_job_execution_context (job_execution_id, short_context, serialized_context) VALUES (40, 'rO0ABXNyABFqYXZhLnV0aWwuSGFzaE1hcAUH2sHDFmDRAwACRgAKbG9hZEZhY3RvckkACXRocmVzaG9sZHhwP0AAAAAAAAx3CAAAABAAAAABdAANYmF0Y2gudmVyc2lvbnQABTUuMC4yeA==', NULL);
INSERT INTO public.batch_job_execution_context (job_execution_id, short_context, serialized_context) VALUES (41, 'rO0ABXNyABFqYXZhLnV0aWwuSGFzaE1hcAUH2sHDFmDRAwACRgAKbG9hZEZhY3RvckkACXRocmVzaG9sZHhwP0AAAAAAAAx3CAAAABAAAAABdAANYmF0Y2gudmVyc2lvbnQABTUuMC4yeA==', NULL);
INSERT INTO public.batch_job_execution_context (job_execution_id, short_context, serialized_context) VALUES (42, 'rO0ABXNyABFqYXZhLnV0aWwuSGFzaE1hcAUH2sHDFmDRAwACRgAKbG9hZEZhY3RvckkACXRocmVzaG9sZHhwP0AAAAAAAAx3CAAAABAAAAABdAANYmF0Y2gudmVyc2lvbnQABTUuMC4yeA==', NULL);
INSERT INTO public.batch_job_execution_context (job_execution_id, short_context, serialized_context) VALUES (43, 'rO0ABXNyABFqYXZhLnV0aWwuSGFzaE1hcAUH2sHDFmDRAwACRgAKbG9hZEZhY3RvckkACXRocmVzaG9sZHhwP0AAAAAAAAx3CAAAABAAAAABdAANYmF0Y2gudmVyc2lvbnQABTUuMC4yeA==', NULL);
INSERT INTO public.batch_job_execution_context (job_execution_id, short_context, serialized_context) VALUES (44, 'rO0ABXNyABFqYXZhLnV0aWwuSGFzaE1hcAUH2sHDFmDRAwACRgAKbG9hZEZhY3RvckkACXRocmVzaG9sZHhwP0AAAAAAAAx3CAAAABAAAAABdAANYmF0Y2gudmVyc2lvbnQABTUuMC4yeA==', NULL);
INSERT INTO public.batch_job_execution_context (job_execution_id, short_context, serialized_context) VALUES (45, 'rO0ABXNyABFqYXZhLnV0aWwuSGFzaE1hcAUH2sHDFmDRAwACRgAKbG9hZEZhY3RvckkACXRocmVzaG9sZHhwP0AAAAAAAAx3CAAAABAAAAABdAANYmF0Y2gudmVyc2lvbnQABTUuMC4yeA==', NULL);
INSERT INTO public.batch_job_execution_context (job_execution_id, short_context, serialized_context) VALUES (46, 'rO0ABXNyABFqYXZhLnV0aWwuSGFzaE1hcAUH2sHDFmDRAwACRgAKbG9hZEZhY3RvckkACXRocmVzaG9sZHhwP0AAAAAAAAx3CAAAABAAAAABdAANYmF0Y2gudmVyc2lvbnQABTUuMC4yeA==', NULL);
INSERT INTO public.batch_job_execution_context (job_execution_id, short_context, serialized_context) VALUES (47, 'rO0ABXNyABFqYXZhLnV0aWwuSGFzaE1hcAUH2sHDFmDRAwACRgAKbG9hZEZhY3RvckkACXRocmVzaG9sZHhwP0AAAAAAAAx3CAAAABAAAAABdAANYmF0Y2gudmVyc2lvbnQABTUuMC4yeA==', NULL);
INSERT INTO public.batch_job_execution_context (job_execution_id, short_context, serialized_context) VALUES (48, 'rO0ABXNyABFqYXZhLnV0aWwuSGFzaE1hcAUH2sHDFmDRAwACRgAKbG9hZEZhY3RvckkACXRocmVzaG9sZHhwP0AAAAAAAAx3CAAAABAAAAABdAANYmF0Y2gudmVyc2lvbnQABTUuMC4yeA==', NULL);


--
-- Data for Name: batch_job_execution_log; Type: TABLE DATA; Schema: public; Owner: event_site_admin
--

INSERT INTO public.batch_job_execution_log (id, job_name, job_type, status, tenant_id, started_at, completed_at, duration_ms, processed_count, success_count, failed_count, error_message, triggered_by, parameters_json) VALUES (4001, 'contactFormEmailJob', 'CONTACT_FORM_EMAIL', 'FAILED', 'tenant_demo_002', '2026-01-14 03:42:29.112828', '2026-01-14 03:42:29.362447', 249, 0, 0, 1, 'No enum constant com.eventmanager.batch.domain.enumeration.TenantEmailType.INFO', 'API', '{"tenantId":"tenant_demo_002","fromEmail":"dhanya@keleno.com","toEmail":"info@mosc.in"}');
INSERT INTO public.batch_job_execution_log (id, job_name, job_type, status, tenant_id, started_at, completed_at, duration_ms, processed_count, success_count, failed_count, error_message, triggered_by, parameters_json) VALUES (4002, 'contactFormEmailJob', 'CONTACT_FORM_EMAIL', 'FAILED', 'tenant_demo_002', '2026-01-14 03:43:25.239245', '2026-01-14 03:43:25.264826', 25, 0, 0, 1, 'No enum constant com.eventmanager.batch.domain.enumeration.TenantEmailType.INFO', 'API', '{"tenantId":"tenant_demo_002","fromEmail":"giventauser@gmail.com","toEmail":"info@mosc.in"}');
INSERT INTO public.batch_job_execution_log (id, job_name, job_type, status, tenant_id, started_at, completed_at, duration_ms, processed_count, success_count, failed_count, error_message, triggered_by, parameters_json) VALUES (4003, 'contactFormEmailJob', 'CONTACT_FORM_EMAIL', 'FAILED', 'tenant_demo_002', '2026-01-14 15:29:47.544969', '2026-01-14 15:29:47.67151', 126, 0, 0, 1, 'No enum constant com.eventmanager.batch.domain.enumeration.TenantEmailType.INFO', 'API', '{"tenantId":"tenant_demo_002","fromEmail":"giventauser@gmail.com","toEmail":"info@mosc.in"}');
INSERT INTO public.batch_job_execution_log (id, job_name, job_type, status, tenant_id, started_at, completed_at, duration_ms, processed_count, success_count, failed_count, error_message, triggered_by, parameters_json) VALUES (4401, 'contactFormEmailJob', 'CONTACT_FORM_EMAIL', 'COMPLETED', 'tenant_demo_002', '2026-01-14 16:37:57.098722', '2026-01-14 16:37:58.426254', 1327, 1, 1, 0, NULL, 'API', '{"tenantId":"tenant_demo_002","fromEmail":"giventauser@gmail.com","toEmail":"info@mosc.in"}');
INSERT INTO public.batch_job_execution_log (id, job_name, job_type, status, tenant_id, started_at, completed_at, duration_ms, processed_count, success_count, failed_count, error_message, triggered_by, parameters_json) VALUES (2, 'manualPaymentSummaryJob', 'MANUAL_PAYMENT_SUMMARY', 'COMPLETED', 'tenant_demo_002', '2026-01-19 04:52:12.008914', '2026-01-19 04:52:12.183101', 174, 0, 0, 0, NULL, 'API', '{"tenantId":"tenant_demo_002","eventId":4201,"snapshotDate":"2026-01-19"}');
INSERT INTO public.batch_job_execution_log (id, job_name, job_type, status, tenant_id, started_at, completed_at, duration_ms, processed_count, success_count, failed_count, error_message, triggered_by, parameters_json) VALUES (3, 'manualPaymentConfirmationEmailJob', 'MANUAL_PAYMENT_CONFIRMATION_EMAIL', 'COMPLETED', 'tenant_demo_002', '2026-01-19 06:17:12.965247', '2026-01-19 06:17:18.317466', 5352, 1, 1, 0, NULL, 'API', '{"paymentRequestId":7451,"eventId":4201,"tenantId":"tenant_demo_002","recipientEmail":"giventauser@gmail.com"}');
INSERT INTO public.batch_job_execution_log (id, job_name, job_type, status, tenant_id, started_at, completed_at, duration_ms, processed_count, success_count, failed_count, error_message, triggered_by, parameters_json) VALUES (4, 'manualPaymentConfirmationEmailJob', 'MANUAL_PAYMENT_CONFIRMATION_EMAIL', 'COMPLETED', 'tenant_demo_002', '2026-01-19 06:29:37.573363', '2026-01-19 06:29:38.362996', 789, 1, 1, 0, NULL, 'API', '{"paymentRequestId":7452,"eventId":4201,"tenantId":"tenant_demo_002","recipientEmail":"giventauser@gmail.com"}');
INSERT INTO public.batch_job_execution_log (id, job_name, job_type, status, tenant_id, started_at, completed_at, duration_ms, processed_count, success_count, failed_count, error_message, triggered_by, parameters_json) VALUES (5, 'manualPaymentSummaryJob', 'MANUAL_PAYMENT_SUMMARY', 'COMPLETED', 'tenant_demo_002', '2026-01-19 06:35:28.633011', '2026-01-19 06:35:28.683335', 50, 2, 2, 0, NULL, 'API', '{"tenantId":"tenant_demo_002","eventId":4201,"snapshotDate":"2026-01-19"}');
INSERT INTO public.batch_job_execution_log (id, job_name, job_type, status, tenant_id, started_at, completed_at, duration_ms, processed_count, success_count, failed_count, error_message, triggered_by, parameters_json) VALUES (4403, 'manualPaymentConfirmationEmailJob', 'MANUAL_PAYMENT_CONFIRMATION_EMAIL', 'COMPLETED', 'tenant_demo_002', '2026-01-22 22:55:27.545249', '2026-01-22 22:55:32.599837', 5054, 1, 1, 0, NULL, 'API', '{"paymentRequestId":8151,"eventId":4201,"tenantId":"tenant_demo_002","recipientEmail":"giventauser@gmail.com"}');
INSERT INTO public.batch_job_execution_log (id, job_name, job_type, status, tenant_id, started_at, completed_at, duration_ms, processed_count, success_count, failed_count, error_message, triggered_by, parameters_json) VALUES (4405, 'subscriptionRenewalJob', 'SUBSCRIPTION_RENEWAL', 'RUNNING', 'tenant_demo_002', '2026-01-25 19:12:13.561311', NULL, NULL, 0, 0, 0, NULL, 'API', '{"tenantId":"tenant_demo_002","batchSize":100,"maxSubscriptions":10000}');
INSERT INTO public.batch_job_execution_log (id, job_name, job_type, status, tenant_id, started_at, completed_at, duration_ms, processed_count, success_count, failed_count, error_message, triggered_by, parameters_json) VALUES (4407, 'subscriptionRenewalJob', 'SUBSCRIPTION_RENEWAL', 'RUNNING', 'tenant_demo_002', '2026-01-26 02:10:48.92341', NULL, NULL, 0, 0, 0, NULL, 'API', '{"tenantId":"tenant_demo_002","batchSize":100,"maxSubscriptions":10000}');
INSERT INTO public.batch_job_execution_log (id, job_name, job_type, status, tenant_id, started_at, completed_at, duration_ms, processed_count, success_count, failed_count, error_message, triggered_by, parameters_json) VALUES (4409, 'subscriptionRenewalJob', 'SUBSCRIPTION_RENEWAL', 'FAILED', 'tenant_demo_002', '2026-02-02 09:58:03.313648', '2026-02-02 09:58:04.125704', 812, 0, 0, 0, 'PreparedStatementCallback; SQL [INSERT INTO BATCH_JOB_INSTANCE(JOB_INSTANCE_ID, JOB_NAME, JOB_KEY, VERSION)
	VALUES (?, ?, ?, ?)
]; ERROR: duplicate key value violates unique constraint "batch_job_instance_pkey"
  Detail: Key (job_instance_id)=(2) already exists.', 'API', '{"tenantId":"tenant_demo_002","batchSize":100,"maxSubscriptions":10000}');
INSERT INTO public.batch_job_execution_log (id, job_name, job_type, status, tenant_id, started_at, completed_at, duration_ms, processed_count, success_count, failed_count, error_message, triggered_by, parameters_json) VALUES (4411, 'subscriptionRenewalJob', 'SUBSCRIPTION_RENEWAL', 'FAILED', 'tenant_demo_002', '2026-02-02 15:48:39.351004', '2026-02-02 15:48:39.689021', 338, 0, 0, 0, 'PreparedStatementCallback; SQL [INSERT INTO BATCH_JOB_EXECUTION(JOB_EXECUTION_ID, JOB_INSTANCE_ID, START_TIME, END_TIME, STATUS, EXIT_CODE, EXIT_MESSAGE, VERSION, CREATE_TIME, LAST_UPDATED)
	VALUES (?, ?, ?, ?, ?, ?, ?, ?, ?, ?)
]; ERROR: duplicate key value violates unique constraint "batch_job_execution_pkey"
  Detail: Key (job_execution_id)=(2) already exists.', 'API', '{"tenantId":"tenant_demo_002","batchSize":100,"maxSubscriptions":10000}');
INSERT INTO public.batch_job_execution_log (id, job_name, job_type, status, tenant_id, started_at, completed_at, duration_ms, processed_count, success_count, failed_count, error_message, triggered_by, parameters_json) VALUES (4413, 'subscriptionRenewalJob', 'SUBSCRIPTION_RENEWAL', 'RUNNING', 'tenant_demo_002', '2026-02-02 17:57:22.052896', NULL, NULL, 0, 0, 0, NULL, 'API', '{"tenantId":"tenant_demo_002","batchSize":100,"maxSubscriptions":10000}');
INSERT INTO public.batch_job_execution_log (id, job_name, job_type, status, tenant_id, started_at, completed_at, duration_ms, processed_count, success_count, failed_count, error_message, triggered_by, parameters_json) VALUES (4415, 'subscriptionRenewalJob', 'SUBSCRIPTION_RENEWAL', 'RUNNING', 'tenant_demo_002', '2026-02-03 03:01:30.499843', NULL, NULL, 0, 0, 0, NULL, 'API', '{"tenantId":"tenant_demo_002","batchSize":100,"maxSubscriptions":10000}');
INSERT INTO public.batch_job_execution_log (id, job_name, job_type, status, tenant_id, started_at, completed_at, duration_ms, processed_count, success_count, failed_count, error_message, triggered_by, parameters_json) VALUES (4417, 'subscriptionRenewalJob', 'SUBSCRIPTION_RENEWAL', 'RUNNING', 'tenant_demo_002', '2026-02-03 06:06:40.605745', NULL, NULL, 0, 0, 0, NULL, 'API', '{"tenantId":"tenant_demo_002","batchSize":100,"maxSubscriptions":10000}');
INSERT INTO public.batch_job_execution_log (id, job_name, job_type, status, tenant_id, started_at, completed_at, duration_ms, processed_count, success_count, failed_count, error_message, triggered_by, parameters_json) VALUES (4419, 'subscriptionRenewalJob', 'SUBSCRIPTION_RENEWAL', 'RUNNING', 'tenant_demo_002', '2026-02-03 18:03:54.032852', NULL, NULL, 0, 0, 0, NULL, 'API', '{"tenantId":"tenant_demo_002","batchSize":100,"maxSubscriptions":10000}');
INSERT INTO public.batch_job_execution_log (id, job_name, job_type, status, tenant_id, started_at, completed_at, duration_ms, processed_count, success_count, failed_count, error_message, triggered_by, parameters_json) VALUES (4421, 'subscriptionRenewalJob', 'SUBSCRIPTION_RENEWAL', 'RUNNING', 'tenant_demo_002', '2026-02-04 02:44:33.041484', NULL, NULL, 0, 0, 0, NULL, 'API', '{"tenantId":"tenant_demo_002","batchSize":100,"maxSubscriptions":10000}');
INSERT INTO public.batch_job_execution_log (id, job_name, job_type, status, tenant_id, started_at, completed_at, duration_ms, processed_count, success_count, failed_count, error_message, triggered_by, parameters_json) VALUES (4423, 'subscriptionRenewalJob', 'SUBSCRIPTION_RENEWAL', 'RUNNING', 'tenant_demo_002', '2026-02-04 06:12:36.477875', NULL, NULL, 0, 0, 0, NULL, 'API', '{"tenantId":"tenant_demo_002","batchSize":100,"maxSubscriptions":10000}');
INSERT INTO public.batch_job_execution_log (id, job_name, job_type, status, tenant_id, started_at, completed_at, duration_ms, processed_count, success_count, failed_count, error_message, triggered_by, parameters_json) VALUES (4425, 'subscriptionRenewalJob', 'SUBSCRIPTION_RENEWAL', 'RUNNING', 'tenant_demo_002', '2026-02-04 20:05:51.596596', NULL, NULL, 0, 0, 0, NULL, 'API', '{"tenantId":"tenant_demo_002","batchSize":100,"maxSubscriptions":10000}');
INSERT INTO public.batch_job_execution_log (id, job_name, job_type, status, tenant_id, started_at, completed_at, duration_ms, processed_count, success_count, failed_count, error_message, triggered_by, parameters_json) VALUES (4427, 'subscriptionRenewalJob', 'SUBSCRIPTION_RENEWAL', 'RUNNING', 'tenant_demo_002', '2026-02-05 11:55:49.576051', NULL, NULL, 0, 0, 0, NULL, 'API', '{"tenantId":"tenant_demo_002","batchSize":100,"maxSubscriptions":10000}');
INSERT INTO public.batch_job_execution_log (id, job_name, job_type, status, tenant_id, started_at, completed_at, duration_ms, processed_count, success_count, failed_count, error_message, triggered_by, parameters_json) VALUES (4429, 'subscriptionRenewalJob', 'SUBSCRIPTION_RENEWAL', 'RUNNING', 'tenant_demo_002', '2026-02-05 12:00:01.050597', NULL, NULL, 0, 0, 0, NULL, 'API', '{"tenantId":"tenant_demo_002","batchSize":100,"maxSubscriptions":10000}');
INSERT INTO public.batch_job_execution_log (id, job_name, job_type, status, tenant_id, started_at, completed_at, duration_ms, processed_count, success_count, failed_count, error_message, triggered_by, parameters_json) VALUES (4431, 'subscriptionRenewalJob', 'SUBSCRIPTION_RENEWAL', 'RUNNING', 'tenant_demo_002', '2026-02-06 01:08:15.737531', NULL, NULL, 0, 0, 0, NULL, 'API', '{"tenantId":"tenant_demo_002","batchSize":100,"maxSubscriptions":10000}');
INSERT INTO public.batch_job_execution_log (id, job_name, job_type, status, tenant_id, started_at, completed_at, duration_ms, processed_count, success_count, failed_count, error_message, triggered_by, parameters_json) VALUES (4433, 'subscriptionRenewalJob', 'SUBSCRIPTION_RENEWAL', 'RUNNING', 'tenant_demo_002', '2026-02-06 12:51:52.772656', NULL, NULL, 0, 0, 0, NULL, 'API', '{"tenantId":"tenant_demo_002","batchSize":100,"maxSubscriptions":10000}');
INSERT INTO public.batch_job_execution_log (id, job_name, job_type, status, tenant_id, started_at, completed_at, duration_ms, processed_count, success_count, failed_count, error_message, triggered_by, parameters_json) VALUES (4435, 'subscriptionRenewalJob', 'SUBSCRIPTION_RENEWAL', 'RUNNING', 'tenant_demo_002', '2026-02-06 17:59:55.268235', NULL, NULL, 0, 0, 0, NULL, 'API', '{"tenantId":"tenant_demo_002","batchSize":100,"maxSubscriptions":10000}');
INSERT INTO public.batch_job_execution_log (id, job_name, job_type, status, tenant_id, started_at, completed_at, duration_ms, processed_count, success_count, failed_count, error_message, triggered_by, parameters_json) VALUES (4437, 'subscriptionRenewalJob', 'SUBSCRIPTION_RENEWAL', 'RUNNING', 'tenant_demo_002', '2026-02-07 00:00:40.653537', NULL, NULL, 0, 0, 0, NULL, 'API', '{"tenantId":"tenant_demo_002","batchSize":100,"maxSubscriptions":10000}');
INSERT INTO public.batch_job_execution_log (id, job_name, job_type, status, tenant_id, started_at, completed_at, duration_ms, processed_count, success_count, failed_count, error_message, triggered_by, parameters_json) VALUES (4439, 'subscriptionRenewalJob', 'SUBSCRIPTION_RENEWAL', 'RUNNING', 'tenant_demo_002', '2026-02-07 06:01:37.525625', NULL, NULL, 0, 0, 0, NULL, 'API', '{"tenantId":"tenant_demo_002","batchSize":100,"maxSubscriptions":10000}');
INSERT INTO public.batch_job_execution_log (id, job_name, job_type, status, tenant_id, started_at, completed_at, duration_ms, processed_count, success_count, failed_count, error_message, triggered_by, parameters_json) VALUES (4441, 'subscriptionRenewalJob', 'SUBSCRIPTION_RENEWAL', 'RUNNING', 'tenant_demo_002', '2026-02-07 18:11:51.5707', NULL, NULL, 0, 0, 0, NULL, 'API', '{"tenantId":"tenant_demo_002","batchSize":100,"maxSubscriptions":10000}');
INSERT INTO public.batch_job_execution_log (id, job_name, job_type, status, tenant_id, started_at, completed_at, duration_ms, processed_count, success_count, failed_count, error_message, triggered_by, parameters_json) VALUES (4443, 'subscriptionRenewalJob', 'SUBSCRIPTION_RENEWAL', 'RUNNING', 'tenant_demo_002', '2026-02-08 01:12:01.141275', NULL, NULL, 0, 0, 0, NULL, 'API', '{"tenantId":"tenant_demo_002","batchSize":100,"maxSubscriptions":10000}');
INSERT INTO public.batch_job_execution_log (id, job_name, job_type, status, tenant_id, started_at, completed_at, duration_ms, processed_count, success_count, failed_count, error_message, triggered_by, parameters_json) VALUES (4445, 'subscriptionRenewalJob', 'SUBSCRIPTION_RENEWAL', 'RUNNING', 'tenant_demo_002', '2026-02-08 06:32:01.743217', NULL, NULL, 0, 0, 0, NULL, 'API', '{"tenantId":"tenant_demo_002","batchSize":100,"maxSubscriptions":10000}');
INSERT INTO public.batch_job_execution_log (id, job_name, job_type, status, tenant_id, started_at, completed_at, duration_ms, processed_count, success_count, failed_count, error_message, triggered_by, parameters_json) VALUES (4447, 'subscriptionRenewalJob', 'SUBSCRIPTION_RENEWAL', 'FAILED', 'tenant_demo_002', '2026-02-11 23:59:59.090299', '2026-02-11 23:59:59.212515', 122, 0, 0, 0, 'PreparedStatementCallback; SQL [INSERT INTO BATCH_JOB_INSTANCE(JOB_INSTANCE_ID, JOB_NAME, JOB_KEY, VERSION)
	VALUES (?, ?, ?, ?)
]; ERROR: duplicate key value violates unique constraint "batch_job_instance_pkey"
  Detail: Key (job_instance_id)=(2) already exists.', 'API', '{"tenantId":"tenant_demo_002","batchSize":100,"maxSubscriptions":10000}');
INSERT INTO public.batch_job_execution_log (id, job_name, job_type, status, tenant_id, started_at, completed_at, duration_ms, processed_count, success_count, failed_count, error_message, triggered_by, parameters_json) VALUES (4449, 'subscriptionRenewalJob', 'SUBSCRIPTION_RENEWAL', 'FAILED', 'tenant_demo_002', '2026-02-12 06:00:00.498941', '2026-02-12 06:00:00.766934', 267, 0, 0, 0, 'PreparedStatementCallback; SQL [INSERT INTO BATCH_JOB_EXECUTION(JOB_EXECUTION_ID, JOB_INSTANCE_ID, START_TIME, END_TIME, STATUS, EXIT_CODE, EXIT_MESSAGE, VERSION, CREATE_TIME, LAST_UPDATED)
	VALUES (?, ?, ?, ?, ?, ?, ?, ?, ?, ?)
]; ERROR: duplicate key value violates unique constraint "batch_job_execution_pkey"
  Detail: Key (job_execution_id)=(2) already exists.', 'API', '{"tenantId":"tenant_demo_002","batchSize":100,"maxSubscriptions":10000}');
INSERT INTO public.batch_job_execution_log (id, job_name, job_type, status, tenant_id, started_at, completed_at, duration_ms, processed_count, success_count, failed_count, error_message, triggered_by, parameters_json) VALUES (4451, 'subscriptionRenewalJob', 'SUBSCRIPTION_RENEWAL', 'FAILED', 'tenant_demo_002', '2026-02-12 11:59:59.156415', '2026-02-12 11:59:59.250289', 93, 0, 0, 0, 'PreparedStatementCallback; SQL [INSERT INTO BATCH_JOB_INSTANCE(JOB_INSTANCE_ID, JOB_NAME, JOB_KEY, VERSION)
	VALUES (?, ?, ?, ?)
]; ERROR: duplicate key value violates unique constraint "batch_job_instance_pkey"
  Detail: Key (job_instance_id)=(4) already exists.', 'API', '{"tenantId":"tenant_demo_002","batchSize":100,"maxSubscriptions":10000}');
INSERT INTO public.batch_job_execution_log (id, job_name, job_type, status, tenant_id, started_at, completed_at, duration_ms, processed_count, success_count, failed_count, error_message, triggered_by, parameters_json) VALUES (4453, 'promotionTestEmailJob', 'PROMOTION_TEST_EMAIL', 'COMPLETED', 'tenant_demo_002', '2026-02-12 12:34:56.480306', '2026-02-12 12:34:57.980979', 1500, 1, 1, 0, NULL, 'API', '{"tenantId":"tenant_demo_002","templateId":4102,"recipientEmail":"giventauser@gmail.com"}');
INSERT INTO public.batch_job_execution_log (id, job_name, job_type, status, tenant_id, started_at, completed_at, duration_ms, processed_count, success_count, failed_count, error_message, triggered_by, parameters_json) VALUES (4455, 'promotionTestEmailJob', 'PROMOTION_TEST_EMAIL', 'COMPLETED', 'tenant_demo_002', '2026-02-12 12:41:18.590312', '2026-02-12 12:41:18.919643', 329, 1, 1, 0, NULL, 'API', '{"tenantId":"tenant_demo_002","templateId":5052,"recipientEmail":"giventauser@gmail.com"}');
INSERT INTO public.batch_job_execution_log (id, job_name, job_type, status, tenant_id, started_at, completed_at, duration_ms, processed_count, success_count, failed_count, error_message, triggered_by, parameters_json) VALUES (4457, 'subscriptionRenewalJob', 'SUBSCRIPTION_RENEWAL', 'FAILED', 'tenant_demo_002', '2026-02-12 17:59:58.839232', '2026-02-12 17:59:58.954106', 114, 0, 0, 0, 'PreparedStatementCallback; SQL [INSERT INTO BATCH_JOB_INSTANCE(JOB_INSTANCE_ID, JOB_NAME, JOB_KEY, VERSION)
	VALUES (?, ?, ?, ?)
]; ERROR: duplicate key value violates unique constraint "batch_job_instance_pkey"
  Detail: Key (job_instance_id)=(5) already exists.', 'API', '{"tenantId":"tenant_demo_002","batchSize":100,"maxSubscriptions":10000}');
INSERT INTO public.batch_job_execution_log (id, job_name, job_type, status, tenant_id, started_at, completed_at, duration_ms, processed_count, success_count, failed_count, error_message, triggered_by, parameters_json) VALUES (4459, 'subscriptionRenewalJob', 'SUBSCRIPTION_RENEWAL', 'FAILED', 'tenant_demo_002', '2026-02-12 23:59:59.036595', '2026-02-12 23:59:59.18736', 150, 0, 0, 0, 'PreparedStatementCallback; SQL [INSERT INTO BATCH_JOB_INSTANCE(JOB_INSTANCE_ID, JOB_NAME, JOB_KEY, VERSION)
	VALUES (?, ?, ?, ?)
]; ERROR: duplicate key value violates unique constraint "batch_job_instance_pkey"
  Detail: Key (job_instance_id)=(6) already exists.', 'API', '{"tenantId":"tenant_demo_002","batchSize":100,"maxSubscriptions":10000}');
INSERT INTO public.batch_job_execution_log (id, job_name, job_type, status, tenant_id, started_at, completed_at, duration_ms, processed_count, success_count, failed_count, error_message, triggered_by, parameters_json) VALUES (4461, 'subscriptionRenewalJob', 'SUBSCRIPTION_RENEWAL', 'FAILED', 'tenant_demo_002', '2026-02-13 05:59:59.080774', '2026-02-13 05:59:59.226064', 145, 0, 0, 0, 'PreparedStatementCallback; SQL [INSERT INTO BATCH_JOB_INSTANCE(JOB_INSTANCE_ID, JOB_NAME, JOB_KEY, VERSION)
	VALUES (?, ?, ?, ?)
]; ERROR: duplicate key value violates unique constraint "batch_job_instance_pkey"
  Detail: Key (job_instance_id)=(7) already exists.', 'API', '{"tenantId":"tenant_demo_002","batchSize":100,"maxSubscriptions":10000}');
INSERT INTO public.batch_job_execution_log (id, job_name, job_type, status, tenant_id, started_at, completed_at, duration_ms, processed_count, success_count, failed_count, error_message, triggered_by, parameters_json) VALUES (4463, 'subscriptionRenewalJob', 'SUBSCRIPTION_RENEWAL', 'FAILED', 'tenant_demo_002', '2026-02-13 11:59:58.99783', '2026-02-13 11:59:59.121461', 123, 0, 0, 0, 'PreparedStatementCallback; SQL [INSERT INTO BATCH_JOB_INSTANCE(JOB_INSTANCE_ID, JOB_NAME, JOB_KEY, VERSION)
	VALUES (?, ?, ?, ?)
]; ERROR: duplicate key value violates unique constraint "batch_job_instance_pkey"
  Detail: Key (job_instance_id)=(8) already exists.', 'API', '{"tenantId":"tenant_demo_002","batchSize":100,"maxSubscriptions":10000}');
INSERT INTO public.batch_job_execution_log (id, job_name, job_type, status, tenant_id, started_at, completed_at, duration_ms, processed_count, success_count, failed_count, error_message, triggered_by, parameters_json) VALUES (4465, 'subscriptionRenewalJob', 'SUBSCRIPTION_RENEWAL', 'FAILED', 'tenant_demo_002', '2026-02-13 17:59:59.013298', '2026-02-13 17:59:59.140849', 127, 0, 0, 0, 'PreparedStatementCallback; SQL [INSERT INTO BATCH_JOB_INSTANCE(JOB_INSTANCE_ID, JOB_NAME, JOB_KEY, VERSION)
	VALUES (?, ?, ?, ?)
]; ERROR: duplicate key value violates unique constraint "batch_job_instance_pkey"
  Detail: Key (job_instance_id)=(9) already exists.', 'API', '{"tenantId":"tenant_demo_002","batchSize":100,"maxSubscriptions":10000}');
INSERT INTO public.batch_job_execution_log (id, job_name, job_type, status, tenant_id, started_at, completed_at, duration_ms, processed_count, success_count, failed_count, error_message, triggered_by, parameters_json) VALUES (4467, 'subscriptionRenewalJob', 'SUBSCRIPTION_RENEWAL', 'FAILED', 'tenant_demo_002', '2026-02-13 23:59:59.060978', '2026-02-13 23:59:59.153627', 92, 0, 0, 0, 'PreparedStatementCallback; SQL [INSERT INTO BATCH_JOB_INSTANCE(JOB_INSTANCE_ID, JOB_NAME, JOB_KEY, VERSION)
	VALUES (?, ?, ?, ?)
]; ERROR: duplicate key value violates unique constraint "batch_job_instance_pkey"
  Detail: Key (job_instance_id)=(10) already exists.', 'API', '{"tenantId":"tenant_demo_002","batchSize":100,"maxSubscriptions":10000}');
INSERT INTO public.batch_job_execution_log (id, job_name, job_type, status, tenant_id, started_at, completed_at, duration_ms, processed_count, success_count, failed_count, error_message, triggered_by, parameters_json) VALUES (4469, 'subscriptionRenewalJob', 'SUBSCRIPTION_RENEWAL', 'FAILED', 'tenant_demo_002', '2026-02-14 05:59:59.05423', '2026-02-14 05:59:59.16544', 111, 0, 0, 0, 'PreparedStatementCallback; SQL [INSERT INTO BATCH_JOB_INSTANCE(JOB_INSTANCE_ID, JOB_NAME, JOB_KEY, VERSION)
	VALUES (?, ?, ?, ?)
]; ERROR: duplicate key value violates unique constraint "batch_job_instance_pkey"
  Detail: Key (job_instance_id)=(11) already exists.', 'API', '{"tenantId":"tenant_demo_002","batchSize":100,"maxSubscriptions":10000}');
INSERT INTO public.batch_job_execution_log (id, job_name, job_type, status, tenant_id, started_at, completed_at, duration_ms, processed_count, success_count, failed_count, error_message, triggered_by, parameters_json) VALUES (4471, 'subscriptionRenewalJob', 'SUBSCRIPTION_RENEWAL', 'FAILED', 'tenant_demo_002', '2026-02-14 11:59:58.984103', '2026-02-14 11:59:59.03505', 50, 0, 0, 0, 'PreparedStatementCallback; SQL [INSERT INTO BATCH_JOB_INSTANCE(JOB_INSTANCE_ID, JOB_NAME, JOB_KEY, VERSION)
	VALUES (?, ?, ?, ?)
]; ERROR: duplicate key value violates unique constraint "batch_job_instance_pkey"
  Detail: Key (job_instance_id)=(12) already exists.', 'API', '{"tenantId":"tenant_demo_002","batchSize":100,"maxSubscriptions":10000}');
INSERT INTO public.batch_job_execution_log (id, job_name, job_type, status, tenant_id, started_at, completed_at, duration_ms, processed_count, success_count, failed_count, error_message, triggered_by, parameters_json) VALUES (4473, 'subscriptionRenewalJob', 'SUBSCRIPTION_RENEWAL', 'FAILED', 'tenant_demo_002', '2026-02-14 17:59:59.129185', '2026-02-14 17:59:59.253068', 123, 0, 0, 0, 'PreparedStatementCallback; SQL [INSERT INTO BATCH_JOB_INSTANCE(JOB_INSTANCE_ID, JOB_NAME, JOB_KEY, VERSION)
	VALUES (?, ?, ?, ?)
]; ERROR: duplicate key value violates unique constraint "batch_job_instance_pkey"
  Detail: Key (job_instance_id)=(13) already exists.', 'API', '{"tenantId":"tenant_demo_002","batchSize":100,"maxSubscriptions":10000}');
INSERT INTO public.batch_job_execution_log (id, job_name, job_type, status, tenant_id, started_at, completed_at, duration_ms, processed_count, success_count, failed_count, error_message, triggered_by, parameters_json) VALUES (4475, 'subscriptionRenewalJob', 'SUBSCRIPTION_RENEWAL', 'FAILED', 'tenant_demo_002', '2026-02-14 23:59:58.970393', '2026-02-14 23:59:59.084166', 113, 0, 0, 0, 'PreparedStatementCallback; SQL [INSERT INTO BATCH_JOB_INSTANCE(JOB_INSTANCE_ID, JOB_NAME, JOB_KEY, VERSION)
	VALUES (?, ?, ?, ?)
]; ERROR: duplicate key value violates unique constraint "batch_job_instance_pkey"
  Detail: Key (job_instance_id)=(14) already exists.', 'API', '{"tenantId":"tenant_demo_002","batchSize":100,"maxSubscriptions":10000}');
INSERT INTO public.batch_job_execution_log (id, job_name, job_type, status, tenant_id, started_at, completed_at, duration_ms, processed_count, success_count, failed_count, error_message, triggered_by, parameters_json) VALUES (4477, 'subscriptionRenewalJob', 'SUBSCRIPTION_RENEWAL', 'FAILED', 'tenant_demo_002', '2026-02-15 05:59:59.073777', '2026-02-15 05:59:59.196247', 122, 0, 0, 0, 'PreparedStatementCallback; SQL [INSERT INTO BATCH_JOB_INSTANCE(JOB_INSTANCE_ID, JOB_NAME, JOB_KEY, VERSION)
	VALUES (?, ?, ?, ?)
]; ERROR: duplicate key value violates unique constraint "batch_job_instance_pkey"
  Detail: Key (job_instance_id)=(15) already exists.', 'API', '{"tenantId":"tenant_demo_002","batchSize":100,"maxSubscriptions":10000}');
INSERT INTO public.batch_job_execution_log (id, job_name, job_type, status, tenant_id, started_at, completed_at, duration_ms, processed_count, success_count, failed_count, error_message, triggered_by, parameters_json) VALUES (4479, 'subscriptionRenewalJob', 'SUBSCRIPTION_RENEWAL', 'FAILED', 'tenant_demo_002', '2026-02-15 11:59:59.119266', '2026-02-15 11:59:59.240567', 121, 0, 0, 0, 'PreparedStatementCallback; SQL [INSERT INTO BATCH_JOB_INSTANCE(JOB_INSTANCE_ID, JOB_NAME, JOB_KEY, VERSION)
	VALUES (?, ?, ?, ?)
]; ERROR: duplicate key value violates unique constraint "batch_job_instance_pkey"
  Detail: Key (job_instance_id)=(16) already exists.', 'API', '{"tenantId":"tenant_demo_002","batchSize":100,"maxSubscriptions":10000}');
INSERT INTO public.batch_job_execution_log (id, job_name, job_type, status, tenant_id, started_at, completed_at, duration_ms, processed_count, success_count, failed_count, error_message, triggered_by, parameters_json) VALUES (4481, 'subscriptionRenewalJob', 'SUBSCRIPTION_RENEWAL', 'FAILED', 'tenant_demo_002', '2026-02-15 17:59:59.084056', '2026-02-15 17:59:59.222735', 138, 0, 0, 0, 'PreparedStatementCallback; SQL [INSERT INTO BATCH_JOB_INSTANCE(JOB_INSTANCE_ID, JOB_NAME, JOB_KEY, VERSION)
	VALUES (?, ?, ?, ?)
]; ERROR: duplicate key value violates unique constraint "batch_job_instance_pkey"
  Detail: Key (job_instance_id)=(17) already exists.', 'API', '{"tenantId":"tenant_demo_002","batchSize":100,"maxSubscriptions":10000}');
INSERT INTO public.batch_job_execution_log (id, job_name, job_type, status, tenant_id, started_at, completed_at, duration_ms, processed_count, success_count, failed_count, error_message, triggered_by, parameters_json) VALUES (4483, 'subscriptionRenewalJob', 'SUBSCRIPTION_RENEWAL', 'FAILED', 'tenant_demo_002', '2026-02-15 23:59:59.141651', '2026-02-15 23:59:59.29987', 158, 0, 0, 0, 'PreparedStatementCallback; SQL [INSERT INTO BATCH_JOB_EXECUTION(JOB_EXECUTION_ID, JOB_INSTANCE_ID, START_TIME, END_TIME, STATUS, EXIT_CODE, EXIT_MESSAGE, VERSION, CREATE_TIME, LAST_UPDATED)
	VALUES (?, ?, ?, ?, ?, ?, ?, ?, ?, ?)
]; ERROR: duplicate key value violates unique constraint "batch_job_execution_pkey"
  Detail: Key (job_execution_id)=(3) already exists.', 'API', '{"tenantId":"tenant_demo_002","batchSize":100,"maxSubscriptions":10000}');
INSERT INTO public.batch_job_execution_log (id, job_name, job_type, status, tenant_id, started_at, completed_at, duration_ms, processed_count, success_count, failed_count, error_message, triggered_by, parameters_json) VALUES (4485, 'subscriptionRenewalJob', 'SUBSCRIPTION_RENEWAL', 'FAILED', 'tenant_demo_002', '2026-02-16 05:59:59.085766', '2026-02-16 05:59:59.216895', 131, 0, 0, 0, 'PreparedStatementCallback; SQL [INSERT INTO BATCH_JOB_EXECUTION(JOB_EXECUTION_ID, JOB_INSTANCE_ID, START_TIME, END_TIME, STATUS, EXIT_CODE, EXIT_MESSAGE, VERSION, CREATE_TIME, LAST_UPDATED)
	VALUES (?, ?, ?, ?, ?, ?, ?, ?, ?, ?)
]; ERROR: duplicate key value violates unique constraint "batch_job_execution_pkey"
  Detail: Key (job_execution_id)=(4) already exists.', 'API', '{"tenantId":"tenant_demo_002","batchSize":100,"maxSubscriptions":10000}');
INSERT INTO public.batch_job_execution_log (id, job_name, job_type, status, tenant_id, started_at, completed_at, duration_ms, processed_count, success_count, failed_count, error_message, triggered_by, parameters_json) VALUES (4487, 'subscriptionRenewalJob', 'SUBSCRIPTION_RENEWAL', 'FAILED', 'tenant_demo_002', '2026-02-16 11:59:59.149212', '2026-02-16 11:59:59.290418', 141, 0, 0, 0, 'PreparedStatementCallback; SQL [INSERT INTO BATCH_JOB_EXECUTION(JOB_EXECUTION_ID, JOB_INSTANCE_ID, START_TIME, END_TIME, STATUS, EXIT_CODE, EXIT_MESSAGE, VERSION, CREATE_TIME, LAST_UPDATED)
	VALUES (?, ?, ?, ?, ?, ?, ?, ?, ?, ?)
]; ERROR: duplicate key value violates unique constraint "batch_job_execution_pkey"
  Detail: Key (job_execution_id)=(5) already exists.', 'API', '{"tenantId":"tenant_demo_002","batchSize":100,"maxSubscriptions":10000}');
INSERT INTO public.batch_job_execution_log (id, job_name, job_type, status, tenant_id, started_at, completed_at, duration_ms, processed_count, success_count, failed_count, error_message, triggered_by, parameters_json) VALUES (4489, 'subscriptionRenewalJob', 'SUBSCRIPTION_RENEWAL', 'FAILED', 'tenant_demo_002', '2026-02-16 17:59:59.155504', '2026-02-16 17:59:59.29312', 137, 0, 0, 0, 'PreparedStatementCallback; SQL [INSERT INTO BATCH_JOB_EXECUTION(JOB_EXECUTION_ID, JOB_INSTANCE_ID, START_TIME, END_TIME, STATUS, EXIT_CODE, EXIT_MESSAGE, VERSION, CREATE_TIME, LAST_UPDATED)
	VALUES (?, ?, ?, ?, ?, ?, ?, ?, ?, ?)
]; ERROR: duplicate key value violates unique constraint "batch_job_execution_pkey"
  Detail: Key (job_execution_id)=(6) already exists.', 'API', '{"tenantId":"tenant_demo_002","batchSize":100,"maxSubscriptions":10000}');
INSERT INTO public.batch_job_execution_log (id, job_name, job_type, status, tenant_id, started_at, completed_at, duration_ms, processed_count, success_count, failed_count, error_message, triggered_by, parameters_json) VALUES (4491, 'subscriptionRenewalJob', 'SUBSCRIPTION_RENEWAL', 'FAILED', 'tenant_demo_002', '2026-02-16 23:59:59.097441', '2026-02-16 23:59:59.237444', 140, 0, 0, 0, 'PreparedStatementCallback; SQL [INSERT INTO BATCH_JOB_EXECUTION(JOB_EXECUTION_ID, JOB_INSTANCE_ID, START_TIME, END_TIME, STATUS, EXIT_CODE, EXIT_MESSAGE, VERSION, CREATE_TIME, LAST_UPDATED)
	VALUES (?, ?, ?, ?, ?, ?, ?, ?, ?, ?)
]; ERROR: duplicate key value violates unique constraint "batch_job_execution_pkey"
  Detail: Key (job_execution_id)=(7) already exists.', 'API', '{"tenantId":"tenant_demo_002","batchSize":100,"maxSubscriptions":10000}');
INSERT INTO public.batch_job_execution_log (id, job_name, job_type, status, tenant_id, started_at, completed_at, duration_ms, processed_count, success_count, failed_count, error_message, triggered_by, parameters_json) VALUES (4493, 'subscriptionRenewalJob', 'SUBSCRIPTION_RENEWAL', 'FAILED', 'tenant_demo_002', '2026-02-17 05:59:59.04358', '2026-02-17 05:59:59.186304', 142, 0, 0, 0, 'PreparedStatementCallback; SQL [INSERT INTO BATCH_JOB_EXECUTION(JOB_EXECUTION_ID, JOB_INSTANCE_ID, START_TIME, END_TIME, STATUS, EXIT_CODE, EXIT_MESSAGE, VERSION, CREATE_TIME, LAST_UPDATED)
	VALUES (?, ?, ?, ?, ?, ?, ?, ?, ?, ?)
]; ERROR: duplicate key value violates unique constraint "batch_job_execution_pkey"
  Detail: Key (job_execution_id)=(8) already exists.', 'API', '{"tenantId":"tenant_demo_002","batchSize":100,"maxSubscriptions":10000}');
INSERT INTO public.batch_job_execution_log (id, job_name, job_type, status, tenant_id, started_at, completed_at, duration_ms, processed_count, success_count, failed_count, error_message, triggered_by, parameters_json) VALUES (4495, 'subscriptionRenewalJob', 'SUBSCRIPTION_RENEWAL', 'FAILED', 'tenant_demo_002', '2026-02-17 11:59:59.218792', '2026-02-17 11:59:59.402091', 183, 0, 0, 0, 'PreparedStatementCallback; SQL [INSERT INTO BATCH_JOB_EXECUTION(JOB_EXECUTION_ID, JOB_INSTANCE_ID, START_TIME, END_TIME, STATUS, EXIT_CODE, EXIT_MESSAGE, VERSION, CREATE_TIME, LAST_UPDATED)
	VALUES (?, ?, ?, ?, ?, ?, ?, ?, ?, ?)
]; ERROR: duplicate key value violates unique constraint "batch_job_execution_pkey"
  Detail: Key (job_execution_id)=(9) already exists.', 'API', '{"tenantId":"tenant_demo_002","batchSize":100,"maxSubscriptions":10000}');
INSERT INTO public.batch_job_execution_log (id, job_name, job_type, status, tenant_id, started_at, completed_at, duration_ms, processed_count, success_count, failed_count, error_message, triggered_by, parameters_json) VALUES (4497, 'subscriptionRenewalJob', 'SUBSCRIPTION_RENEWAL', 'FAILED', 'tenant_demo_002', '2026-02-17 17:59:59.039182', '2026-02-17 17:59:59.182704', 143, 0, 0, 0, 'PreparedStatementCallback; SQL [INSERT INTO BATCH_JOB_EXECUTION(JOB_EXECUTION_ID, JOB_INSTANCE_ID, START_TIME, END_TIME, STATUS, EXIT_CODE, EXIT_MESSAGE, VERSION, CREATE_TIME, LAST_UPDATED)
	VALUES (?, ?, ?, ?, ?, ?, ?, ?, ?, ?)
]; ERROR: duplicate key value violates unique constraint "batch_job_execution_pkey"
  Detail: Key (job_execution_id)=(10) already exists.', 'API', '{"tenantId":"tenant_demo_002","batchSize":100,"maxSubscriptions":10000}');
INSERT INTO public.batch_job_execution_log (id, job_name, job_type, status, tenant_id, started_at, completed_at, duration_ms, processed_count, success_count, failed_count, error_message, triggered_by, parameters_json) VALUES (4499, 'subscriptionRenewalJob', 'SUBSCRIPTION_RENEWAL', 'FAILED', 'tenant_demo_002', '2026-02-17 23:59:59.016341', '2026-02-17 23:59:59.096947', 80, 0, 0, 0, 'PreparedStatementCallback; SQL [INSERT INTO BATCH_JOB_EXECUTION(JOB_EXECUTION_ID, JOB_INSTANCE_ID, START_TIME, END_TIME, STATUS, EXIT_CODE, EXIT_MESSAGE, VERSION, CREATE_TIME, LAST_UPDATED)
	VALUES (?, ?, ?, ?, ?, ?, ?, ?, ?, ?)
]; ERROR: duplicate key value violates unique constraint "batch_job_execution_pkey"
  Detail: Key (job_execution_id)=(11) already exists.', 'API', '{"tenantId":"tenant_demo_002","batchSize":100,"maxSubscriptions":10000}');
INSERT INTO public.batch_job_execution_log (id, job_name, job_type, status, tenant_id, started_at, completed_at, duration_ms, processed_count, success_count, failed_count, error_message, triggered_by, parameters_json) VALUES (4501, 'contactFormEmailJob', 'CONTACT_FORM_EMAIL', 'COMPLETED', 'tenant_demo_002', '2026-02-18 04:24:41.064681', '2026-02-18 04:24:42.862082', 1797, 1, 1, 0, NULL, 'API', '{"tenantId":"tenant_demo_002","fromEmail":"gain@hotmail.com","toEmail":"info@mosc.in"}');
INSERT INTO public.batch_job_execution_log (id, job_name, job_type, status, tenant_id, started_at, completed_at, duration_ms, processed_count, success_count, failed_count, error_message, triggered_by, parameters_json) VALUES (4503, 'subscriptionRenewalJob', 'SUBSCRIPTION_RENEWAL', 'FAILED', 'tenant_demo_002', '2026-02-18 05:59:59.604348', '2026-02-18 05:59:59.793864', 189, 0, 0, 0, 'PreparedStatementCallback; SQL [INSERT INTO BATCH_JOB_EXECUTION(JOB_EXECUTION_ID, JOB_INSTANCE_ID, START_TIME, END_TIME, STATUS, EXIT_CODE, EXIT_MESSAGE, VERSION, CREATE_TIME, LAST_UPDATED)
	VALUES (?, ?, ?, ?, ?, ?, ?, ?, ?, ?)
]; ERROR: duplicate key value violates unique constraint "batch_job_execution_pkey"
  Detail: Key (job_execution_id)=(12) already exists.', 'API', '{"tenantId":"tenant_demo_002","batchSize":100,"maxSubscriptions":10000}');
INSERT INTO public.batch_job_execution_log (id, job_name, job_type, status, tenant_id, started_at, completed_at, duration_ms, processed_count, success_count, failed_count, error_message, triggered_by, parameters_json) VALUES (4555, 'subscriptionRenewalJob', 'SUBSCRIPTION_RENEWAL', 'FAILED', 'tenant_demo_002', '2026-02-23 23:59:59.077234', '2026-02-23 23:59:59.20395', 126, 0, 0, 0, 'PreparedStatementCallback; SQL [INSERT INTO BATCH_JOB_INSTANCE(JOB_INSTANCE_ID, JOB_NAME, JOB_KEY, VERSION)
	VALUES (?, ?, ?, ?)
]; ERROR: duplicate key value violates unique constraint "batch_job_instance_pkey"
  Detail: Key (job_instance_id)=(50) already exists.', 'API', '{"tenantId":"tenant_demo_002","batchSize":100,"maxSubscriptions":10000}');
INSERT INTO public.batch_job_execution_log (id, job_name, job_type, status, tenant_id, started_at, completed_at, duration_ms, processed_count, success_count, failed_count, error_message, triggered_by, parameters_json) VALUES (4505, 'subscriptionRenewalJob', 'SUBSCRIPTION_RENEWAL', 'FAILED', 'tenant_demo_002', '2026-02-18 11:59:59.243575', '2026-02-18 11:59:59.362902', 119, 0, 0, 0, 'PreparedStatementCallback; SQL [INSERT INTO BATCH_JOB_EXECUTION(JOB_EXECUTION_ID, JOB_INSTANCE_ID, START_TIME, END_TIME, STATUS, EXIT_CODE, EXIT_MESSAGE, VERSION, CREATE_TIME, LAST_UPDATED)
	VALUES (?, ?, ?, ?, ?, ?, ?, ?, ?, ?)
]; ERROR: duplicate key value violates unique constraint "batch_job_execution_pkey"
  Detail: Key (job_execution_id)=(13) already exists.', 'API', '{"tenantId":"tenant_demo_002","batchSize":100,"maxSubscriptions":10000}');
INSERT INTO public.batch_job_execution_log (id, job_name, job_type, status, tenant_id, started_at, completed_at, duration_ms, processed_count, success_count, failed_count, error_message, triggered_by, parameters_json) VALUES (4565, 'subscriptionRenewalJob', 'SUBSCRIPTION_RENEWAL', 'RUNNING', 'tenant_demo_002', '2026-02-25 06:00:00.560094', NULL, NULL, 0, 0, 0, NULL, 'API', '{"tenantId":"tenant_demo_002","batchSize":100,"maxSubscriptions":10000}');
INSERT INTO public.batch_job_execution_log (id, job_name, job_type, status, tenant_id, started_at, completed_at, duration_ms, processed_count, success_count, failed_count, error_message, triggered_by, parameters_json) VALUES (4507, 'subscriptionRenewalJob', 'SUBSCRIPTION_RENEWAL', 'FAILED', 'tenant_demo_002', '2026-02-18 17:59:59.097355', '2026-02-18 17:59:59.199274', 101, 0, 0, 0, 'PreparedStatementCallback; SQL [INSERT INTO BATCH_JOB_EXECUTION(JOB_EXECUTION_ID, JOB_INSTANCE_ID, START_TIME, END_TIME, STATUS, EXIT_CODE, EXIT_MESSAGE, VERSION, CREATE_TIME, LAST_UPDATED)
	VALUES (?, ?, ?, ?, ?, ?, ?, ?, ?, ?)
]; ERROR: duplicate key value violates unique constraint "batch_job_execution_pkey"
  Detail: Key (job_execution_id)=(14) already exists.', 'API', '{"tenantId":"tenant_demo_002","batchSize":100,"maxSubscriptions":10000}');
INSERT INTO public.batch_job_execution_log (id, job_name, job_type, status, tenant_id, started_at, completed_at, duration_ms, processed_count, success_count, failed_count, error_message, triggered_by, parameters_json) VALUES (4509, 'subscriptionRenewalJob', 'SUBSCRIPTION_RENEWAL', 'FAILED', 'tenant_demo_002', '2026-02-19 00:00:00.056614', '2026-02-19 00:00:00.538922', 482, 0, 0, 0, 'PreparedStatementCallback; SQL [INSERT INTO BATCH_JOB_EXECUTION(JOB_EXECUTION_ID, JOB_INSTANCE_ID, START_TIME, END_TIME, STATUS, EXIT_CODE, EXIT_MESSAGE, VERSION, CREATE_TIME, LAST_UPDATED)
	VALUES (?, ?, ?, ?, ?, ?, ?, ?, ?, ?)
]; ERROR: duplicate key value violates unique constraint "batch_job_execution_pkey"
  Detail: Key (job_execution_id)=(15) already exists.', 'API', '{"tenantId":"tenant_demo_002","batchSize":100,"maxSubscriptions":10000}');
INSERT INTO public.batch_job_execution_log (id, job_name, job_type, status, tenant_id, started_at, completed_at, duration_ms, processed_count, success_count, failed_count, error_message, triggered_by, parameters_json) VALUES (4511, 'subscriptionRenewalJob', 'SUBSCRIPTION_RENEWAL', 'FAILED', 'tenant_demo_002', '2026-02-19 05:59:59.076668', '2026-02-19 05:59:59.177905', 101, 0, 0, 0, 'PreparedStatementCallback; SQL [INSERT INTO BATCH_JOB_EXECUTION(JOB_EXECUTION_ID, JOB_INSTANCE_ID, START_TIME, END_TIME, STATUS, EXIT_CODE, EXIT_MESSAGE, VERSION, CREATE_TIME, LAST_UPDATED)
	VALUES (?, ?, ?, ?, ?, ?, ?, ?, ?, ?)
]; ERROR: duplicate key value violates unique constraint "batch_job_execution_pkey"
  Detail: Key (job_execution_id)=(16) already exists.', 'API', '{"tenantId":"tenant_demo_002","batchSize":100,"maxSubscriptions":10000}');
INSERT INTO public.batch_job_execution_log (id, job_name, job_type, status, tenant_id, started_at, completed_at, duration_ms, processed_count, success_count, failed_count, error_message, triggered_by, parameters_json) VALUES (4513, 'subscriptionRenewalJob', 'SUBSCRIPTION_RENEWAL', 'RUNNING', 'tenant_demo_002', '2026-02-19 11:59:58.444751', NULL, NULL, 0, 0, 0, NULL, 'API', '{"tenantId":"tenant_demo_002","batchSize":100,"maxSubscriptions":10000}');
INSERT INTO public.batch_job_execution_log (id, job_name, job_type, status, tenant_id, started_at, completed_at, duration_ms, processed_count, success_count, failed_count, error_message, triggered_by, parameters_json) VALUES (4515, 'contactFormEmailJob', 'CONTACT_FORM_EMAIL', 'COMPLETED', 'tenant_demo_002', '2026-02-19 13:54:11.921075', '2026-02-19 13:54:13.626624', 1705, 1, 1, 0, NULL, 'API', '{"tenantId":"tenant_demo_002","fromEmail":"dhanya@keleno.com","toEmail":"info@mosc.in"}');
INSERT INTO public.batch_job_execution_log (id, job_name, job_type, status, tenant_id, started_at, completed_at, duration_ms, processed_count, success_count, failed_count, error_message, triggered_by, parameters_json) VALUES (4517, 'contactFormEmailJob', 'CONTACT_FORM_EMAIL', 'COMPLETED', 'tenant_demo_002', '2026-02-19 14:05:06.89022', '2026-02-19 14:05:07.439133', 548, 1, 1, 0, NULL, 'API', '{"tenantId":"tenant_demo_002","fromEmail":"gain@hotmail.com","toEmail":"info@mosc.in"}');
INSERT INTO public.batch_job_execution_log (id, job_name, job_type, status, tenant_id, started_at, completed_at, duration_ms, processed_count, success_count, failed_count, error_message, triggered_by, parameters_json) VALUES (4519, 'contactFormEmailJob', 'CONTACT_FORM_EMAIL', 'COMPLETED', 'tenant_demo_002', '2026-02-19 14:06:32.064445', '2026-02-19 14:06:32.555988', 491, 1, 1, 0, NULL, 'API', '{"tenantId":"tenant_demo_002","fromEmail":"dhanya@keleno.com","toEmail":"info@mosc.in"}');
INSERT INTO public.batch_job_execution_log (id, job_name, job_type, status, tenant_id, started_at, completed_at, duration_ms, processed_count, success_count, failed_count, error_message, triggered_by, parameters_json) VALUES (4521, 'subscriptionRenewalJob', 'SUBSCRIPTION_RENEWAL', 'RUNNING', 'tenant_demo_002', '2026-02-19 17:59:59.061375', NULL, NULL, 0, 0, 0, NULL, 'API', '{"tenantId":"tenant_demo_002","batchSize":100,"maxSubscriptions":10000}');
INSERT INTO public.batch_job_execution_log (id, job_name, job_type, status, tenant_id, started_at, completed_at, duration_ms, processed_count, success_count, failed_count, error_message, triggered_by, parameters_json) VALUES (4523, 'subscriptionRenewalJob', 'SUBSCRIPTION_RENEWAL', 'RUNNING', 'tenant_demo_002', '2026-02-19 23:59:58.955358', NULL, NULL, 0, 0, 0, NULL, 'API', '{"tenantId":"tenant_demo_002","batchSize":100,"maxSubscriptions":10000}');
INSERT INTO public.batch_job_execution_log (id, job_name, job_type, status, tenant_id, started_at, completed_at, duration_ms, processed_count, success_count, failed_count, error_message, triggered_by, parameters_json) VALUES (4525, 'subscriptionRenewalJob', 'SUBSCRIPTION_RENEWAL', 'RUNNING', 'tenant_demo_002', '2026-02-20 05:59:59.038529', NULL, NULL, 0, 0, 0, NULL, 'API', '{"tenantId":"tenant_demo_002","batchSize":100,"maxSubscriptions":10000}');
INSERT INTO public.batch_job_execution_log (id, job_name, job_type, status, tenant_id, started_at, completed_at, duration_ms, processed_count, success_count, failed_count, error_message, triggered_by, parameters_json) VALUES (4527, 'subscriptionRenewalJob', 'SUBSCRIPTION_RENEWAL', 'RUNNING', 'tenant_demo_002', '2026-02-20 11:59:59.111088', NULL, NULL, 0, 0, 0, NULL, 'API', '{"tenantId":"tenant_demo_002","batchSize":100,"maxSubscriptions":10000}');
INSERT INTO public.batch_job_execution_log (id, job_name, job_type, status, tenant_id, started_at, completed_at, duration_ms, processed_count, success_count, failed_count, error_message, triggered_by, parameters_json) VALUES (4529, 'subscriptionRenewalJob', 'SUBSCRIPTION_RENEWAL', 'RUNNING', 'tenant_demo_002', '2026-02-20 17:59:59.030725', NULL, NULL, 0, 0, 0, NULL, 'API', '{"tenantId":"tenant_demo_002","batchSize":100,"maxSubscriptions":10000}');
INSERT INTO public.batch_job_execution_log (id, job_name, job_type, status, tenant_id, started_at, completed_at, duration_ms, processed_count, success_count, failed_count, error_message, triggered_by, parameters_json) VALUES (4531, 'subscriptionRenewalJob', 'SUBSCRIPTION_RENEWAL', 'RUNNING', 'tenant_demo_002', '2026-02-20 23:59:59.010607', NULL, NULL, 0, 0, 0, NULL, 'API', '{"tenantId":"tenant_demo_002","batchSize":100,"maxSubscriptions":10000}');
INSERT INTO public.batch_job_execution_log (id, job_name, job_type, status, tenant_id, started_at, completed_at, duration_ms, processed_count, success_count, failed_count, error_message, triggered_by, parameters_json) VALUES (4533, 'subscriptionRenewalJob', 'SUBSCRIPTION_RENEWAL', 'RUNNING', 'tenant_demo_002', '2026-02-21 05:59:59.040009', NULL, NULL, 0, 0, 0, NULL, 'API', '{"tenantId":"tenant_demo_002","batchSize":100,"maxSubscriptions":10000}');
INSERT INTO public.batch_job_execution_log (id, job_name, job_type, status, tenant_id, started_at, completed_at, duration_ms, processed_count, success_count, failed_count, error_message, triggered_by, parameters_json) VALUES (4535, 'subscriptionRenewalJob', 'SUBSCRIPTION_RENEWAL', 'RUNNING', 'tenant_demo_002', '2026-02-21 11:59:59.050268', NULL, NULL, 0, 0, 0, NULL, 'API', '{"tenantId":"tenant_demo_002","batchSize":100,"maxSubscriptions":10000}');
INSERT INTO public.batch_job_execution_log (id, job_name, job_type, status, tenant_id, started_at, completed_at, duration_ms, processed_count, success_count, failed_count, error_message, triggered_by, parameters_json) VALUES (4537, 'subscriptionRenewalJob', 'SUBSCRIPTION_RENEWAL', 'RUNNING', 'tenant_demo_002', '2026-02-21 17:59:59.066477', NULL, NULL, 0, 0, 0, NULL, 'API', '{"tenantId":"tenant_demo_002","batchSize":100,"maxSubscriptions":10000}');
INSERT INTO public.batch_job_execution_log (id, job_name, job_type, status, tenant_id, started_at, completed_at, duration_ms, processed_count, success_count, failed_count, error_message, triggered_by, parameters_json) VALUES (4539, 'subscriptionRenewalJob', 'SUBSCRIPTION_RENEWAL', 'RUNNING', 'tenant_demo_002', '2026-02-21 23:59:59.033826', NULL, NULL, 0, 0, 0, NULL, 'API', '{"tenantId":"tenant_demo_002","batchSize":100,"maxSubscriptions":10000}');
INSERT INTO public.batch_job_execution_log (id, job_name, job_type, status, tenant_id, started_at, completed_at, duration_ms, processed_count, success_count, failed_count, error_message, triggered_by, parameters_json) VALUES (4541, 'subscriptionRenewalJob', 'SUBSCRIPTION_RENEWAL', 'RUNNING', 'tenant_demo_002', '2026-02-22 05:59:59.004504', NULL, NULL, 0, 0, 0, NULL, 'API', '{"tenantId":"tenant_demo_002","batchSize":100,"maxSubscriptions":10000}');
INSERT INTO public.batch_job_execution_log (id, job_name, job_type, status, tenant_id, started_at, completed_at, duration_ms, processed_count, success_count, failed_count, error_message, triggered_by, parameters_json) VALUES (4543, 'subscriptionRenewalJob', 'SUBSCRIPTION_RENEWAL', 'RUNNING', 'tenant_demo_002', '2026-02-22 11:59:59.021889', NULL, NULL, 0, 0, 0, NULL, 'API', '{"tenantId":"tenant_demo_002","batchSize":100,"maxSubscriptions":10000}');
INSERT INTO public.batch_job_execution_log (id, job_name, job_type, status, tenant_id, started_at, completed_at, duration_ms, processed_count, success_count, failed_count, error_message, triggered_by, parameters_json) VALUES (4545, 'subscriptionRenewalJob', 'SUBSCRIPTION_RENEWAL', 'RUNNING', 'tenant_demo_002', '2026-02-22 17:59:59.036196', NULL, NULL, 0, 0, 0, NULL, 'API', '{"tenantId":"tenant_demo_002","batchSize":100,"maxSubscriptions":10000}');
INSERT INTO public.batch_job_execution_log (id, job_name, job_type, status, tenant_id, started_at, completed_at, duration_ms, processed_count, success_count, failed_count, error_message, triggered_by, parameters_json) VALUES (4547, 'subscriptionRenewalJob', 'SUBSCRIPTION_RENEWAL', 'RUNNING', 'tenant_demo_002', '2026-02-22 23:59:59.029052', NULL, NULL, 0, 0, 0, NULL, 'API', '{"tenantId":"tenant_demo_002","batchSize":100,"maxSubscriptions":10000}');
INSERT INTO public.batch_job_execution_log (id, job_name, job_type, status, tenant_id, started_at, completed_at, duration_ms, processed_count, success_count, failed_count, error_message, triggered_by, parameters_json) VALUES (4549, 'subscriptionRenewalJob', 'SUBSCRIPTION_RENEWAL', 'RUNNING', 'tenant_demo_002', '2026-02-23 05:59:59.13856', NULL, NULL, 0, 0, 0, NULL, 'API', '{"tenantId":"tenant_demo_002","batchSize":100,"maxSubscriptions":10000}');
INSERT INTO public.batch_job_execution_log (id, job_name, job_type, status, tenant_id, started_at, completed_at, duration_ms, processed_count, success_count, failed_count, error_message, triggered_by, parameters_json) VALUES (4551, 'subscriptionRenewalJob', 'SUBSCRIPTION_RENEWAL', 'RUNNING', 'tenant_demo_002', '2026-02-23 11:59:59.000774', NULL, NULL, 0, 0, 0, NULL, 'API', '{"tenantId":"tenant_demo_002","batchSize":100,"maxSubscriptions":10000}');
INSERT INTO public.batch_job_execution_log (id, job_name, job_type, status, tenant_id, started_at, completed_at, duration_ms, processed_count, success_count, failed_count, error_message, triggered_by, parameters_json) VALUES (4553, 'subscriptionRenewalJob', 'SUBSCRIPTION_RENEWAL', 'RUNNING', 'tenant_demo_002', '2026-02-23 17:59:59.13965', NULL, NULL, 0, 0, 0, NULL, 'API', '{"tenantId":"tenant_demo_002","batchSize":100,"maxSubscriptions":10000}');
INSERT INTO public.batch_job_execution_log (id, job_name, job_type, status, tenant_id, started_at, completed_at, duration_ms, processed_count, success_count, failed_count, error_message, triggered_by, parameters_json) VALUES (4557, 'subscriptionRenewalJob', 'SUBSCRIPTION_RENEWAL', 'FAILED', 'tenant_demo_002', '2026-02-24 05:59:59.165754', '2026-02-24 05:59:59.310217', 144, 0, 0, 0, 'PreparedStatementCallback; SQL [INSERT INTO BATCH_JOB_INSTANCE(JOB_INSTANCE_ID, JOB_NAME, JOB_KEY, VERSION)
	VALUES (?, ?, ?, ?)
]; ERROR: duplicate key value violates unique constraint "batch_job_instance_pkey"
  Detail: Key (job_instance_id)=(51) already exists.', 'API', '{"tenantId":"tenant_demo_002","batchSize":100,"maxSubscriptions":10000}');
INSERT INTO public.batch_job_execution_log (id, job_name, job_type, status, tenant_id, started_at, completed_at, duration_ms, processed_count, success_count, failed_count, error_message, triggered_by, parameters_json) VALUES (4559, 'subscriptionRenewalJob', 'SUBSCRIPTION_RENEWAL', 'FAILED', 'tenant_demo_002', '2026-02-24 11:59:59.101711', '2026-02-24 11:59:59.234431', 132, 0, 0, 0, 'PreparedStatementCallback; SQL [INSERT INTO BATCH_JOB_INSTANCE(JOB_INSTANCE_ID, JOB_NAME, JOB_KEY, VERSION)
	VALUES (?, ?, ?, ?)
]; ERROR: duplicate key value violates unique constraint "batch_job_instance_pkey"
  Detail: Key (job_instance_id)=(52) already exists.', 'API', '{"tenantId":"tenant_demo_002","batchSize":100,"maxSubscriptions":10000}');
INSERT INTO public.batch_job_execution_log (id, job_name, job_type, status, tenant_id, started_at, completed_at, duration_ms, processed_count, success_count, failed_count, error_message, triggered_by, parameters_json) VALUES (4561, 'subscriptionRenewalJob', 'SUBSCRIPTION_RENEWAL', 'RUNNING', 'tenant_demo_002', '2026-02-24 17:59:59.118241', NULL, NULL, 0, 0, 0, NULL, 'API', '{"tenantId":"tenant_demo_002","batchSize":100,"maxSubscriptions":10000}');
INSERT INTO public.batch_job_execution_log (id, job_name, job_type, status, tenant_id, started_at, completed_at, duration_ms, processed_count, success_count, failed_count, error_message, triggered_by, parameters_json) VALUES (4563, 'subscriptionRenewalJob', 'SUBSCRIPTION_RENEWAL', 'RUNNING', 'tenant_demo_002', '2026-02-24 23:59:59.027181', NULL, NULL, 0, 0, 0, NULL, 'API', '{"tenantId":"tenant_demo_002","batchSize":100,"maxSubscriptions":10000}');
INSERT INTO public.batch_job_execution_log (id, job_name, job_type, status, tenant_id, started_at, completed_at, duration_ms, processed_count, success_count, failed_count, error_message, triggered_by, parameters_json) VALUES (4567, 'subscriptionRenewalJob', 'SUBSCRIPTION_RENEWAL', 'RUNNING', 'tenant_demo_002', '2026-02-25 11:59:59.155614', NULL, NULL, 0, 0, 0, NULL, 'API', '{"tenantId":"tenant_demo_002","batchSize":100,"maxSubscriptions":10000}');
INSERT INTO public.batch_job_execution_log (id, job_name, job_type, status, tenant_id, started_at, completed_at, duration_ms, processed_count, success_count, failed_count, error_message, triggered_by, parameters_json) VALUES (4569, 'contactFormEmailJob', 'CONTACT_FORM_EMAIL', 'COMPLETED', 'tenant_demo_002', '2026-02-25 14:48:05.520872', '2026-02-25 14:48:07.020477', 1499, 1, 1, 0, NULL, 'API', '{"tenantId":"tenant_demo_002","fromEmail":"dhanya@keleno.com","toEmail":"info@mosc.in"}');
INSERT INTO public.batch_job_execution_log (id, job_name, job_type, status, tenant_id, started_at, completed_at, duration_ms, processed_count, success_count, failed_count, error_message, triggered_by, parameters_json) VALUES (4571, 'contactFormEmailJob', 'CONTACT_FORM_EMAIL', 'COMPLETED', 'tenant_demo_002', '2026-02-25 15:12:32.071651', '2026-02-25 15:12:32.641831', 570, 1, 1, 0, NULL, 'API', '{"tenantId":"tenant_demo_002","fromEmail":"dhanya@keleno.com","toEmail":"info@mosc.in"}');
INSERT INTO public.batch_job_execution_log (id, job_name, job_type, status, tenant_id, started_at, completed_at, duration_ms, processed_count, success_count, failed_count, error_message, triggered_by, parameters_json) VALUES (4573, 'contactFormEmailJob', 'CONTACT_FORM_EMAIL', 'COMPLETED', 'tenant_demo_002', '2026-02-25 15:16:52.121598', '2026-02-25 15:16:52.72877', 607, 1, 1, 0, NULL, 'API', '{"tenantId":"tenant_demo_002","fromEmail":"dhanya@keleno.com","toEmail":"info@mosc.in"}');
INSERT INTO public.batch_job_execution_log (id, job_name, job_type, status, tenant_id, started_at, completed_at, duration_ms, processed_count, success_count, failed_count, error_message, triggered_by, parameters_json) VALUES (4575, 'subscriptionRenewalJob', 'SUBSCRIPTION_RENEWAL', 'RUNNING', 'tenant_demo_002', '2026-02-25 17:59:59.209081', NULL, NULL, 0, 0, 0, NULL, 'API', '{"tenantId":"tenant_demo_002","batchSize":100,"maxSubscriptions":10000}');
INSERT INTO public.batch_job_execution_log (id, job_name, job_type, status, tenant_id, started_at, completed_at, duration_ms, processed_count, success_count, failed_count, error_message, triggered_by, parameters_json) VALUES (4577, 'subscriptionRenewalJob', 'SUBSCRIPTION_RENEWAL', 'RUNNING', 'tenant_demo_002', '2026-02-25 23:59:59.074313', NULL, NULL, 0, 0, 0, NULL, 'API', '{"tenantId":"tenant_demo_002","batchSize":100,"maxSubscriptions":10000}');
INSERT INTO public.batch_job_execution_log (id, job_name, job_type, status, tenant_id, started_at, completed_at, duration_ms, processed_count, success_count, failed_count, error_message, triggered_by, parameters_json) VALUES (4579, 'subscriptionRenewalJob', 'SUBSCRIPTION_RENEWAL', 'RUNNING', 'tenant_demo_002', '2026-02-26 05:59:59.106618', NULL, NULL, 0, 0, 0, NULL, 'API', '{"tenantId":"tenant_demo_002","batchSize":100,"maxSubscriptions":10000}');
INSERT INTO public.batch_job_execution_log (id, job_name, job_type, status, tenant_id, started_at, completed_at, duration_ms, processed_count, success_count, failed_count, error_message, triggered_by, parameters_json) VALUES (4581, 'subscriptionRenewalJob', 'SUBSCRIPTION_RENEWAL', 'RUNNING', 'tenant_demo_002', '2026-02-26 11:59:59.315342', NULL, NULL, 0, 0, 0, NULL, 'API', '{"tenantId":"tenant_demo_002","batchSize":100,"maxSubscriptions":10000}');
INSERT INTO public.batch_job_execution_log (id, job_name, job_type, status, tenant_id, started_at, completed_at, duration_ms, processed_count, success_count, failed_count, error_message, triggered_by, parameters_json) VALUES (4583, 'subscriptionRenewalJob', 'SUBSCRIPTION_RENEWAL', 'RUNNING', 'tenant_demo_002', '2026-02-26 17:59:59.203008', NULL, NULL, 0, 0, 0, NULL, 'API', '{"tenantId":"tenant_demo_002","batchSize":100,"maxSubscriptions":10000}');
INSERT INTO public.batch_job_execution_log (id, job_name, job_type, status, tenant_id, started_at, completed_at, duration_ms, processed_count, success_count, failed_count, error_message, triggered_by, parameters_json) VALUES (4585, 'subscriptionRenewalJob', 'SUBSCRIPTION_RENEWAL', 'RUNNING', 'tenant_demo_002', '2026-02-26 23:59:58.96887', NULL, NULL, 0, 0, 0, NULL, 'API', '{"tenantId":"tenant_demo_002","batchSize":100,"maxSubscriptions":10000}');
INSERT INTO public.batch_job_execution_log (id, job_name, job_type, status, tenant_id, started_at, completed_at, duration_ms, processed_count, success_count, failed_count, error_message, triggered_by, parameters_json) VALUES (4587, 'contactFormEmailJob', 'CONTACT_FORM_EMAIL', 'COMPLETED', 'tenant_demo_002', '2026-02-27 03:48:17.717702', '2026-02-27 03:48:18.51004', 792, 1, 1, 0, NULL, 'API', '{"tenantId":"tenant_demo_002","fromEmail":"dhanya@keleno.com","toEmail":"info@mosc.in"}');
INSERT INTO public.batch_job_execution_log (id, job_name, job_type, status, tenant_id, started_at, completed_at, duration_ms, processed_count, success_count, failed_count, error_message, triggered_by, parameters_json) VALUES (4589, 'subscriptionRenewalJob', 'SUBSCRIPTION_RENEWAL', 'RUNNING', 'tenant_demo_002', '2026-02-27 05:59:59.078717', NULL, NULL, 0, 0, 0, NULL, 'API', '{"tenantId":"tenant_demo_002","batchSize":100,"maxSubscriptions":10000}');
INSERT INTO public.batch_job_execution_log (id, job_name, job_type, status, tenant_id, started_at, completed_at, duration_ms, processed_count, success_count, failed_count, error_message, triggered_by, parameters_json) VALUES (4591, 'subscriptionRenewalJob', 'SUBSCRIPTION_RENEWAL', 'RUNNING', 'tenant_demo_002', '2026-02-27 11:59:59.089219', NULL, NULL, 0, 0, 0, NULL, 'API', '{"tenantId":"tenant_demo_002","batchSize":100,"maxSubscriptions":10000}');
INSERT INTO public.batch_job_execution_log (id, job_name, job_type, status, tenant_id, started_at, completed_at, duration_ms, processed_count, success_count, failed_count, error_message, triggered_by, parameters_json) VALUES (4593, 'subscriptionRenewalJob', 'SUBSCRIPTION_RENEWAL', 'RUNNING', 'tenant_demo_002', '2026-02-27 17:59:59.049328', NULL, NULL, 0, 0, 0, NULL, 'API', '{"tenantId":"tenant_demo_002","batchSize":100,"maxSubscriptions":10000}');
INSERT INTO public.batch_job_execution_log (id, job_name, job_type, status, tenant_id, started_at, completed_at, duration_ms, processed_count, success_count, failed_count, error_message, triggered_by, parameters_json) VALUES (4595, 'subscriptionRenewalJob', 'SUBSCRIPTION_RENEWAL', 'RUNNING', 'tenant_demo_002', '2026-02-27 23:59:59.075538', NULL, NULL, 0, 0, 0, NULL, 'API', '{"tenantId":"tenant_demo_002","batchSize":100,"maxSubscriptions":10000}');
INSERT INTO public.batch_job_execution_log (id, job_name, job_type, status, tenant_id, started_at, completed_at, duration_ms, processed_count, success_count, failed_count, error_message, triggered_by, parameters_json) VALUES (4597, 'subscriptionRenewalJob', 'SUBSCRIPTION_RENEWAL', 'FAILED', 'tenant_demo_002', '2026-03-01 06:00:00.39427', '2026-03-01 06:00:00.834472', 440, 0, 0, 0, 'PreparedStatementCallback; SQL [INSERT INTO BATCH_JOB_INSTANCE(JOB_INSTANCE_ID, JOB_NAME, JOB_KEY, VERSION)
	VALUES (?, ?, ?, ?)
]; ERROR: duplicate key value violates unique constraint "batch_job_instance_pkey"
  Detail: Key (job_instance_id)=(2) already exists.', 'API', '{"tenantId":"tenant_demo_002","batchSize":100,"maxSubscriptions":10000}');
INSERT INTO public.batch_job_execution_log (id, job_name, job_type, status, tenant_id, started_at, completed_at, duration_ms, processed_count, success_count, failed_count, error_message, triggered_by, parameters_json) VALUES (4599, 'subscriptionRenewalJob', 'SUBSCRIPTION_RENEWAL', 'FAILED', 'tenant_demo_002', '2026-03-01 11:59:58.965786', '2026-03-01 11:59:59.06753', 101, 0, 0, 0, 'PreparedStatementCallback; SQL [INSERT INTO BATCH_JOB_EXECUTION(JOB_EXECUTION_ID, JOB_INSTANCE_ID, START_TIME, END_TIME, STATUS, EXIT_CODE, EXIT_MESSAGE, VERSION, CREATE_TIME, LAST_UPDATED)
	VALUES (?, ?, ?, ?, ?, ?, ?, ?, ?, ?)
]; ERROR: duplicate key value violates unique constraint "batch_job_execution_pkey"
  Detail: Key (job_execution_id)=(2) already exists.', 'API', '{"tenantId":"tenant_demo_002","batchSize":100,"maxSubscriptions":10000}');
INSERT INTO public.batch_job_execution_log (id, job_name, job_type, status, tenant_id, started_at, completed_at, duration_ms, processed_count, success_count, failed_count, error_message, triggered_by, parameters_json) VALUES (4601, 'subscriptionRenewalJob', 'SUBSCRIPTION_RENEWAL', 'FAILED', 'tenant_demo_002', '2026-03-01 17:59:59.013609', '2026-03-01 17:59:59.083007', 69, 0, 0, 0, 'PreparedStatementCallback; SQL [INSERT INTO BATCH_JOB_INSTANCE(JOB_INSTANCE_ID, JOB_NAME, JOB_KEY, VERSION)
	VALUES (?, ?, ?, ?)
]; ERROR: duplicate key value violates unique constraint "batch_job_instance_pkey"
  Detail: Key (job_instance_id)=(4) already exists.', 'API', '{"tenantId":"tenant_demo_002","batchSize":100,"maxSubscriptions":10000}');
INSERT INTO public.batch_job_execution_log (id, job_name, job_type, status, tenant_id, started_at, completed_at, duration_ms, processed_count, success_count, failed_count, error_message, triggered_by, parameters_json) VALUES (4603, 'subscriptionRenewalJob', 'SUBSCRIPTION_RENEWAL', 'FAILED', 'tenant_demo_002', '2026-03-01 23:59:59.065287', '2026-03-01 23:59:59.173669', 108, 0, 0, 0, 'PreparedStatementCallback; SQL [INSERT INTO BATCH_JOB_INSTANCE(JOB_INSTANCE_ID, JOB_NAME, JOB_KEY, VERSION)
	VALUES (?, ?, ?, ?)
]; ERROR: duplicate key value violates unique constraint "batch_job_instance_pkey"
  Detail: Key (job_instance_id)=(5) already exists.', 'API', '{"tenantId":"tenant_demo_002","batchSize":100,"maxSubscriptions":10000}');
INSERT INTO public.batch_job_execution_log (id, job_name, job_type, status, tenant_id, started_at, completed_at, duration_ms, processed_count, success_count, failed_count, error_message, triggered_by, parameters_json) VALUES (4605, 'subscriptionRenewalJob', 'SUBSCRIPTION_RENEWAL', 'FAILED', 'tenant_demo_002', '2026-03-02 05:59:58.970168', '2026-03-02 05:59:59.102805', 132, 0, 0, 0, 'PreparedStatementCallback; SQL [INSERT INTO BATCH_JOB_INSTANCE(JOB_INSTANCE_ID, JOB_NAME, JOB_KEY, VERSION)
	VALUES (?, ?, ?, ?)
]; ERROR: duplicate key value violates unique constraint "batch_job_instance_pkey"
  Detail: Key (job_instance_id)=(6) already exists.', 'API', '{"tenantId":"tenant_demo_002","batchSize":100,"maxSubscriptions":10000}');
INSERT INTO public.batch_job_execution_log (id, job_name, job_type, status, tenant_id, started_at, completed_at, duration_ms, processed_count, success_count, failed_count, error_message, triggered_by, parameters_json) VALUES (4607, 'subscriptionRenewalJob', 'SUBSCRIPTION_RENEWAL', 'FAILED', 'tenant_demo_002', '2026-03-02 11:59:59.067571', '2026-03-02 11:59:59.198777', 131, 0, 0, 0, 'PreparedStatementCallback; SQL [INSERT INTO BATCH_JOB_INSTANCE(JOB_INSTANCE_ID, JOB_NAME, JOB_KEY, VERSION)
	VALUES (?, ?, ?, ?)
]; ERROR: duplicate key value violates unique constraint "batch_job_instance_pkey"
  Detail: Key (job_instance_id)=(7) already exists.', 'API', '{"tenantId":"tenant_demo_002","batchSize":100,"maxSubscriptions":10000}');
INSERT INTO public.batch_job_execution_log (id, job_name, job_type, status, tenant_id, started_at, completed_at, duration_ms, processed_count, success_count, failed_count, error_message, triggered_by, parameters_json) VALUES (4609, 'subscriptionRenewalJob', 'SUBSCRIPTION_RENEWAL', 'FAILED', 'tenant_demo_002', '2026-03-02 17:59:59.055131', '2026-03-02 17:59:59.166968', 111, 0, 0, 0, 'PreparedStatementCallback; SQL [INSERT INTO BATCH_JOB_INSTANCE(JOB_INSTANCE_ID, JOB_NAME, JOB_KEY, VERSION)
	VALUES (?, ?, ?, ?)
]; ERROR: duplicate key value violates unique constraint "batch_job_instance_pkey"
  Detail: Key (job_instance_id)=(8) already exists.', 'API', '{"tenantId":"tenant_demo_002","batchSize":100,"maxSubscriptions":10000}');
INSERT INTO public.batch_job_execution_log (id, job_name, job_type, status, tenant_id, started_at, completed_at, duration_ms, processed_count, success_count, failed_count, error_message, triggered_by, parameters_json) VALUES (4611, 'subscriptionRenewalJob', 'SUBSCRIPTION_RENEWAL', 'FAILED', 'tenant_demo_002', '2026-03-02 23:59:59.017073', '2026-03-02 23:59:59.136351', 119, 0, 0, 0, 'PreparedStatementCallback; SQL [INSERT INTO BATCH_JOB_INSTANCE(JOB_INSTANCE_ID, JOB_NAME, JOB_KEY, VERSION)
	VALUES (?, ?, ?, ?)
]; ERROR: duplicate key value violates unique constraint "batch_job_instance_pkey"
  Detail: Key (job_instance_id)=(2) already exists.', 'API', '{"tenantId":"tenant_demo_002","batchSize":100,"maxSubscriptions":10000}');
INSERT INTO public.batch_job_execution_log (id, job_name, job_type, status, tenant_id, started_at, completed_at, duration_ms, processed_count, success_count, failed_count, error_message, triggered_by, parameters_json) VALUES (4643, 'subscriptionRenewalJob', 'SUBSCRIPTION_RENEWAL', 'FAILED', 'tenant_demo_002', '2026-03-07 11:59:58.938551', '2026-03-07 11:59:58.986162', 47, 0, 0, 0, 'PreparedStatementCallback; SQL [INSERT INTO BATCH_JOB_INSTANCE(JOB_INSTANCE_ID, JOB_NAME, JOB_KEY, VERSION)
	VALUES (?, ?, ?, ?)
]; ERROR: duplicate key value violates unique constraint "batch_job_instance_pkey"
  Detail: Key (job_instance_id)=(7) already exists.', 'API', '{"tenantId":"tenant_demo_002","batchSize":100,"maxSubscriptions":10000}');
INSERT INTO public.batch_job_execution_log (id, job_name, job_type, status, tenant_id, started_at, completed_at, duration_ms, processed_count, success_count, failed_count, error_message, triggered_by, parameters_json) VALUES (4613, 'subscriptionRenewalJob', 'SUBSCRIPTION_RENEWAL', 'FAILED', 'tenant_demo_002', '2026-03-03 05:59:58.997096', '2026-03-03 05:59:59.131709', 134, 0, 0, 0, 'PreparedStatementCallback; SQL [INSERT INTO BATCH_JOB_EXECUTION(JOB_EXECUTION_ID, JOB_INSTANCE_ID, START_TIME, END_TIME, STATUS, EXIT_CODE, EXIT_MESSAGE, VERSION, CREATE_TIME, LAST_UPDATED)
	VALUES (?, ?, ?, ?, ?, ?, ?, ?, ?, ?)
]; ERROR: duplicate key value violates unique constraint "batch_job_execution_pkey"
  Detail: Key (job_execution_id)=(2) already exists.', 'API', '{"tenantId":"tenant_demo_002","batchSize":100,"maxSubscriptions":10000}');
INSERT INTO public.batch_job_execution_log (id, job_name, job_type, status, tenant_id, started_at, completed_at, duration_ms, processed_count, success_count, failed_count, error_message, triggered_by, parameters_json) VALUES (4615, 'subscriptionRenewalJob', 'SUBSCRIPTION_RENEWAL', 'FAILED', 'tenant_demo_002', '2026-03-03 11:59:59.01668', '2026-03-03 11:59:59.132187', 115, 0, 0, 0, 'PreparedStatementCallback; SQL [INSERT INTO BATCH_JOB_INSTANCE(JOB_INSTANCE_ID, JOB_NAME, JOB_KEY, VERSION)
	VALUES (?, ?, ?, ?)
]; ERROR: duplicate key value violates unique constraint "batch_job_instance_pkey"
  Detail: Key (job_instance_id)=(4) already exists.', 'API', '{"tenantId":"tenant_demo_002","batchSize":100,"maxSubscriptions":10000}');
INSERT INTO public.batch_job_execution_log (id, job_name, job_type, status, tenant_id, started_at, completed_at, duration_ms, processed_count, success_count, failed_count, error_message, triggered_by, parameters_json) VALUES (4617, 'subscriptionRenewalJob', 'SUBSCRIPTION_RENEWAL', 'FAILED', 'tenant_demo_002', '2026-03-03 17:59:58.919515', '2026-03-03 17:59:59.051274', 131, 0, 0, 0, 'PreparedStatementCallback; SQL [INSERT INTO BATCH_JOB_INSTANCE(JOB_INSTANCE_ID, JOB_NAME, JOB_KEY, VERSION)
	VALUES (?, ?, ?, ?)
]; ERROR: duplicate key value violates unique constraint "batch_job_instance_pkey"
  Detail: Key (job_instance_id)=(5) already exists.', 'API', '{"tenantId":"tenant_demo_002","batchSize":100,"maxSubscriptions":10000}');
INSERT INTO public.batch_job_execution_log (id, job_name, job_type, status, tenant_id, started_at, completed_at, duration_ms, processed_count, success_count, failed_count, error_message, triggered_by, parameters_json) VALUES (4619, 'subscriptionRenewalJob', 'SUBSCRIPTION_RENEWAL', 'FAILED', 'tenant_demo_002', '2026-03-03 23:59:59.068691', '2026-03-03 23:59:59.184947', 116, 0, 0, 0, 'PreparedStatementCallback; SQL [INSERT INTO BATCH_JOB_INSTANCE(JOB_INSTANCE_ID, JOB_NAME, JOB_KEY, VERSION)
	VALUES (?, ?, ?, ?)
]; ERROR: duplicate key value violates unique constraint "batch_job_instance_pkey"
  Detail: Key (job_instance_id)=(6) already exists.', 'API', '{"tenantId":"tenant_demo_002","batchSize":100,"maxSubscriptions":10000}');
INSERT INTO public.batch_job_execution_log (id, job_name, job_type, status, tenant_id, started_at, completed_at, duration_ms, processed_count, success_count, failed_count, error_message, triggered_by, parameters_json) VALUES (4621, 'subscriptionRenewalJob', 'SUBSCRIPTION_RENEWAL', 'FAILED', 'tenant_demo_002', '2026-03-04 05:59:59.004038', '2026-03-04 05:59:59.13432', 130, 0, 0, 0, 'PreparedStatementCallback; SQL [INSERT INTO BATCH_JOB_INSTANCE(JOB_INSTANCE_ID, JOB_NAME, JOB_KEY, VERSION)
	VALUES (?, ?, ?, ?)
]; ERROR: duplicate key value violates unique constraint "batch_job_instance_pkey"
  Detail: Key (job_instance_id)=(7) already exists.', 'API', '{"tenantId":"tenant_demo_002","batchSize":100,"maxSubscriptions":10000}');
INSERT INTO public.batch_job_execution_log (id, job_name, job_type, status, tenant_id, started_at, completed_at, duration_ms, processed_count, success_count, failed_count, error_message, triggered_by, parameters_json) VALUES (4623, 'subscriptionRenewalJob', 'SUBSCRIPTION_RENEWAL', 'FAILED', 'tenant_demo_002', '2026-03-04 11:59:58.953354', '2026-03-04 11:59:59.086181', 132, 0, 0, 0, 'PreparedStatementCallback; SQL [INSERT INTO BATCH_JOB_INSTANCE(JOB_INSTANCE_ID, JOB_NAME, JOB_KEY, VERSION)
	VALUES (?, ?, ?, ?)
]; ERROR: duplicate key value violates unique constraint "batch_job_instance_pkey"
  Detail: Key (job_instance_id)=(8) already exists.', 'API', '{"tenantId":"tenant_demo_002","batchSize":100,"maxSubscriptions":10000}');
INSERT INTO public.batch_job_execution_log (id, job_name, job_type, status, tenant_id, started_at, completed_at, duration_ms, processed_count, success_count, failed_count, error_message, triggered_by, parameters_json) VALUES (4625, 'subscriptionRenewalJob', 'SUBSCRIPTION_RENEWAL', 'FAILED', 'tenant_demo_002', '2026-03-04 17:59:58.97233', '2026-03-04 17:59:59.111082', 138, 0, 0, 0, 'PreparedStatementCallback; SQL [INSERT INTO BATCH_JOB_INSTANCE(JOB_INSTANCE_ID, JOB_NAME, JOB_KEY, VERSION)
	VALUES (?, ?, ?, ?)
]; ERROR: duplicate key value violates unique constraint "batch_job_instance_pkey"
  Detail: Key (job_instance_id)=(9) already exists.', 'API', '{"tenantId":"tenant_demo_002","batchSize":100,"maxSubscriptions":10000}');
INSERT INTO public.batch_job_execution_log (id, job_name, job_type, status, tenant_id, started_at, completed_at, duration_ms, processed_count, success_count, failed_count, error_message, triggered_by, parameters_json) VALUES (4627, 'subscriptionRenewalJob', 'SUBSCRIPTION_RENEWAL', 'FAILED', 'tenant_demo_002', '2026-03-05 00:00:00.255272', '2026-03-05 00:00:00.518169', 262, 0, 0, 0, 'PreparedStatementCallback; SQL [INSERT INTO BATCH_JOB_INSTANCE(JOB_INSTANCE_ID, JOB_NAME, JOB_KEY, VERSION)
	VALUES (?, ?, ?, ?)
]; ERROR: duplicate key value violates unique constraint "batch_job_instance_pkey"
  Detail: Key (job_instance_id)=(10) already exists.', 'API', '{"tenantId":"tenant_demo_002","batchSize":100,"maxSubscriptions":10000}');
INSERT INTO public.batch_job_execution_log (id, job_name, job_type, status, tenant_id, started_at, completed_at, duration_ms, processed_count, success_count, failed_count, error_message, triggered_by, parameters_json) VALUES (4629, 'subscriptionRenewalJob', 'SUBSCRIPTION_RENEWAL', 'FAILED', 'tenant_demo_002', '2026-03-05 05:59:59.217609', '2026-03-05 05:59:59.507303', 289, 0, 0, 0, 'PreparedStatementCallback; SQL [INSERT INTO BATCH_JOB_INSTANCE(JOB_INSTANCE_ID, JOB_NAME, JOB_KEY, VERSION)
	VALUES (?, ?, ?, ?)
]; ERROR: duplicate key value violates unique constraint "batch_job_instance_pkey"
  Detail: Key (job_instance_id)=(43) already exists.', 'API', '{"tenantId":"tenant_demo_002","batchSize":100,"maxSubscriptions":10000}');
INSERT INTO public.batch_job_execution_log (id, job_name, job_type, status, tenant_id, started_at, completed_at, duration_ms, processed_count, success_count, failed_count, error_message, triggered_by, parameters_json) VALUES (4631, 'subscriptionRenewalJob', 'SUBSCRIPTION_RENEWAL', 'FAILED', 'tenant_demo_002', '2026-03-05 11:59:59.115486', '2026-03-05 11:59:59.218763', 103, 0, 0, 0, 'PreparedStatementCallback; SQL [INSERT INTO BATCH_JOB_INSTANCE(JOB_INSTANCE_ID, JOB_NAME, JOB_KEY, VERSION)
	VALUES (?, ?, ?, ?)
]; ERROR: duplicate key value violates unique constraint "batch_job_instance_pkey"
  Detail: Key (job_instance_id)=(44) already exists.', 'API', '{"tenantId":"tenant_demo_002","batchSize":100,"maxSubscriptions":10000}');
INSERT INTO public.batch_job_execution_log (id, job_name, job_type, status, tenant_id, started_at, completed_at, duration_ms, processed_count, success_count, failed_count, error_message, triggered_by, parameters_json) VALUES (4633, 'subscriptionRenewalJob', 'SUBSCRIPTION_RENEWAL', 'FAILED', 'tenant_demo_002', '2026-03-06 05:59:59.164572', '2026-03-06 05:59:59.497754', 333, 0, 0, 0, 'PreparedStatementCallback; SQL [INSERT INTO BATCH_JOB_INSTANCE(JOB_INSTANCE_ID, JOB_NAME, JOB_KEY, VERSION)
	VALUES (?, ?, ?, ?)
]; ERROR: duplicate key value violates unique constraint "batch_job_instance_pkey"
  Detail: Key (job_instance_id)=(2) already exists.', 'API', '{"tenantId":"tenant_demo_002","batchSize":100,"maxSubscriptions":10000}');
INSERT INTO public.batch_job_execution_log (id, job_name, job_type, status, tenant_id, started_at, completed_at, duration_ms, processed_count, success_count, failed_count, error_message, triggered_by, parameters_json) VALUES (4635, 'subscriptionRenewalJob', 'SUBSCRIPTION_RENEWAL', 'FAILED', 'tenant_demo_002', '2026-03-06 11:59:59.10985', '2026-03-06 11:59:59.246162', 136, 0, 0, 0, 'PreparedStatementCallback; SQL [INSERT INTO BATCH_JOB_EXECUTION(JOB_EXECUTION_ID, JOB_INSTANCE_ID, START_TIME, END_TIME, STATUS, EXIT_CODE, EXIT_MESSAGE, VERSION, CREATE_TIME, LAST_UPDATED)
	VALUES (?, ?, ?, ?, ?, ?, ?, ?, ?, ?)
]; ERROR: duplicate key value violates unique constraint "batch_job_execution_pkey"
  Detail: Key (job_execution_id)=(2) already exists.', 'API', '{"tenantId":"tenant_demo_002","batchSize":100,"maxSubscriptions":10000}');
INSERT INTO public.batch_job_execution_log (id, job_name, job_type, status, tenant_id, started_at, completed_at, duration_ms, processed_count, success_count, failed_count, error_message, triggered_by, parameters_json) VALUES (4637, 'subscriptionRenewalJob', 'SUBSCRIPTION_RENEWAL', 'FAILED', 'tenant_demo_002', '2026-03-06 17:59:59.153157', '2026-03-06 17:59:59.261476', 108, 0, 0, 0, 'PreparedStatementCallback; SQL [INSERT INTO BATCH_JOB_INSTANCE(JOB_INSTANCE_ID, JOB_NAME, JOB_KEY, VERSION)
	VALUES (?, ?, ?, ?)
]; ERROR: duplicate key value violates unique constraint "batch_job_instance_pkey"
  Detail: Key (job_instance_id)=(4) already exists.', 'API', '{"tenantId":"tenant_demo_002","batchSize":100,"maxSubscriptions":10000}');
INSERT INTO public.batch_job_execution_log (id, job_name, job_type, status, tenant_id, started_at, completed_at, duration_ms, processed_count, success_count, failed_count, error_message, triggered_by, parameters_json) VALUES (4639, 'subscriptionRenewalJob', 'SUBSCRIPTION_RENEWAL', 'FAILED', 'tenant_demo_002', '2026-03-06 23:59:59.02013', '2026-03-06 23:59:59.146983', 126, 0, 0, 0, 'PreparedStatementCallback; SQL [INSERT INTO BATCH_JOB_INSTANCE(JOB_INSTANCE_ID, JOB_NAME, JOB_KEY, VERSION)
	VALUES (?, ?, ?, ?)
]; ERROR: duplicate key value violates unique constraint "batch_job_instance_pkey"
  Detail: Key (job_instance_id)=(5) already exists.', 'API', '{"tenantId":"tenant_demo_002","batchSize":100,"maxSubscriptions":10000}');
INSERT INTO public.batch_job_execution_log (id, job_name, job_type, status, tenant_id, started_at, completed_at, duration_ms, processed_count, success_count, failed_count, error_message, triggered_by, parameters_json) VALUES (4641, 'subscriptionRenewalJob', 'SUBSCRIPTION_RENEWAL', 'FAILED', 'tenant_demo_002', '2026-03-07 05:59:59.001761', '2026-03-07 05:59:59.057117', 55, 0, 0, 0, 'PreparedStatementCallback; SQL [INSERT INTO BATCH_JOB_INSTANCE(JOB_INSTANCE_ID, JOB_NAME, JOB_KEY, VERSION)
	VALUES (?, ?, ?, ?)
]; ERROR: duplicate key value violates unique constraint "batch_job_instance_pkey"
  Detail: Key (job_instance_id)=(6) already exists.', 'API', '{"tenantId":"tenant_demo_002","batchSize":100,"maxSubscriptions":10000}');
INSERT INTO public.batch_job_execution_log (id, job_name, job_type, status, tenant_id, started_at, completed_at, duration_ms, processed_count, success_count, failed_count, error_message, triggered_by, parameters_json) VALUES (4645, 'subscriptionRenewalJob', 'SUBSCRIPTION_RENEWAL', 'FAILED', 'tenant_demo_002', '2026-03-07 17:59:59.011083', '2026-03-07 17:59:59.066131', 55, 0, 0, 0, 'PreparedStatementCallback; SQL [INSERT INTO BATCH_JOB_INSTANCE(JOB_INSTANCE_ID, JOB_NAME, JOB_KEY, VERSION)
	VALUES (?, ?, ?, ?)
]; ERROR: duplicate key value violates unique constraint "batch_job_instance_pkey"
  Detail: Key (job_instance_id)=(8) already exists.', 'API', '{"tenantId":"tenant_demo_002","batchSize":100,"maxSubscriptions":10000}');
INSERT INTO public.batch_job_execution_log (id, job_name, job_type, status, tenant_id, started_at, completed_at, duration_ms, processed_count, success_count, failed_count, error_message, triggered_by, parameters_json) VALUES (4647, 'subscriptionRenewalJob', 'SUBSCRIPTION_RENEWAL', 'FAILED', 'tenant_demo_002', '2026-03-07 23:59:58.957583', '2026-03-07 23:59:59.017701', 60, 0, 0, 0, 'PreparedStatementCallback; SQL [INSERT INTO BATCH_JOB_INSTANCE(JOB_INSTANCE_ID, JOB_NAME, JOB_KEY, VERSION)
	VALUES (?, ?, ?, ?)
]; ERROR: duplicate key value violates unique constraint "batch_job_instance_pkey"
  Detail: Key (job_instance_id)=(9) already exists.', 'API', '{"tenantId":"tenant_demo_002","batchSize":100,"maxSubscriptions":10000}');
INSERT INTO public.batch_job_execution_log (id, job_name, job_type, status, tenant_id, started_at, completed_at, duration_ms, processed_count, success_count, failed_count, error_message, triggered_by, parameters_json) VALUES (4649, 'subscriptionRenewalJob', 'SUBSCRIPTION_RENEWAL', 'FAILED', 'tenant_demo_002', '2026-03-08 05:59:59.183861', '2026-03-08 05:59:59.306781', 122, 0, 0, 0, 'PreparedStatementCallback; SQL [INSERT INTO BATCH_JOB_INSTANCE(JOB_INSTANCE_ID, JOB_NAME, JOB_KEY, VERSION)
	VALUES (?, ?, ?, ?)
]; ERROR: duplicate key value violates unique constraint "batch_job_instance_pkey"
  Detail: Key (job_instance_id)=(10) already exists.', 'API', '{"tenantId":"tenant_demo_002","batchSize":100,"maxSubscriptions":10000}');
INSERT INTO public.batch_job_execution_log (id, job_name, job_type, status, tenant_id, started_at, completed_at, duration_ms, processed_count, success_count, failed_count, error_message, triggered_by, parameters_json) VALUES (4651, 'subscriptionRenewalJob', 'SUBSCRIPTION_RENEWAL', 'FAILED', 'tenant_demo_002', '2026-03-08 11:59:59.057128', '2026-03-08 11:59:59.156015', 98, 0, 0, 0, 'PreparedStatementCallback; SQL [INSERT INTO BATCH_JOB_INSTANCE(JOB_INSTANCE_ID, JOB_NAME, JOB_KEY, VERSION)
	VALUES (?, ?, ?, ?)
]; ERROR: duplicate key value violates unique constraint "batch_job_instance_pkey"
  Detail: Key (job_instance_id)=(11) already exists.', 'API', '{"tenantId":"tenant_demo_002","batchSize":100,"maxSubscriptions":10000}');
INSERT INTO public.batch_job_execution_log (id, job_name, job_type, status, tenant_id, started_at, completed_at, duration_ms, processed_count, success_count, failed_count, error_message, triggered_by, parameters_json) VALUES (4653, 'subscriptionRenewalJob', 'SUBSCRIPTION_RENEWAL', 'FAILED', 'tenant_demo_002', '2026-03-08 17:59:59.03081', '2026-03-08 17:59:59.090814', 60, 0, 0, 0, 'PreparedStatementCallback; SQL [INSERT INTO BATCH_JOB_INSTANCE(JOB_INSTANCE_ID, JOB_NAME, JOB_KEY, VERSION)
	VALUES (?, ?, ?, ?)
]; ERROR: duplicate key value violates unique constraint "batch_job_instance_pkey"
  Detail: Key (job_instance_id)=(12) already exists.', 'API', '{"tenantId":"tenant_demo_002","batchSize":100,"maxSubscriptions":10000}');
INSERT INTO public.batch_job_execution_log (id, job_name, job_type, status, tenant_id, started_at, completed_at, duration_ms, processed_count, success_count, failed_count, error_message, triggered_by, parameters_json) VALUES (4655, 'subscriptionRenewalJob', 'SUBSCRIPTION_RENEWAL', 'FAILED', 'tenant_demo_002', '2026-03-08 23:59:58.953587', '2026-03-08 23:59:58.99855', 44, 0, 0, 0, 'PreparedStatementCallback; SQL [INSERT INTO BATCH_JOB_INSTANCE(JOB_INSTANCE_ID, JOB_NAME, JOB_KEY, VERSION)
	VALUES (?, ?, ?, ?)
]; ERROR: duplicate key value violates unique constraint "batch_job_instance_pkey"
  Detail: Key (job_instance_id)=(13) already exists.', 'API', '{"tenantId":"tenant_demo_002","batchSize":100,"maxSubscriptions":10000}');
INSERT INTO public.batch_job_execution_log (id, job_name, job_type, status, tenant_id, started_at, completed_at, duration_ms, processed_count, success_count, failed_count, error_message, triggered_by, parameters_json) VALUES (4657, 'subscriptionRenewalJob', 'SUBSCRIPTION_RENEWAL', 'FAILED', 'tenant_demo_002', '2026-03-09 06:00:00.431328', '2026-03-09 06:00:00.764318', 332, 0, 0, 0, 'PreparedStatementCallback; SQL [INSERT INTO BATCH_JOB_INSTANCE(JOB_INSTANCE_ID, JOB_NAME, JOB_KEY, VERSION)
	VALUES (?, ?, ?, ?)
]; ERROR: duplicate key value violates unique constraint "batch_job_instance_pkey"
  Detail: Key (job_instance_id)=(14) already exists.', 'API', '{"tenantId":"tenant_demo_002","batchSize":100,"maxSubscriptions":10000}');
INSERT INTO public.batch_job_execution_log (id, job_name, job_type, status, tenant_id, started_at, completed_at, duration_ms, processed_count, success_count, failed_count, error_message, triggered_by, parameters_json) VALUES (4659, 'subscriptionRenewalJob', 'SUBSCRIPTION_RENEWAL', 'FAILED', 'tenant_demo_002', '2026-03-09 11:59:59.078209', '2026-03-09 11:59:59.190553', 112, 0, 0, 0, 'PreparedStatementCallback; SQL [INSERT INTO BATCH_JOB_INSTANCE(JOB_INSTANCE_ID, JOB_NAME, JOB_KEY, VERSION)
	VALUES (?, ?, ?, ?)
]; ERROR: duplicate key value violates unique constraint "batch_job_instance_pkey"
  Detail: Key (job_instance_id)=(15) already exists.', 'API', '{"tenantId":"tenant_demo_002","batchSize":100,"maxSubscriptions":10000}');
INSERT INTO public.batch_job_execution_log (id, job_name, job_type, status, tenant_id, started_at, completed_at, duration_ms, processed_count, success_count, failed_count, error_message, triggered_by, parameters_json) VALUES (4661, 'subscriptionRenewalJob', 'SUBSCRIPTION_RENEWAL', 'FAILED', 'tenant_demo_002', '2026-03-10 00:00:00.444017', '2026-03-10 00:00:00.790049', 346, 0, 0, 0, 'PreparedStatementCallback; SQL [INSERT INTO BATCH_JOB_INSTANCE(JOB_INSTANCE_ID, JOB_NAME, JOB_KEY, VERSION)
	VALUES (?, ?, ?, ?)
]; ERROR: duplicate key value violates unique constraint "batch_job_instance_pkey"
  Detail: Key (job_instance_id)=(2) already exists.', 'API', '{"tenantId":"tenant_demo_002","batchSize":100,"maxSubscriptions":10000}');
INSERT INTO public.batch_job_execution_log (id, job_name, job_type, status, tenant_id, started_at, completed_at, duration_ms, processed_count, success_count, failed_count, error_message, triggered_by, parameters_json) VALUES (4663, 'subscriptionRenewalJob', 'SUBSCRIPTION_RENEWAL', 'FAILED', 'tenant_demo_002', '2026-03-10 05:59:59.175491', '2026-03-10 05:59:59.305783', 130, 0, 0, 0, 'PreparedStatementCallback; SQL [INSERT INTO BATCH_JOB_EXECUTION(JOB_EXECUTION_ID, JOB_INSTANCE_ID, START_TIME, END_TIME, STATUS, EXIT_CODE, EXIT_MESSAGE, VERSION, CREATE_TIME, LAST_UPDATED)
	VALUES (?, ?, ?, ?, ?, ?, ?, ?, ?, ?)
]; ERROR: duplicate key value violates unique constraint "batch_job_execution_pkey"
  Detail: Key (job_execution_id)=(2) already exists.', 'API', '{"tenantId":"tenant_demo_002","batchSize":100,"maxSubscriptions":10000}');
INSERT INTO public.batch_job_execution_log (id, job_name, job_type, status, tenant_id, started_at, completed_at, duration_ms, processed_count, success_count, failed_count, error_message, triggered_by, parameters_json) VALUES (4665, 'subscriptionRenewalJob', 'SUBSCRIPTION_RENEWAL', 'FAILED', 'tenant_demo_002', '2026-03-10 11:59:59.126802', '2026-03-10 11:59:59.239084', 112, 0, 0, 0, 'PreparedStatementCallback; SQL [INSERT INTO BATCH_JOB_INSTANCE(JOB_INSTANCE_ID, JOB_NAME, JOB_KEY, VERSION)
	VALUES (?, ?, ?, ?)
]; ERROR: duplicate key value violates unique constraint "batch_job_instance_pkey"
  Detail: Key (job_instance_id)=(4) already exists.', 'API', '{"tenantId":"tenant_demo_002","batchSize":100,"maxSubscriptions":10000}');
INSERT INTO public.batch_job_execution_log (id, job_name, job_type, status, tenant_id, started_at, completed_at, duration_ms, processed_count, success_count, failed_count, error_message, triggered_by, parameters_json) VALUES (4667, 'subscriptionRenewalJob', 'SUBSCRIPTION_RENEWAL', 'FAILED', 'tenant_demo_002', '2026-03-10 17:59:59.083242', '2026-03-10 17:59:59.197751', 114, 0, 0, 0, 'PreparedStatementCallback; SQL [INSERT INTO BATCH_JOB_INSTANCE(JOB_INSTANCE_ID, JOB_NAME, JOB_KEY, VERSION)
	VALUES (?, ?, ?, ?)
]; ERROR: duplicate key value violates unique constraint "batch_job_instance_pkey"
  Detail: Key (job_instance_id)=(5) already exists.', 'API', '{"tenantId":"tenant_demo_002","batchSize":100,"maxSubscriptions":10000}');
INSERT INTO public.batch_job_execution_log (id, job_name, job_type, status, tenant_id, started_at, completed_at, duration_ms, processed_count, success_count, failed_count, error_message, triggered_by, parameters_json) VALUES (4669, 'subscriptionRenewalJob', 'SUBSCRIPTION_RENEWAL', 'FAILED', 'tenant_demo_002', '2026-03-10 23:59:58.993104', '2026-03-10 23:59:59.121356', 128, 0, 0, 0, 'PreparedStatementCallback; SQL [INSERT INTO BATCH_JOB_INSTANCE(JOB_INSTANCE_ID, JOB_NAME, JOB_KEY, VERSION)
	VALUES (?, ?, ?, ?)
]; ERROR: duplicate key value violates unique constraint "batch_job_instance_pkey"
  Detail: Key (job_instance_id)=(6) already exists.', 'API', '{"tenantId":"tenant_demo_002","batchSize":100,"maxSubscriptions":10000}');
INSERT INTO public.batch_job_execution_log (id, job_name, job_type, status, tenant_id, started_at, completed_at, duration_ms, processed_count, success_count, failed_count, error_message, triggered_by, parameters_json) VALUES (4671, 'subscriptionRenewalJob', 'SUBSCRIPTION_RENEWAL', 'FAILED', 'tenant_demo_002', '2026-03-11 06:00:00.400795', '2026-03-11 06:00:00.746445', 345, 0, 0, 0, 'PreparedStatementCallback; SQL [INSERT INTO BATCH_JOB_INSTANCE(JOB_INSTANCE_ID, JOB_NAME, JOB_KEY, VERSION)
	VALUES (?, ?, ?, ?)
]; ERROR: duplicate key value violates unique constraint "batch_job_instance_pkey"
  Detail: Key (job_instance_id)=(7) already exists.', 'API', '{"tenantId":"tenant_demo_002","batchSize":100,"maxSubscriptions":10000}');
INSERT INTO public.batch_job_execution_log (id, job_name, job_type, status, tenant_id, started_at, completed_at, duration_ms, processed_count, success_count, failed_count, error_message, triggered_by, parameters_json) VALUES (4673, 'subscriptionRenewalJob', 'SUBSCRIPTION_RENEWAL', 'FAILED', 'tenant_demo_002', '2026-03-11 11:59:59.106998', '2026-03-11 11:59:59.200861', 93, 0, 0, 0, 'PreparedStatementCallback; SQL [INSERT INTO BATCH_JOB_INSTANCE(JOB_INSTANCE_ID, JOB_NAME, JOB_KEY, VERSION)
	VALUES (?, ?, ?, ?)
]; ERROR: duplicate key value violates unique constraint "batch_job_instance_pkey"
  Detail: Key (job_instance_id)=(8) already exists.', 'API', '{"tenantId":"tenant_demo_002","batchSize":100,"maxSubscriptions":10000}');
INSERT INTO public.batch_job_execution_log (id, job_name, job_type, status, tenant_id, started_at, completed_at, duration_ms, processed_count, success_count, failed_count, error_message, triggered_by, parameters_json) VALUES (4675, 'subscriptionRenewalJob', 'SUBSCRIPTION_RENEWAL', 'FAILED', 'tenant_demo_002', '2026-03-11 17:59:58.914064', '2026-03-11 17:59:59.006237', 92, 0, 0, 0, 'PreparedStatementCallback; SQL [INSERT INTO BATCH_JOB_INSTANCE(JOB_INSTANCE_ID, JOB_NAME, JOB_KEY, VERSION)
	VALUES (?, ?, ?, ?)
]; ERROR: duplicate key value violates unique constraint "batch_job_instance_pkey"
  Detail: Key (job_instance_id)=(9) already exists.', 'API', '{"tenantId":"tenant_demo_002","batchSize":100,"maxSubscriptions":10000}');
INSERT INTO public.batch_job_execution_log (id, job_name, job_type, status, tenant_id, started_at, completed_at, duration_ms, processed_count, success_count, failed_count, error_message, triggered_by, parameters_json) VALUES (4677, 'subscriptionRenewalJob', 'SUBSCRIPTION_RENEWAL', 'FAILED', 'tenant_demo_002', '2026-03-11 23:59:59.117156', '2026-03-11 23:59:59.2218', 104, 0, 0, 0, 'PreparedStatementCallback; SQL [INSERT INTO BATCH_JOB_INSTANCE(JOB_INSTANCE_ID, JOB_NAME, JOB_KEY, VERSION)
	VALUES (?, ?, ?, ?)
]; ERROR: duplicate key value violates unique constraint "batch_job_instance_pkey"
  Detail: Key (job_instance_id)=(10) already exists.', 'API', '{"tenantId":"tenant_demo_002","batchSize":100,"maxSubscriptions":10000}');
INSERT INTO public.batch_job_execution_log (id, job_name, job_type, status, tenant_id, started_at, completed_at, duration_ms, processed_count, success_count, failed_count, error_message, triggered_by, parameters_json) VALUES (4679, 'subscriptionRenewalJob', 'SUBSCRIPTION_RENEWAL', 'FAILED', 'tenant_demo_002', '2026-03-12 05:59:59.13956', '2026-03-12 05:59:59.237076', 97, 0, 0, 0, 'PreparedStatementCallback; SQL [INSERT INTO BATCH_JOB_INSTANCE(JOB_INSTANCE_ID, JOB_NAME, JOB_KEY, VERSION)
	VALUES (?, ?, ?, ?)
]; ERROR: duplicate key value violates unique constraint "batch_job_instance_pkey"
  Detail: Key (job_instance_id)=(11) already exists.', 'API', '{"tenantId":"tenant_demo_002","batchSize":100,"maxSubscriptions":10000}');
INSERT INTO public.batch_job_execution_log (id, job_name, job_type, status, tenant_id, started_at, completed_at, duration_ms, processed_count, success_count, failed_count, error_message, triggered_by, parameters_json) VALUES (4681, 'subscriptionRenewalJob', 'SUBSCRIPTION_RENEWAL', 'FAILED', 'tenant_demo_002', '2026-03-12 11:59:59.084166', '2026-03-12 11:59:59.197509', 113, 0, 0, 0, 'PreparedStatementCallback; SQL [INSERT INTO BATCH_JOB_INSTANCE(JOB_INSTANCE_ID, JOB_NAME, JOB_KEY, VERSION)
	VALUES (?, ?, ?, ?)
]; ERROR: duplicate key value violates unique constraint "batch_job_instance_pkey"
  Detail: Key (job_instance_id)=(12) already exists.', 'API', '{"tenantId":"tenant_demo_002","batchSize":100,"maxSubscriptions":10000}');
INSERT INTO public.batch_job_execution_log (id, job_name, job_type, status, tenant_id, started_at, completed_at, duration_ms, processed_count, success_count, failed_count, error_message, triggered_by, parameters_json) VALUES (4683, 'promotionTestEmailJob', 'PROMOTION_TEST_EMAIL', 'COMPLETED', 'tenant_demo_002', '2026-03-12 17:57:49.379157', '2026-03-12 17:57:51.117043', 1737, 1, 1, 0, NULL, 'API', '{"tenantId":"tenant_demo_002","templateId":4102,"recipientEmail":"giventauser@gmail.com"}');
INSERT INTO public.batch_job_execution_log (id, job_name, job_type, status, tenant_id, started_at, completed_at, duration_ms, processed_count, success_count, failed_count, error_message, triggered_by, parameters_json) VALUES (4685, 'subscriptionRenewalJob', 'SUBSCRIPTION_RENEWAL', 'FAILED', 'tenant_demo_002', '2026-03-12 17:59:58.888527', '2026-03-12 17:59:58.935889', 47, 0, 0, 0, 'PreparedStatementCallback; SQL [INSERT INTO BATCH_JOB_INSTANCE(JOB_INSTANCE_ID, JOB_NAME, JOB_KEY, VERSION)
	VALUES (?, ?, ?, ?)
]; ERROR: duplicate key value violates unique constraint "batch_job_instance_pkey"
  Detail: Key (job_instance_id)=(13) already exists.', 'API', '{"tenantId":"tenant_demo_002","batchSize":100,"maxSubscriptions":10000}');


--
-- Data for Name: batch_job_execution_params; Type: TABLE DATA; Schema: public; Owner: event_site_admin
--

INSERT INTO public.batch_job_execution_params (job_execution_id, parameter_name, parameter_type, parameter_value, identifying) VALUES (1, 'tenantId', 'java.lang.String', 'tenant_demo_002', 'Y');
INSERT INTO public.batch_job_execution_params (job_execution_id, parameter_name, parameter_type, parameter_value, identifying) VALUES (1, 'jobId', 'java.lang.String', '5ffea263-37b4-4c5f-a4be-7541a0696c50', 'Y');
INSERT INTO public.batch_job_execution_params (job_execution_id, parameter_name, parameter_type, parameter_value, identifying) VALUES (1, 'timestamp', 'java.lang.Long', '1769368334079', 'Y');
INSERT INTO public.batch_job_execution_params (job_execution_id, parameter_name, parameter_type, parameter_value, identifying) VALUES (2, 'tenantId', 'java.lang.String', 'tenant_demo_002', 'Y');
INSERT INTO public.batch_job_execution_params (job_execution_id, parameter_name, parameter_type, parameter_value, identifying) VALUES (2, 'jobId', 'java.lang.String', 'faa1ec82-62ab-49c0-8789-85e3d46372a0', 'Y');
INSERT INTO public.batch_job_execution_params (job_execution_id, parameter_name, parameter_type, parameter_value, identifying) VALUES (2, 'timestamp', 'java.lang.Long', '1769393449030', 'Y');
INSERT INTO public.batch_job_execution_params (job_execution_id, parameter_name, parameter_type, parameter_value, identifying) VALUES (3, 'tenantId', 'java.lang.String', 'tenant_demo_002', 'Y');
INSERT INTO public.batch_job_execution_params (job_execution_id, parameter_name, parameter_type, parameter_value, identifying) VALUES (3, 'jobId', 'java.lang.String', '20048516-9293-4477-b52e-6891e1ecf4aa', 'Y');
INSERT INTO public.batch_job_execution_params (job_execution_id, parameter_name, parameter_type, parameter_value, identifying) VALUES (3, 'timestamp', 'java.lang.Long', '1770055042182', 'Y');
INSERT INTO public.batch_job_execution_params (job_execution_id, parameter_name, parameter_type, parameter_value, identifying) VALUES (4, 'tenantId', 'java.lang.String', 'tenant_demo_002', 'Y');
INSERT INTO public.batch_job_execution_params (job_execution_id, parameter_name, parameter_type, parameter_value, identifying) VALUES (4, 'jobId', 'java.lang.String', '6c2d37f1-13ea-43ef-adeb-e36367f1459b', 'Y');
INSERT INTO public.batch_job_execution_params (job_execution_id, parameter_name, parameter_type, parameter_value, identifying) VALUES (4, 'timestamp', 'java.lang.Long', '1770087690560', 'Y');
INSERT INTO public.batch_job_execution_params (job_execution_id, parameter_name, parameter_type, parameter_value, identifying) VALUES (5, 'tenantId', 'java.lang.String', 'tenant_demo_002', 'Y');
INSERT INTO public.batch_job_execution_params (job_execution_id, parameter_name, parameter_type, parameter_value, identifying) VALUES (5, 'jobId', 'java.lang.String', 'a110e8db-bd9e-4802-846b-7b0884970367', 'Y');
INSERT INTO public.batch_job_execution_params (job_execution_id, parameter_name, parameter_type, parameter_value, identifying) VALUES (5, 'timestamp', 'java.lang.Long', '1770098800703', 'Y');
INSERT INTO public.batch_job_execution_params (job_execution_id, parameter_name, parameter_type, parameter_value, identifying) VALUES (6, 'tenantId', 'java.lang.String', 'tenant_demo_002', 'Y');
INSERT INTO public.batch_job_execution_params (job_execution_id, parameter_name, parameter_type, parameter_value, identifying) VALUES (6, 'jobId', 'java.lang.String', 'f6293373-ca6e-43d2-a659-86f053927a7e', 'Y');
INSERT INTO public.batch_job_execution_params (job_execution_id, parameter_name, parameter_type, parameter_value, identifying) VALUES (6, 'timestamp', 'java.lang.Long', '1770141834325', 'Y');
INSERT INTO public.batch_job_execution_params (job_execution_id, parameter_name, parameter_type, parameter_value, identifying) VALUES (7, 'tenantId', 'java.lang.String', 'tenant_demo_002', 'Y');
INSERT INTO public.batch_job_execution_params (job_execution_id, parameter_name, parameter_type, parameter_value, identifying) VALUES (7, 'jobId', 'java.lang.String', 'b2effa1a-1ab6-4d12-bda3-f9f6a4eb807e', 'Y');
INSERT INTO public.batch_job_execution_params (job_execution_id, parameter_name, parameter_type, parameter_value, identifying) VALUES (7, 'timestamp', 'java.lang.Long', '1770173073204', 'Y');
INSERT INTO public.batch_job_execution_params (job_execution_id, parameter_name, parameter_type, parameter_value, identifying) VALUES (8, 'tenantId', 'java.lang.String', 'tenant_demo_002', 'Y');
INSERT INTO public.batch_job_execution_params (job_execution_id, parameter_name, parameter_type, parameter_value, identifying) VALUES (8, 'jobId', 'java.lang.String', '580e113a-1ef7-4925-828f-01f88ecdff21', 'Y');
INSERT INTO public.batch_job_execution_params (job_execution_id, parameter_name, parameter_type, parameter_value, identifying) VALUES (8, 'timestamp', 'java.lang.Long', '1770185556763', 'Y');
INSERT INTO public.batch_job_execution_params (job_execution_id, parameter_name, parameter_type, parameter_value, identifying) VALUES (9, 'tenantId', 'java.lang.String', 'tenant_demo_002', 'Y');
INSERT INTO public.batch_job_execution_params (job_execution_id, parameter_name, parameter_type, parameter_value, identifying) VALUES (9, 'jobId', 'java.lang.String', '5dd4bc84-de75-4707-ab9d-2843ae8824ac', 'Y');
INSERT INTO public.batch_job_execution_params (job_execution_id, parameter_name, parameter_type, parameter_value, identifying) VALUES (9, 'timestamp', 'java.lang.Long', '1770235551723', 'Y');
INSERT INTO public.batch_job_execution_params (job_execution_id, parameter_name, parameter_type, parameter_value, identifying) VALUES (10, 'tenantId', 'java.lang.String', 'tenant_demo_002', 'Y');
INSERT INTO public.batch_job_execution_params (job_execution_id, parameter_name, parameter_type, parameter_value, identifying) VALUES (10, 'jobId', 'java.lang.String', 'b902c62d-2bdb-4cfd-ba53-413e4eddee06', 'Y');
INSERT INTO public.batch_job_execution_params (job_execution_id, parameter_name, parameter_type, parameter_value, identifying) VALUES (10, 'timestamp', 'java.lang.Long', '1770292549825', 'Y');
INSERT INTO public.batch_job_execution_params (job_execution_id, parameter_name, parameter_type, parameter_value, identifying) VALUES (11, 'tenantId', 'java.lang.String', 'tenant_demo_002', 'Y');
INSERT INTO public.batch_job_execution_params (job_execution_id, parameter_name, parameter_type, parameter_value, identifying) VALUES (11, 'jobId', 'java.lang.String', 'dba962ae-6bcd-4226-be47-89a252876127', 'Y');
INSERT INTO public.batch_job_execution_params (job_execution_id, parameter_name, parameter_type, parameter_value, identifying) VALUES (11, 'timestamp', 'java.lang.Long', '1770292801140', 'Y');
INSERT INTO public.batch_job_execution_params (job_execution_id, parameter_name, parameter_type, parameter_value, identifying) VALUES (12, 'tenantId', 'java.lang.String', 'tenant_demo_002', 'Y');
INSERT INTO public.batch_job_execution_params (job_execution_id, parameter_name, parameter_type, parameter_value, identifying) VALUES (12, 'jobId', 'java.lang.String', 'c0440337-372e-4e20-9e38-d58d8e128a57', 'Y');
INSERT INTO public.batch_job_execution_params (job_execution_id, parameter_name, parameter_type, parameter_value, identifying) VALUES (12, 'timestamp', 'java.lang.Long', '1770340095828', 'Y');
INSERT INTO public.batch_job_execution_params (job_execution_id, parameter_name, parameter_type, parameter_value, identifying) VALUES (13, 'tenantId', 'java.lang.String', 'tenant_demo_002', 'Y');
INSERT INTO public.batch_job_execution_params (job_execution_id, parameter_name, parameter_type, parameter_value, identifying) VALUES (13, 'jobId', 'java.lang.String', '3cc3c32d-8a55-410d-bc1f-b841d55f4f2d', 'Y');
INSERT INTO public.batch_job_execution_params (job_execution_id, parameter_name, parameter_type, parameter_value, identifying) VALUES (13, 'timestamp', 'java.lang.Long', '1770382312866', 'Y');
INSERT INTO public.batch_job_execution_params (job_execution_id, parameter_name, parameter_type, parameter_value, identifying) VALUES (14, 'tenantId', 'java.lang.String', 'tenant_demo_002', 'Y');
INSERT INTO public.batch_job_execution_params (job_execution_id, parameter_name, parameter_type, parameter_value, identifying) VALUES (14, 'jobId', 'java.lang.String', '30ee61af-b315-427d-9e46-4cf3717d9810', 'Y');
INSERT INTO public.batch_job_execution_params (job_execution_id, parameter_name, parameter_type, parameter_value, identifying) VALUES (14, 'timestamp', 'java.lang.Long', '1770400795423', 'Y');
INSERT INTO public.batch_job_execution_params (job_execution_id, parameter_name, parameter_type, parameter_value, identifying) VALUES (15, 'tenantId', 'java.lang.String', 'tenant_demo_002', 'Y');
INSERT INTO public.batch_job_execution_params (job_execution_id, parameter_name, parameter_type, parameter_value, identifying) VALUES (15, 'jobId', 'java.lang.String', 'e18ff984-eb68-4ff8-baa9-f7c19c7e6653', 'Y');
INSERT INTO public.batch_job_execution_params (job_execution_id, parameter_name, parameter_type, parameter_value, identifying) VALUES (15, 'timestamp', 'java.lang.Long', '1770422440955', 'Y');
INSERT INTO public.batch_job_execution_params (job_execution_id, parameter_name, parameter_type, parameter_value, identifying) VALUES (16, 'tenantId', 'java.lang.String', 'tenant_demo_002', 'Y');
INSERT INTO public.batch_job_execution_params (job_execution_id, parameter_name, parameter_type, parameter_value, identifying) VALUES (16, 'jobId', 'java.lang.String', 'f905107f-2a61-4264-b979-5dd00d516e39', 'Y');
INSERT INTO public.batch_job_execution_params (job_execution_id, parameter_name, parameter_type, parameter_value, identifying) VALUES (16, 'timestamp', 'java.lang.Long', '1770444097938', 'Y');
INSERT INTO public.batch_job_execution_params (job_execution_id, parameter_name, parameter_type, parameter_value, identifying) VALUES (49, 'tenantId', 'java.lang.String', 'tenant_demo_002', 'Y');
INSERT INTO public.batch_job_execution_params (job_execution_id, parameter_name, parameter_type, parameter_value, identifying) VALUES (49, 'jobId', 'java.lang.String', '0e7b4f30-21a4-4a3a-890b-e10a2f020930', 'Y');
INSERT INTO public.batch_job_execution_params (job_execution_id, parameter_name, parameter_type, parameter_value, identifying) VALUES (49, 'timestamp', 'java.lang.Long', '1770487911956', 'Y');
INSERT INTO public.batch_job_execution_params (job_execution_id, parameter_name, parameter_type, parameter_value, identifying) VALUES (50, 'tenantId', 'java.lang.String', 'tenant_demo_002', 'Y');
INSERT INTO public.batch_job_execution_params (job_execution_id, parameter_name, parameter_type, parameter_value, identifying) VALUES (50, 'jobId', 'java.lang.String', '5dbca972-7b27-43fc-b490-58ca48a802c1', 'Y');
INSERT INTO public.batch_job_execution_params (job_execution_id, parameter_name, parameter_type, parameter_value, identifying) VALUES (50, 'timestamp', 'java.lang.Long', '1770513121242', 'Y');
INSERT INTO public.batch_job_execution_params (job_execution_id, parameter_name, parameter_type, parameter_value, identifying) VALUES (51, 'tenantId', 'java.lang.String', 'tenant_demo_002', 'Y');
INSERT INTO public.batch_job_execution_params (job_execution_id, parameter_name, parameter_type, parameter_value, identifying) VALUES (51, 'jobId', 'java.lang.String', '34b5d7f9-be6a-49cb-be5e-373553f9e802', 'Y');
INSERT INTO public.batch_job_execution_params (job_execution_id, parameter_name, parameter_type, parameter_value, identifying) VALUES (51, 'timestamp', 'java.lang.Long', '1770532322010', 'Y');
INSERT INTO public.batch_job_execution_params (job_execution_id, parameter_name, parameter_type, parameter_value, identifying) VALUES (17, 'tenantId', 'java.lang.String', 'tenant_demo_002', 'Y');
INSERT INTO public.batch_job_execution_params (job_execution_id, parameter_name, parameter_type, parameter_value, identifying) VALUES (17, 'jobId', 'java.lang.String', '9d8a187b-6fdd-4f1e-80a6-0968d6aea15b', 'Y');
INSERT INTO public.batch_job_execution_params (job_execution_id, parameter_name, parameter_type, parameter_value, identifying) VALUES (17, 'timestamp', 'java.lang.Long', '1771502398483', 'Y');
INSERT INTO public.batch_job_execution_params (job_execution_id, parameter_name, parameter_type, parameter_value, identifying) VALUES (18, 'tenantId', 'java.lang.String', 'tenant_demo_002', 'Y');
INSERT INTO public.batch_job_execution_params (job_execution_id, parameter_name, parameter_type, parameter_value, identifying) VALUES (18, 'jobId', 'java.lang.String', 'c3c8eb30-2106-4999-81a6-1b9632be5570', 'Y');
INSERT INTO public.batch_job_execution_params (job_execution_id, parameter_name, parameter_type, parameter_value, identifying) VALUES (18, 'timestamp', 'java.lang.Long', '1771523999097', 'Y');
INSERT INTO public.batch_job_execution_params (job_execution_id, parameter_name, parameter_type, parameter_value, identifying) VALUES (19, 'tenantId', 'java.lang.String', 'tenant_demo_002', 'Y');
INSERT INTO public.batch_job_execution_params (job_execution_id, parameter_name, parameter_type, parameter_value, identifying) VALUES (19, 'jobId', 'java.lang.String', '719a708e-5718-4ee1-aa1c-bf051b46f276', 'Y');
INSERT INTO public.batch_job_execution_params (job_execution_id, parameter_name, parameter_type, parameter_value, identifying) VALUES (19, 'timestamp', 'java.lang.Long', '1771545598968', 'Y');
INSERT INTO public.batch_job_execution_params (job_execution_id, parameter_name, parameter_type, parameter_value, identifying) VALUES (20, 'tenantId', 'java.lang.String', 'tenant_demo_002', 'Y');
INSERT INTO public.batch_job_execution_params (job_execution_id, parameter_name, parameter_type, parameter_value, identifying) VALUES (20, 'jobId', 'java.lang.String', 'bfa1626b-1f69-4e57-943e-1fcf1b12eeff', 'Y');
INSERT INTO public.batch_job_execution_params (job_execution_id, parameter_name, parameter_type, parameter_value, identifying) VALUES (20, 'timestamp', 'java.lang.Long', '1771567199076', 'Y');
INSERT INTO public.batch_job_execution_params (job_execution_id, parameter_name, parameter_type, parameter_value, identifying) VALUES (21, 'tenantId', 'java.lang.String', 'tenant_demo_002', 'Y');
INSERT INTO public.batch_job_execution_params (job_execution_id, parameter_name, parameter_type, parameter_value, identifying) VALUES (21, 'jobId', 'java.lang.String', '74730cb9-38b7-41ee-a44a-fd3a1a76b519', 'Y');
INSERT INTO public.batch_job_execution_params (job_execution_id, parameter_name, parameter_type, parameter_value, identifying) VALUES (21, 'timestamp', 'java.lang.Long', '1771588799212', 'Y');
INSERT INTO public.batch_job_execution_params (job_execution_id, parameter_name, parameter_type, parameter_value, identifying) VALUES (22, 'tenantId', 'java.lang.String', 'tenant_demo_002', 'Y');
INSERT INTO public.batch_job_execution_params (job_execution_id, parameter_name, parameter_type, parameter_value, identifying) VALUES (22, 'jobId', 'java.lang.String', 'acf6ceff-c88f-4dcb-86f7-acb844d866e9', 'Y');
INSERT INTO public.batch_job_execution_params (job_execution_id, parameter_name, parameter_type, parameter_value, identifying) VALUES (22, 'timestamp', 'java.lang.Long', '1771610399070', 'Y');
INSERT INTO public.batch_job_execution_params (job_execution_id, parameter_name, parameter_type, parameter_value, identifying) VALUES (23, 'tenantId', 'java.lang.String', 'tenant_demo_002', 'Y');
INSERT INTO public.batch_job_execution_params (job_execution_id, parameter_name, parameter_type, parameter_value, identifying) VALUES (23, 'jobId', 'java.lang.String', 'ca84081c-1f49-444b-96c8-b96e6297e4b4', 'Y');
INSERT INTO public.batch_job_execution_params (job_execution_id, parameter_name, parameter_type, parameter_value, identifying) VALUES (23, 'timestamp', 'java.lang.Long', '1771631999051', 'Y');
INSERT INTO public.batch_job_execution_params (job_execution_id, parameter_name, parameter_type, parameter_value, identifying) VALUES (24, 'tenantId', 'java.lang.String', 'tenant_demo_002', 'Y');
INSERT INTO public.batch_job_execution_params (job_execution_id, parameter_name, parameter_type, parameter_value, identifying) VALUES (24, 'jobId', 'java.lang.String', 'ae8a873e-f2c7-46c7-a58a-a8f2f3bc9e8b', 'Y');
INSERT INTO public.batch_job_execution_params (job_execution_id, parameter_name, parameter_type, parameter_value, identifying) VALUES (24, 'timestamp', 'java.lang.Long', '1771653599056', 'Y');
INSERT INTO public.batch_job_execution_params (job_execution_id, parameter_name, parameter_type, parameter_value, identifying) VALUES (25, 'tenantId', 'java.lang.String', 'tenant_demo_002', 'Y');
INSERT INTO public.batch_job_execution_params (job_execution_id, parameter_name, parameter_type, parameter_value, identifying) VALUES (25, 'jobId', 'java.lang.String', 'be0460b5-6ea5-4973-9d1b-209e976e3fd4', 'Y');
INSERT INTO public.batch_job_execution_params (job_execution_id, parameter_name, parameter_type, parameter_value, identifying) VALUES (25, 'timestamp', 'java.lang.Long', '1771675199062', 'Y');
INSERT INTO public.batch_job_execution_params (job_execution_id, parameter_name, parameter_type, parameter_value, identifying) VALUES (26, 'tenantId', 'java.lang.String', 'tenant_demo_002', 'Y');
INSERT INTO public.batch_job_execution_params (job_execution_id, parameter_name, parameter_type, parameter_value, identifying) VALUES (26, 'jobId', 'java.lang.String', '0fb6ccf8-9b60-4f1b-8b2c-49cf8b83e611', 'Y');
INSERT INTO public.batch_job_execution_params (job_execution_id, parameter_name, parameter_type, parameter_value, identifying) VALUES (26, 'timestamp', 'java.lang.Long', '1771696799081', 'Y');
INSERT INTO public.batch_job_execution_params (job_execution_id, parameter_name, parameter_type, parameter_value, identifying) VALUES (27, 'tenantId', 'java.lang.String', 'tenant_demo_002', 'Y');
INSERT INTO public.batch_job_execution_params (job_execution_id, parameter_name, parameter_type, parameter_value, identifying) VALUES (27, 'jobId', 'java.lang.String', '53b159be-0235-490f-8bb3-7b0eef923382', 'Y');
INSERT INTO public.batch_job_execution_params (job_execution_id, parameter_name, parameter_type, parameter_value, identifying) VALUES (27, 'timestamp', 'java.lang.Long', '1771718399045', 'Y');
INSERT INTO public.batch_job_execution_params (job_execution_id, parameter_name, parameter_type, parameter_value, identifying) VALUES (28, 'tenantId', 'java.lang.String', 'tenant_demo_002', 'Y');
INSERT INTO public.batch_job_execution_params (job_execution_id, parameter_name, parameter_type, parameter_value, identifying) VALUES (28, 'jobId', 'java.lang.String', 'f6f7e184-b84d-4545-bb61-38ccb553888f', 'Y');
INSERT INTO public.batch_job_execution_params (job_execution_id, parameter_name, parameter_type, parameter_value, identifying) VALUES (28, 'timestamp', 'java.lang.Long', '1771739999017', 'Y');
INSERT INTO public.batch_job_execution_params (job_execution_id, parameter_name, parameter_type, parameter_value, identifying) VALUES (29, 'tenantId', 'java.lang.String', 'tenant_demo_002', 'Y');
INSERT INTO public.batch_job_execution_params (job_execution_id, parameter_name, parameter_type, parameter_value, identifying) VALUES (29, 'jobId', 'java.lang.String', 'aaee3c93-ee02-400e-bfa8-1937f3be4503', 'Y');
INSERT INTO public.batch_job_execution_params (job_execution_id, parameter_name, parameter_type, parameter_value, identifying) VALUES (29, 'timestamp', 'java.lang.Long', '1771761599033', 'Y');
INSERT INTO public.batch_job_execution_params (job_execution_id, parameter_name, parameter_type, parameter_value, identifying) VALUES (30, 'tenantId', 'java.lang.String', 'tenant_demo_002', 'Y');
INSERT INTO public.batch_job_execution_params (job_execution_id, parameter_name, parameter_type, parameter_value, identifying) VALUES (30, 'jobId', 'java.lang.String', '01b85241-4302-4dbd-8aea-2a08dbb95dcc', 'Y');
INSERT INTO public.batch_job_execution_params (job_execution_id, parameter_name, parameter_type, parameter_value, identifying) VALUES (30, 'timestamp', 'java.lang.Long', '1771783199051', 'Y');
INSERT INTO public.batch_job_execution_params (job_execution_id, parameter_name, parameter_type, parameter_value, identifying) VALUES (31, 'tenantId', 'java.lang.String', 'tenant_demo_002', 'Y');
INSERT INTO public.batch_job_execution_params (job_execution_id, parameter_name, parameter_type, parameter_value, identifying) VALUES (31, 'jobId', 'java.lang.String', '2f44054b-3e2e-4b40-bb71-9d29fdfb75c1', 'Y');
INSERT INTO public.batch_job_execution_params (job_execution_id, parameter_name, parameter_type, parameter_value, identifying) VALUES (31, 'timestamp', 'java.lang.Long', '1771804799044', 'Y');
INSERT INTO public.batch_job_execution_params (job_execution_id, parameter_name, parameter_type, parameter_value, identifying) VALUES (32, 'tenantId', 'java.lang.String', 'tenant_demo_002', 'Y');
INSERT INTO public.batch_job_execution_params (job_execution_id, parameter_name, parameter_type, parameter_value, identifying) VALUES (32, 'jobId', 'java.lang.String', '73657edc-5ad0-47b4-8ed2-136321252e2d', 'Y');
INSERT INTO public.batch_job_execution_params (job_execution_id, parameter_name, parameter_type, parameter_value, identifying) VALUES (32, 'timestamp', 'java.lang.Long', '1771826399181', 'Y');
INSERT INTO public.batch_job_execution_params (job_execution_id, parameter_name, parameter_type, parameter_value, identifying) VALUES (33, 'tenantId', 'java.lang.String', 'tenant_demo_002', 'Y');
INSERT INTO public.batch_job_execution_params (job_execution_id, parameter_name, parameter_type, parameter_value, identifying) VALUES (33, 'jobId', 'java.lang.String', '5e5df618-09a5-48a9-88f3-bb47b9114196', 'Y');
INSERT INTO public.batch_job_execution_params (job_execution_id, parameter_name, parameter_type, parameter_value, identifying) VALUES (33, 'timestamp', 'java.lang.Long', '1771847999044', 'Y');
INSERT INTO public.batch_job_execution_params (job_execution_id, parameter_name, parameter_type, parameter_value, identifying) VALUES (34, 'tenantId', 'java.lang.String', 'tenant_demo_002', 'Y');
INSERT INTO public.batch_job_execution_params (job_execution_id, parameter_name, parameter_type, parameter_value, identifying) VALUES (34, 'jobId', 'java.lang.String', '234fac39-d7c7-4707-8d3b-17ca43b51926', 'Y');
INSERT INTO public.batch_job_execution_params (job_execution_id, parameter_name, parameter_type, parameter_value, identifying) VALUES (34, 'timestamp', 'java.lang.Long', '1771869599183', 'Y');
INSERT INTO public.batch_job_execution_params (job_execution_id, parameter_name, parameter_type, parameter_value, identifying) VALUES (35, 'tenantId', 'java.lang.String', 'tenant_demo_002', 'Y');
INSERT INTO public.batch_job_execution_params (job_execution_id, parameter_name, parameter_type, parameter_value, identifying) VALUES (35, 'jobId', 'java.lang.String', '6e1b673f-4b86-47fc-a23a-a1f901673bbd', 'Y');
INSERT INTO public.batch_job_execution_params (job_execution_id, parameter_name, parameter_type, parameter_value, identifying) VALUES (35, 'timestamp', 'java.lang.Long', '1771955999167', 'Y');
INSERT INTO public.batch_job_execution_params (job_execution_id, parameter_name, parameter_type, parameter_value, identifying) VALUES (36, 'tenantId', 'java.lang.String', 'tenant_demo_002', 'Y');
INSERT INTO public.batch_job_execution_params (job_execution_id, parameter_name, parameter_type, parameter_value, identifying) VALUES (36, 'jobId', 'java.lang.String', '4bf37e6f-0d24-41a1-a63e-08f07ed3714b', 'Y');
INSERT INTO public.batch_job_execution_params (job_execution_id, parameter_name, parameter_type, parameter_value, identifying) VALUES (36, 'timestamp', 'java.lang.Long', '1771977599074', 'Y');
INSERT INTO public.batch_job_execution_params (job_execution_id, parameter_name, parameter_type, parameter_value, identifying) VALUES (37, 'tenantId', 'java.lang.String', 'tenant_demo_002', 'Y');
INSERT INTO public.batch_job_execution_params (job_execution_id, parameter_name, parameter_type, parameter_value, identifying) VALUES (37, 'jobId', 'java.lang.String', 'bd70fea3-2622-46f9-8002-b16a69537bc3', 'Y');
INSERT INTO public.batch_job_execution_params (job_execution_id, parameter_name, parameter_type, parameter_value, identifying) VALUES (37, 'timestamp', 'java.lang.Long', '1771999200812', 'Y');
INSERT INTO public.batch_job_execution_params (job_execution_id, parameter_name, parameter_type, parameter_value, identifying) VALUES (38, 'tenantId', 'java.lang.String', 'tenant_demo_002', 'Y');
INSERT INTO public.batch_job_execution_params (job_execution_id, parameter_name, parameter_type, parameter_value, identifying) VALUES (38, 'jobId', 'java.lang.String', '6acccfb0-1499-471c-9a0f-40d1b6cd7142', 'Y');
INSERT INTO public.batch_job_execution_params (job_execution_id, parameter_name, parameter_type, parameter_value, identifying) VALUES (38, 'timestamp', 'java.lang.Long', '1772020799197', 'Y');
INSERT INTO public.batch_job_execution_params (job_execution_id, parameter_name, parameter_type, parameter_value, identifying) VALUES (39, 'tenantId', 'java.lang.String', 'tenant_demo_002', 'Y');
INSERT INTO public.batch_job_execution_params (job_execution_id, parameter_name, parameter_type, parameter_value, identifying) VALUES (39, 'jobId', 'java.lang.String', '710fbb19-1fa2-42b3-93a0-c1cefd0b2111', 'Y');
INSERT INTO public.batch_job_execution_params (job_execution_id, parameter_name, parameter_type, parameter_value, identifying) VALUES (39, 'timestamp', 'java.lang.Long', '1772042399255', 'Y');
INSERT INTO public.batch_job_execution_params (job_execution_id, parameter_name, parameter_type, parameter_value, identifying) VALUES (40, 'tenantId', 'java.lang.String', 'tenant_demo_002', 'Y');
INSERT INTO public.batch_job_execution_params (job_execution_id, parameter_name, parameter_type, parameter_value, identifying) VALUES (40, 'jobId', 'java.lang.String', 'be661f3e-2a47-4b13-ab11-43143be898ff', 'Y');
INSERT INTO public.batch_job_execution_params (job_execution_id, parameter_name, parameter_type, parameter_value, identifying) VALUES (40, 'timestamp', 'java.lang.Long', '1772063999096', 'Y');
INSERT INTO public.batch_job_execution_params (job_execution_id, parameter_name, parameter_type, parameter_value, identifying) VALUES (41, 'tenantId', 'java.lang.String', 'tenant_demo_002', 'Y');
INSERT INTO public.batch_job_execution_params (job_execution_id, parameter_name, parameter_type, parameter_value, identifying) VALUES (41, 'jobId', 'java.lang.String', '55a2dbc0-e299-4805-8748-ce10d8a4d994', 'Y');
INSERT INTO public.batch_job_execution_params (job_execution_id, parameter_name, parameter_type, parameter_value, identifying) VALUES (41, 'timestamp', 'java.lang.Long', '1772085599153', 'Y');
INSERT INTO public.batch_job_execution_params (job_execution_id, parameter_name, parameter_type, parameter_value, identifying) VALUES (42, 'tenantId', 'java.lang.String', 'tenant_demo_002', 'Y');
INSERT INTO public.batch_job_execution_params (job_execution_id, parameter_name, parameter_type, parameter_value, identifying) VALUES (42, 'jobId', 'java.lang.String', 'df7986b2-86c6-4b6f-b5e8-27bd6f59bc10', 'Y');
INSERT INTO public.batch_job_execution_params (job_execution_id, parameter_name, parameter_type, parameter_value, identifying) VALUES (42, 'timestamp', 'java.lang.Long', '1772107199410', 'Y');
INSERT INTO public.batch_job_execution_params (job_execution_id, parameter_name, parameter_type, parameter_value, identifying) VALUES (43, 'tenantId', 'java.lang.String', 'tenant_demo_002', 'Y');
INSERT INTO public.batch_job_execution_params (job_execution_id, parameter_name, parameter_type, parameter_value, identifying) VALUES (43, 'jobId', 'java.lang.String', '8a7200d0-f859-4cb8-8c08-6e5d1eba37b1', 'Y');
INSERT INTO public.batch_job_execution_params (job_execution_id, parameter_name, parameter_type, parameter_value, identifying) VALUES (43, 'timestamp', 'java.lang.Long', '1772128799305', 'Y');
INSERT INTO public.batch_job_execution_params (job_execution_id, parameter_name, parameter_type, parameter_value, identifying) VALUES (44, 'tenantId', 'java.lang.String', 'tenant_demo_002', 'Y');
INSERT INTO public.batch_job_execution_params (job_execution_id, parameter_name, parameter_type, parameter_value, identifying) VALUES (44, 'jobId', 'java.lang.String', '5f5582c6-03b2-4e38-8866-746a0355c574', 'Y');
INSERT INTO public.batch_job_execution_params (job_execution_id, parameter_name, parameter_type, parameter_value, identifying) VALUES (44, 'timestamp', 'java.lang.Long', '1772150399004', 'Y');
INSERT INTO public.batch_job_execution_params (job_execution_id, parameter_name, parameter_type, parameter_value, identifying) VALUES (45, 'tenantId', 'java.lang.String', 'tenant_demo_002', 'Y');
INSERT INTO public.batch_job_execution_params (job_execution_id, parameter_name, parameter_type, parameter_value, identifying) VALUES (45, 'jobId', 'java.lang.String', '4613e496-f915-448b-8639-e96f48cbf37c', 'Y');
INSERT INTO public.batch_job_execution_params (job_execution_id, parameter_name, parameter_type, parameter_value, identifying) VALUES (45, 'timestamp', 'java.lang.Long', '1772171999118', 'Y');
INSERT INTO public.batch_job_execution_params (job_execution_id, parameter_name, parameter_type, parameter_value, identifying) VALUES (46, 'tenantId', 'java.lang.String', 'tenant_demo_002', 'Y');
INSERT INTO public.batch_job_execution_params (job_execution_id, parameter_name, parameter_type, parameter_value, identifying) VALUES (46, 'jobId', 'java.lang.String', '0af202e4-1671-4906-91a4-4f120022c121', 'Y');
INSERT INTO public.batch_job_execution_params (job_execution_id, parameter_name, parameter_type, parameter_value, identifying) VALUES (46, 'timestamp', 'java.lang.Long', '1772193599173', 'Y');
INSERT INTO public.batch_job_execution_params (job_execution_id, parameter_name, parameter_type, parameter_value, identifying) VALUES (47, 'tenantId', 'java.lang.String', 'tenant_demo_002', 'Y');
INSERT INTO public.batch_job_execution_params (job_execution_id, parameter_name, parameter_type, parameter_value, identifying) VALUES (47, 'jobId', 'java.lang.String', 'a63aab36-d362-4097-80d1-07d9f2273c27', 'Y');
INSERT INTO public.batch_job_execution_params (job_execution_id, parameter_name, parameter_type, parameter_value, identifying) VALUES (47, 'timestamp', 'java.lang.Long', '1772215199092', 'Y');
INSERT INTO public.batch_job_execution_params (job_execution_id, parameter_name, parameter_type, parameter_value, identifying) VALUES (48, 'tenantId', 'java.lang.String', 'tenant_demo_002', 'Y');
INSERT INTO public.batch_job_execution_params (job_execution_id, parameter_name, parameter_type, parameter_value, identifying) VALUES (48, 'jobId', 'java.lang.String', '41cfd56b-bc1d-4401-8709-c630889aa928', 'Y');
INSERT INTO public.batch_job_execution_params (job_execution_id, parameter_name, parameter_type, parameter_value, identifying) VALUES (48, 'timestamp', 'java.lang.Long', '1772236799092', 'Y');


--
-- Data for Name: batch_step_execution; Type: TABLE DATA; Schema: public; Owner: event_site_admin
--

INSERT INTO public.batch_step_execution (step_execution_id, version, step_name, job_execution_id, create_time, start_time, end_time, status, commit_count, read_count, filter_count, write_count, read_skip_count, write_skip_count, process_skip_count, rollback_count, exit_code, exit_message, last_updated) VALUES (1, 3, 'subscriptionRenewalStep', 1, '2026-01-25 19:12:14.90503', '2026-01-25 19:12:14.99429', '2026-01-25 19:12:17.17522', 'COMPLETED', 1, 1, 1, 0, 0, 0, 0, 0, 'COMPLETED', '', '2026-01-25 19:12:17.176087');
INSERT INTO public.batch_step_execution (step_execution_id, version, step_name, job_execution_id, create_time, start_time, end_time, status, commit_count, read_count, filter_count, write_count, read_skip_count, write_skip_count, process_skip_count, rollback_count, exit_code, exit_message, last_updated) VALUES (2, 3, 'subscriptionRenewalStep', 2, '2026-01-26 02:10:49.248287', '2026-01-26 02:10:49.292271', '2026-01-26 02:10:50.107352', 'COMPLETED', 1, 1, 1, 0, 0, 0, 0, 0, 'COMPLETED', '', '2026-01-26 02:10:50.109076');
INSERT INTO public.batch_step_execution (step_execution_id, version, step_name, job_execution_id, create_time, start_time, end_time, status, commit_count, read_count, filter_count, write_count, read_skip_count, write_skip_count, process_skip_count, rollback_count, exit_code, exit_message, last_updated) VALUES (11, 3, 'subscriptionRenewalStep', 12, '2026-02-06 01:08:16.034199', '2026-02-06 01:08:16.086881', '2026-02-06 01:08:16.978559', 'COMPLETED', 1, 1, 1, 0, 0, 0, 0, 0, 'COMPLETED', '', '2026-02-06 01:08:16.979166');
INSERT INTO public.batch_step_execution (step_execution_id, version, step_name, job_execution_id, create_time, start_time, end_time, status, commit_count, read_count, filter_count, write_count, read_skip_count, write_skip_count, process_skip_count, rollback_count, exit_code, exit_message, last_updated) VALUES (3, 3, 'subscriptionRenewalStep', 4, '2026-02-03 03:01:30.741565', '2026-02-03 03:01:30.812054', '2026-02-03 03:01:32.708257', 'COMPLETED', 1, 1, 1, 0, 0, 0, 0, 0, 'COMPLETED', '', '2026-02-03 03:01:32.710008');
INSERT INTO public.batch_step_execution (step_execution_id, version, step_name, job_execution_id, create_time, start_time, end_time, status, commit_count, read_count, filter_count, write_count, read_skip_count, write_skip_count, process_skip_count, rollback_count, exit_code, exit_message, last_updated) VALUES (4, 3, 'subscriptionRenewalStep', 5, '2026-02-03 06:06:40.882213', '2026-02-03 06:06:41.003432', '2026-02-03 06:06:41.8043', 'COMPLETED', 1, 1, 1, 0, 0, 0, 0, 0, 'COMPLETED', '', '2026-02-03 06:06:41.805112');
INSERT INTO public.batch_step_execution (step_execution_id, version, step_name, job_execution_id, create_time, start_time, end_time, status, commit_count, read_count, filter_count, write_count, read_skip_count, write_skip_count, process_skip_count, rollback_count, exit_code, exit_message, last_updated) VALUES (12, 3, 'subscriptionRenewalStep', 13, '2026-02-06 12:51:53.010227', '2026-02-06 12:51:53.048698', '2026-02-06 12:51:53.677756', 'COMPLETED', 1, 1, 1, 0, 0, 0, 0, 0, 'COMPLETED', '', '2026-02-06 12:51:53.678648');
INSERT INTO public.batch_step_execution (step_execution_id, version, step_name, job_execution_id, create_time, start_time, end_time, status, commit_count, read_count, filter_count, write_count, read_skip_count, write_skip_count, process_skip_count, rollback_count, exit_code, exit_message, last_updated) VALUES (5, 3, 'subscriptionRenewalStep', 6, '2026-02-03 18:03:54.828685', '2026-02-03 18:03:54.891729', '2026-02-03 18:03:56.61133', 'COMPLETED', 1, 1, 1, 0, 0, 0, 0, 0, 'COMPLETED', '', '2026-02-03 18:03:56.613309');
INSERT INTO public.batch_step_execution (step_execution_id, version, step_name, job_execution_id, create_time, start_time, end_time, status, commit_count, read_count, filter_count, write_count, read_skip_count, write_skip_count, process_skip_count, rollback_count, exit_code, exit_message, last_updated) VALUES (50, 3, 'subscriptionRenewalStep', 51, '2026-02-08 06:32:02.69371', '2026-02-08 06:32:02.949044', '2026-02-08 06:32:04.673003', 'COMPLETED', 1, 1, 1, 0, 0, 0, 0, 0, 'COMPLETED', '', '2026-02-08 06:32:04.674174');
INSERT INTO public.batch_step_execution (step_execution_id, version, step_name, job_execution_id, create_time, start_time, end_time, status, commit_count, read_count, filter_count, write_count, read_skip_count, write_skip_count, process_skip_count, rollback_count, exit_code, exit_message, last_updated) VALUES (6, 3, 'subscriptionRenewalStep', 7, '2026-02-04 02:44:33.694788', '2026-02-04 02:44:33.751281', '2026-02-04 02:44:34.818017', 'COMPLETED', 1, 1, 1, 0, 0, 0, 0, 0, 'COMPLETED', '', '2026-02-04 02:44:34.819383');
INSERT INTO public.batch_step_execution (step_execution_id, version, step_name, job_execution_id, create_time, start_time, end_time, status, commit_count, read_count, filter_count, write_count, read_skip_count, write_skip_count, process_skip_count, rollback_count, exit_code, exit_message, last_updated) VALUES (13, 3, 'subscriptionRenewalStep', 14, '2026-02-06 17:59:55.823218', '2026-02-06 17:59:55.887777', '2026-02-06 17:59:56.846824', 'COMPLETED', 1, 1, 1, 0, 0, 0, 0, 0, 'COMPLETED', '', '2026-02-06 17:59:56.847957');
INSERT INTO public.batch_step_execution (step_execution_id, version, step_name, job_execution_id, create_time, start_time, end_time, status, commit_count, read_count, filter_count, write_count, read_skip_count, write_skip_count, process_skip_count, rollback_count, exit_code, exit_message, last_updated) VALUES (7, 3, 'subscriptionRenewalStep', 8, '2026-02-04 06:12:37.676833', '2026-02-04 06:12:37.861931', '2026-02-04 06:12:39.235836', 'COMPLETED', 1, 1, 1, 0, 0, 0, 0, 0, 'COMPLETED', '', '2026-02-04 06:12:39.245352');
INSERT INTO public.batch_step_execution (step_execution_id, version, step_name, job_execution_id, create_time, start_time, end_time, status, commit_count, read_count, filter_count, write_count, read_skip_count, write_skip_count, process_skip_count, rollback_count, exit_code, exit_message, last_updated) VALUES (8, 3, 'subscriptionRenewalStep', 9, '2026-02-04 20:05:52.076047', '2026-02-04 20:05:52.133491', '2026-02-04 20:05:53.098716', 'COMPLETED', 1, 1, 1, 0, 0, 0, 0, 0, 'COMPLETED', '', '2026-02-04 20:05:53.102499');
INSERT INTO public.batch_step_execution (step_execution_id, version, step_name, job_execution_id, create_time, start_time, end_time, status, commit_count, read_count, filter_count, write_count, read_skip_count, write_skip_count, process_skip_count, rollback_count, exit_code, exit_message, last_updated) VALUES (14, 3, 'subscriptionRenewalStep', 15, '2026-02-07 00:00:41.586369', '2026-02-07 00:00:41.918148', '2026-02-07 00:00:43.183149', 'COMPLETED', 1, 1, 1, 0, 0, 0, 0, 0, 'COMPLETED', '', '2026-02-07 00:00:43.18389');
INSERT INTO public.batch_step_execution (step_execution_id, version, step_name, job_execution_id, create_time, start_time, end_time, status, commit_count, read_count, filter_count, write_count, read_skip_count, write_skip_count, process_skip_count, rollback_count, exit_code, exit_message, last_updated) VALUES (9, 3, 'subscriptionRenewalStep', 10, '2026-02-05 11:55:50.59994', '2026-02-05 11:55:50.682878', '2026-02-05 11:55:52.748002', 'COMPLETED', 1, 1, 1, 0, 0, 0, 0, 0, 'COMPLETED', '', '2026-02-05 11:55:52.749228');
INSERT INTO public.batch_step_execution (step_execution_id, version, step_name, job_execution_id, create_time, start_time, end_time, status, commit_count, read_count, filter_count, write_count, read_skip_count, write_skip_count, process_skip_count, rollback_count, exit_code, exit_message, last_updated) VALUES (10, 3, 'subscriptionRenewalStep', 11, '2026-02-05 12:00:01.328033', '2026-02-05 12:00:01.374559', '2026-02-05 12:00:02.072879', 'COMPLETED', 1, 1, 1, 0, 0, 0, 0, 0, 'COMPLETED', '', '2026-02-05 12:00:02.073699');
INSERT INTO public.batch_step_execution (step_execution_id, version, step_name, job_execution_id, create_time, start_time, end_time, status, commit_count, read_count, filter_count, write_count, read_skip_count, write_skip_count, process_skip_count, rollback_count, exit_code, exit_message, last_updated) VALUES (15, 3, 'subscriptionRenewalStep', 16, '2026-02-07 06:01:38.830586', '2026-02-07 06:01:39.169728', '2026-02-07 06:01:41.601098', 'COMPLETED', 1, 1, 1, 0, 0, 0, 0, 0, 'COMPLETED', '', '2026-02-07 06:01:41.602543');
INSERT INTO public.batch_step_execution (step_execution_id, version, step_name, job_execution_id, create_time, start_time, end_time, status, commit_count, read_count, filter_count, write_count, read_skip_count, write_skip_count, process_skip_count, rollback_count, exit_code, exit_message, last_updated) VALUES (48, 3, 'subscriptionRenewalStep', 49, '2026-02-07 18:11:52.592488', '2026-02-07 18:11:52.685863', '2026-02-07 18:11:54.672855', 'COMPLETED', 1, 1, 1, 0, 0, 0, 0, 0, 'COMPLETED', '', '2026-02-07 18:11:54.675374');
INSERT INTO public.batch_step_execution (step_execution_id, version, step_name, job_execution_id, create_time, start_time, end_time, status, commit_count, read_count, filter_count, write_count, read_skip_count, write_skip_count, process_skip_count, rollback_count, exit_code, exit_message, last_updated) VALUES (49, 3, 'subscriptionRenewalStep', 50, '2026-02-08 01:12:01.428721', '2026-02-08 01:12:01.472171', '2026-02-08 01:12:02.252021', 'COMPLETED', 1, 1, 1, 0, 0, 0, 0, 0, 'COMPLETED', '', '2026-02-08 01:12:02.253087');
INSERT INTO public.batch_step_execution (step_execution_id, version, step_name, job_execution_id, create_time, start_time, end_time, status, commit_count, read_count, filter_count, write_count, read_skip_count, write_skip_count, process_skip_count, rollback_count, exit_code, exit_message, last_updated) VALUES (24, 3, 'subscriptionRenewalStep', 39, '2026-02-25 17:59:59.408393', '2026-02-25 17:59:59.428009', '2026-02-25 18:00:00.270446', 'COMPLETED', 1, 1, 0, 1, 0, 0, 0, 0, 'COMPLETED', '', '2026-02-25 18:00:00.271155');
INSERT INTO public.batch_step_execution (step_execution_id, version, step_name, job_execution_id, create_time, start_time, end_time, status, commit_count, read_count, filter_count, write_count, read_skip_count, write_skip_count, process_skip_count, rollback_count, exit_code, exit_message, last_updated) VALUES (21, 3, 'subscriptionRenewalStep', 36, '2026-02-24 23:59:59.170036', '2026-02-24 23:59:59.184201', '2026-02-24 23:59:59.600422', 'COMPLETED', 1, 1, 0, 1, 0, 0, 0, 0, 'COMPLETED', '', '2026-02-24 23:59:59.601704');
INSERT INTO public.batch_step_execution (step_execution_id, version, step_name, job_execution_id, create_time, start_time, end_time, status, commit_count, read_count, filter_count, write_count, read_skip_count, write_skip_count, process_skip_count, rollback_count, exit_code, exit_message, last_updated) VALUES (16, 3, 'subscriptionRenewalStep', 31, '2026-02-22 23:59:59.120691', '2026-02-22 23:59:59.16214', '2026-02-23 00:00:00.14048', 'COMPLETED', 1, 1, 0, 1, 0, 0, 0, 0, 'COMPLETED', '', '2026-02-23 00:00:00.142887');
INSERT INTO public.batch_step_execution (step_execution_id, version, step_name, job_execution_id, create_time, start_time, end_time, status, commit_count, read_count, filter_count, write_count, read_skip_count, write_skip_count, process_skip_count, rollback_count, exit_code, exit_message, last_updated) VALUES (17, 3, 'subscriptionRenewalStep', 32, '2026-02-23 05:59:59.280357', '2026-02-23 05:59:59.298075', '2026-02-23 05:59:59.764649', 'COMPLETED', 1, 1, 0, 1, 0, 0, 0, 0, 'COMPLETED', '', '2026-02-23 05:59:59.765332');
INSERT INTO public.batch_step_execution (step_execution_id, version, step_name, job_execution_id, create_time, start_time, end_time, status, commit_count, read_count, filter_count, write_count, read_skip_count, write_skip_count, process_skip_count, rollback_count, exit_code, exit_message, last_updated) VALUES (18, 3, 'subscriptionRenewalStep', 33, '2026-02-23 11:59:59.138935', '2026-02-23 11:59:59.152573', '2026-02-23 11:59:59.606919', 'COMPLETED', 1, 1, 0, 1, 0, 0, 0, 0, 'COMPLETED', '', '2026-02-23 11:59:59.607721');
INSERT INTO public.batch_step_execution (step_execution_id, version, step_name, job_execution_id, create_time, start_time, end_time, status, commit_count, read_count, filter_count, write_count, read_skip_count, write_skip_count, process_skip_count, rollback_count, exit_code, exit_message, last_updated) VALUES (28, 3, 'subscriptionRenewalStep', 43, '2026-02-26 17:59:59.442951', '2026-02-26 17:59:59.457914', '2026-02-26 17:59:59.906398', 'COMPLETED', 1, 1, 1, 0, 0, 0, 0, 0, 'COMPLETED', '', '2026-02-26 17:59:59.907132');
INSERT INTO public.batch_step_execution (step_execution_id, version, step_name, job_execution_id, create_time, start_time, end_time, status, commit_count, read_count, filter_count, write_count, read_skip_count, write_skip_count, process_skip_count, rollback_count, exit_code, exit_message, last_updated) VALUES (22, 3, 'subscriptionRenewalStep', 37, '2026-02-25 06:00:00.997764', '2026-02-25 06:00:01.015542', '2026-02-25 06:00:02.07347', 'COMPLETED', 1, 1, 0, 1, 0, 0, 0, 0, 'COMPLETED', '', '2026-02-25 06:00:02.074477');
INSERT INTO public.batch_step_execution (step_execution_id, version, step_name, job_execution_id, create_time, start_time, end_time, status, commit_count, read_count, filter_count, write_count, read_skip_count, write_skip_count, process_skip_count, rollback_count, exit_code, exit_message, last_updated) VALUES (19, 3, 'subscriptionRenewalStep', 34, '2026-02-23 17:59:59.276183', '2026-02-23 17:59:59.289625', '2026-02-23 17:59:59.710352', 'COMPLETED', 1, 1, 0, 1, 0, 0, 0, 0, 'COMPLETED', '', '2026-02-23 17:59:59.711497');
INSERT INTO public.batch_step_execution (step_execution_id, version, step_name, job_execution_id, create_time, start_time, end_time, status, commit_count, read_count, filter_count, write_count, read_skip_count, write_skip_count, process_skip_count, rollback_count, exit_code, exit_message, last_updated) VALUES (20, 3, 'subscriptionRenewalStep', 35, '2026-02-24 17:59:59.293272', '2026-02-24 17:59:59.305894', '2026-02-24 17:59:59.807092', 'COMPLETED', 1, 1, 0, 1, 0, 0, 0, 0, 'COMPLETED', '', '2026-02-24 17:59:59.807925');
INSERT INTO public.batch_step_execution (step_execution_id, version, step_name, job_execution_id, create_time, start_time, end_time, status, commit_count, read_count, filter_count, write_count, read_skip_count, write_skip_count, process_skip_count, rollback_count, exit_code, exit_message, last_updated) VALUES (25, 3, 'subscriptionRenewalStep', 40, '2026-02-25 23:59:59.169276', '2026-02-25 23:59:59.181259', '2026-02-25 23:59:59.532028', 'COMPLETED', 1, 1, 1, 0, 0, 0, 0, 0, 'COMPLETED', '', '2026-02-25 23:59:59.532382');
INSERT INTO public.batch_step_execution (step_execution_id, version, step_name, job_execution_id, create_time, start_time, end_time, status, commit_count, read_count, filter_count, write_count, read_skip_count, write_skip_count, process_skip_count, rollback_count, exit_code, exit_message, last_updated) VALUES (23, 3, 'subscriptionRenewalStep', 38, '2026-02-25 11:59:59.297949', '2026-02-25 11:59:59.312993', '2026-02-25 11:59:59.800419', 'COMPLETED', 1, 1, 0, 1, 0, 0, 0, 0, 'COMPLETED', '', '2026-02-25 11:59:59.80114');
INSERT INTO public.batch_step_execution (step_execution_id, version, step_name, job_execution_id, create_time, start_time, end_time, status, commit_count, read_count, filter_count, write_count, read_skip_count, write_skip_count, process_skip_count, rollback_count, exit_code, exit_message, last_updated) VALUES (27, 3, 'subscriptionRenewalStep', 42, '2026-02-26 11:59:59.66565', '2026-02-26 11:59:59.704292', '2026-02-26 12:00:00.695982', 'COMPLETED', 1, 1, 1, 0, 0, 0, 0, 0, 'COMPLETED', '', '2026-02-26 12:00:00.699365');
INSERT INTO public.batch_step_execution (step_execution_id, version, step_name, job_execution_id, create_time, start_time, end_time, status, commit_count, read_count, filter_count, write_count, read_skip_count, write_skip_count, process_skip_count, rollback_count, exit_code, exit_message, last_updated) VALUES (31, 3, 'subscriptionRenewalStep', 46, '2026-02-27 11:59:59.309088', '2026-02-27 11:59:59.324897', '2026-02-27 11:59:59.818902', 'COMPLETED', 1, 1, 1, 0, 0, 0, 0, 0, 'COMPLETED', '', '2026-02-27 11:59:59.820462');
INSERT INTO public.batch_step_execution (step_execution_id, version, step_name, job_execution_id, create_time, start_time, end_time, status, commit_count, read_count, filter_count, write_count, read_skip_count, write_skip_count, process_skip_count, rollback_count, exit_code, exit_message, last_updated) VALUES (26, 3, 'subscriptionRenewalStep', 41, '2026-02-26 05:59:59.247443', '2026-02-26 05:59:59.263505', '2026-02-26 05:59:59.629689', 'COMPLETED', 1, 1, 1, 0, 0, 0, 0, 0, 'COMPLETED', '', '2026-02-26 05:59:59.630343');
INSERT INTO public.batch_step_execution (step_execution_id, version, step_name, job_execution_id, create_time, start_time, end_time, status, commit_count, read_count, filter_count, write_count, read_skip_count, write_skip_count, process_skip_count, rollback_count, exit_code, exit_message, last_updated) VALUES (32, 3, 'subscriptionRenewalStep', 47, '2026-02-27 17:59:59.192723', '2026-02-27 17:59:59.206697', '2026-02-27 17:59:59.61817', 'COMPLETED', 1, 1, 1, 0, 0, 0, 0, 0, 'COMPLETED', '', '2026-02-27 17:59:59.619156');
INSERT INTO public.batch_step_execution (step_execution_id, version, step_name, job_execution_id, create_time, start_time, end_time, status, commit_count, read_count, filter_count, write_count, read_skip_count, write_skip_count, process_skip_count, rollback_count, exit_code, exit_message, last_updated) VALUES (30, 3, 'subscriptionRenewalStep', 45, '2026-02-27 05:59:59.212379', '2026-02-27 05:59:59.228795', '2026-02-27 05:59:59.625513', 'COMPLETED', 1, 1, 1, 0, 0, 0, 0, 0, 'COMPLETED', '', '2026-02-27 05:59:59.626213');
INSERT INTO public.batch_step_execution (step_execution_id, version, step_name, job_execution_id, create_time, start_time, end_time, status, commit_count, read_count, filter_count, write_count, read_skip_count, write_skip_count, process_skip_count, rollback_count, exit_code, exit_message, last_updated) VALUES (29, 3, 'subscriptionRenewalStep', 44, '2026-02-26 23:59:59.091114', '2026-02-26 23:59:59.103688', '2026-02-26 23:59:59.53301', 'COMPLETED', 1, 1, 1, 0, 0, 0, 0, 0, 'COMPLETED', '', '2026-02-26 23:59:59.533357');
INSERT INTO public.batch_step_execution (step_execution_id, version, step_name, job_execution_id, create_time, start_time, end_time, status, commit_count, read_count, filter_count, write_count, read_skip_count, write_skip_count, process_skip_count, rollback_count, exit_code, exit_message, last_updated) VALUES (33, 3, 'subscriptionRenewalStep', 48, '2026-02-27 23:59:59.161665', '2026-02-27 23:59:59.175104', '2026-02-27 23:59:59.454931', 'COMPLETED', 1, 1, 1, 0, 0, 0, 0, 0, 'COMPLETED', '', '2026-02-27 23:59:59.455316');


--
-- Data for Name: batch_step_execution_context; Type: TABLE DATA; Schema: public; Owner: event_site_admin
--

INSERT INTO public.batch_step_execution_context (step_execution_id, short_context, serialized_context) VALUES (1, 'rO0ABXNyABFqYXZhLnV0aWwuSGFzaE1hcAUH2sHDFmDRAwACRgAKbG9hZEZhY3RvckkACXRocmVzaG9sZHhwP0AAAAAAAAx3CAAAABAAAAADdAARYmF0Y2gudGFza2xldFR5cGV0AD1vcmcuc3ByaW5nZnJhbWV3b3JrLmJhdGNoLmNvcmUuc3RlcC5pdGVtLkNodW5rT3JpZW50ZWRUYXNrbGV0dAANYmF0Y2gudmVyc2lvbnQABTUuMC4ydAAOYmF0Y2guc3RlcFR5cGV0ADdvcmcuc3ByaW5nZnJhbWV3b3JrLmJhdGNoLmNvcmUuc3RlcC50YXNrbGV0LlRhc2tsZXRTdGVweA==', NULL);
INSERT INTO public.batch_step_execution_context (step_execution_id, short_context, serialized_context) VALUES (2, 'rO0ABXNyABFqYXZhLnV0aWwuSGFzaE1hcAUH2sHDFmDRAwACRgAKbG9hZEZhY3RvckkACXRocmVzaG9sZHhwP0AAAAAAAAx3CAAAABAAAAADdAARYmF0Y2gudGFza2xldFR5cGV0AD1vcmcuc3ByaW5nZnJhbWV3b3JrLmJhdGNoLmNvcmUuc3RlcC5pdGVtLkNodW5rT3JpZW50ZWRUYXNrbGV0dAANYmF0Y2gudmVyc2lvbnQABTUuMC4ydAAOYmF0Y2guc3RlcFR5cGV0ADdvcmcuc3ByaW5nZnJhbWV3b3JrLmJhdGNoLmNvcmUuc3RlcC50YXNrbGV0LlRhc2tsZXRTdGVweA==', NULL);
INSERT INTO public.batch_step_execution_context (step_execution_id, short_context, serialized_context) VALUES (13, 'rO0ABXNyABFqYXZhLnV0aWwuSGFzaE1hcAUH2sHDFmDRAwACRgAKbG9hZEZhY3RvckkACXRocmVzaG9sZHhwP0AAAAAAAAx3CAAAABAAAAADdAARYmF0Y2gudGFza2xldFR5cGV0AD1vcmcuc3ByaW5nZnJhbWV3b3JrLmJhdGNoLmNvcmUuc3RlcC5pdGVtLkNodW5rT3JpZW50ZWRUYXNrbGV0dAANYmF0Y2gudmVyc2lvbnQABTUuMC4ydAAOYmF0Y2guc3RlcFR5cGV0ADdvcmcuc3ByaW5nZnJhbWV3b3JrLmJhdGNoLmNvcmUuc3RlcC50YXNrbGV0LlRhc2tsZXRTdGVweA==', NULL);
INSERT INTO public.batch_step_execution_context (step_execution_id, short_context, serialized_context) VALUES (11, 'rO0ABXNyABFqYXZhLnV0aWwuSGFzaE1hcAUH2sHDFmDRAwACRgAKbG9hZEZhY3RvckkACXRocmVzaG9sZHhwP0AAAAAAAAx3CAAAABAAAAADdAARYmF0Y2gudGFza2xldFR5cGV0AD1vcmcuc3ByaW5nZnJhbWV3b3JrLmJhdGNoLmNvcmUuc3RlcC5pdGVtLkNodW5rT3JpZW50ZWRUYXNrbGV0dAANYmF0Y2gudmVyc2lvbnQABTUuMC4ydAAOYmF0Y2guc3RlcFR5cGV0ADdvcmcuc3ByaW5nZnJhbWV3b3JrLmJhdGNoLmNvcmUuc3RlcC50YXNrbGV0LlRhc2tsZXRTdGVweA==', NULL);
INSERT INTO public.batch_step_execution_context (step_execution_id, short_context, serialized_context) VALUES (3, 'rO0ABXNyABFqYXZhLnV0aWwuSGFzaE1hcAUH2sHDFmDRAwACRgAKbG9hZEZhY3RvckkACXRocmVzaG9sZHhwP0AAAAAAAAx3CAAAABAAAAADdAARYmF0Y2gudGFza2xldFR5cGV0AD1vcmcuc3ByaW5nZnJhbWV3b3JrLmJhdGNoLmNvcmUuc3RlcC5pdGVtLkNodW5rT3JpZW50ZWRUYXNrbGV0dAANYmF0Y2gudmVyc2lvbnQABTUuMC4ydAAOYmF0Y2guc3RlcFR5cGV0ADdvcmcuc3ByaW5nZnJhbWV3b3JrLmJhdGNoLmNvcmUuc3RlcC50YXNrbGV0LlRhc2tsZXRTdGVweA==', NULL);
INSERT INTO public.batch_step_execution_context (step_execution_id, short_context, serialized_context) VALUES (8, 'rO0ABXNyABFqYXZhLnV0aWwuSGFzaE1hcAUH2sHDFmDRAwACRgAKbG9hZEZhY3RvckkACXRocmVzaG9sZHhwP0AAAAAAAAx3CAAAABAAAAADdAARYmF0Y2gudGFza2xldFR5cGV0AD1vcmcuc3ByaW5nZnJhbWV3b3JrLmJhdGNoLmNvcmUuc3RlcC5pdGVtLkNodW5rT3JpZW50ZWRUYXNrbGV0dAANYmF0Y2gudmVyc2lvbnQABTUuMC4ydAAOYmF0Y2guc3RlcFR5cGV0ADdvcmcuc3ByaW5nZnJhbWV3b3JrLmJhdGNoLmNvcmUuc3RlcC50YXNrbGV0LlRhc2tsZXRTdGVweA==', NULL);
INSERT INTO public.batch_step_execution_context (step_execution_id, short_context, serialized_context) VALUES (4, 'rO0ABXNyABFqYXZhLnV0aWwuSGFzaE1hcAUH2sHDFmDRAwACRgAKbG9hZEZhY3RvckkACXRocmVzaG9sZHhwP0AAAAAAAAx3CAAAABAAAAADdAARYmF0Y2gudGFza2xldFR5cGV0AD1vcmcuc3ByaW5nZnJhbWV3b3JrLmJhdGNoLmNvcmUuc3RlcC5pdGVtLkNodW5rT3JpZW50ZWRUYXNrbGV0dAANYmF0Y2gudmVyc2lvbnQABTUuMC4ydAAOYmF0Y2guc3RlcFR5cGV0ADdvcmcuc3ByaW5nZnJhbWV3b3JrLmJhdGNoLmNvcmUuc3RlcC50YXNrbGV0LlRhc2tsZXRTdGVweA==', NULL);
INSERT INTO public.batch_step_execution_context (step_execution_id, short_context, serialized_context) VALUES (5, 'rO0ABXNyABFqYXZhLnV0aWwuSGFzaE1hcAUH2sHDFmDRAwACRgAKbG9hZEZhY3RvckkACXRocmVzaG9sZHhwP0AAAAAAAAx3CAAAABAAAAADdAARYmF0Y2gudGFza2xldFR5cGV0AD1vcmcuc3ByaW5nZnJhbWV3b3JrLmJhdGNoLmNvcmUuc3RlcC5pdGVtLkNodW5rT3JpZW50ZWRUYXNrbGV0dAANYmF0Y2gudmVyc2lvbnQABTUuMC4ydAAOYmF0Y2guc3RlcFR5cGV0ADdvcmcuc3ByaW5nZnJhbWV3b3JrLmJhdGNoLmNvcmUuc3RlcC50YXNrbGV0LlRhc2tsZXRTdGVweA==', NULL);
INSERT INTO public.batch_step_execution_context (step_execution_id, short_context, serialized_context) VALUES (9, 'rO0ABXNyABFqYXZhLnV0aWwuSGFzaE1hcAUH2sHDFmDRAwACRgAKbG9hZEZhY3RvckkACXRocmVzaG9sZHhwP0AAAAAAAAx3CAAAABAAAAADdAARYmF0Y2gudGFza2xldFR5cGV0AD1vcmcuc3ByaW5nZnJhbWV3b3JrLmJhdGNoLmNvcmUuc3RlcC5pdGVtLkNodW5rT3JpZW50ZWRUYXNrbGV0dAANYmF0Y2gudmVyc2lvbnQABTUuMC4ydAAOYmF0Y2guc3RlcFR5cGV0ADdvcmcuc3ByaW5nZnJhbWV3b3JrLmJhdGNoLmNvcmUuc3RlcC50YXNrbGV0LlRhc2tsZXRTdGVweA==', NULL);
INSERT INTO public.batch_step_execution_context (step_execution_id, short_context, serialized_context) VALUES (6, 'rO0ABXNyABFqYXZhLnV0aWwuSGFzaE1hcAUH2sHDFmDRAwACRgAKbG9hZEZhY3RvckkACXRocmVzaG9sZHhwP0AAAAAAAAx3CAAAABAAAAADdAARYmF0Y2gudGFza2xldFR5cGV0AD1vcmcuc3ByaW5nZnJhbWV3b3JrLmJhdGNoLmNvcmUuc3RlcC5pdGVtLkNodW5rT3JpZW50ZWRUYXNrbGV0dAANYmF0Y2gudmVyc2lvbnQABTUuMC4ydAAOYmF0Y2guc3RlcFR5cGV0ADdvcmcuc3ByaW5nZnJhbWV3b3JrLmJhdGNoLmNvcmUuc3RlcC50YXNrbGV0LlRhc2tsZXRTdGVweA==', NULL);
INSERT INTO public.batch_step_execution_context (step_execution_id, short_context, serialized_context) VALUES (48, 'rO0ABXNyABFqYXZhLnV0aWwuSGFzaE1hcAUH2sHDFmDRAwACRgAKbG9hZEZhY3RvckkACXRocmVzaG9sZHhwP0AAAAAAAAx3CAAAABAAAAADdAARYmF0Y2gudGFza2xldFR5cGV0AD1vcmcuc3ByaW5nZnJhbWV3b3JrLmJhdGNoLmNvcmUuc3RlcC5pdGVtLkNodW5rT3JpZW50ZWRUYXNrbGV0dAANYmF0Y2gudmVyc2lvbnQABTUuMC4ydAAOYmF0Y2guc3RlcFR5cGV0ADdvcmcuc3ByaW5nZnJhbWV3b3JrLmJhdGNoLmNvcmUuc3RlcC50YXNrbGV0LlRhc2tsZXRTdGVweA==', NULL);
INSERT INTO public.batch_step_execution_context (step_execution_id, short_context, serialized_context) VALUES (12, 'rO0ABXNyABFqYXZhLnV0aWwuSGFzaE1hcAUH2sHDFmDRAwACRgAKbG9hZEZhY3RvckkACXRocmVzaG9sZHhwP0AAAAAAAAx3CAAAABAAAAADdAARYmF0Y2gudGFza2xldFR5cGV0AD1vcmcuc3ByaW5nZnJhbWV3b3JrLmJhdGNoLmNvcmUuc3RlcC5pdGVtLkNodW5rT3JpZW50ZWRUYXNrbGV0dAANYmF0Y2gudmVyc2lvbnQABTUuMC4ydAAOYmF0Y2guc3RlcFR5cGV0ADdvcmcuc3ByaW5nZnJhbWV3b3JrLmJhdGNoLmNvcmUuc3RlcC50YXNrbGV0LlRhc2tsZXRTdGVweA==', NULL);
INSERT INTO public.batch_step_execution_context (step_execution_id, short_context, serialized_context) VALUES (7, 'rO0ABXNyABFqYXZhLnV0aWwuSGFzaE1hcAUH2sHDFmDRAwACRgAKbG9hZEZhY3RvckkACXRocmVzaG9sZHhwP0AAAAAAAAx3CAAAABAAAAADdAARYmF0Y2gudGFza2xldFR5cGV0AD1vcmcuc3ByaW5nZnJhbWV3b3JrLmJhdGNoLmNvcmUuc3RlcC5pdGVtLkNodW5rT3JpZW50ZWRUYXNrbGV0dAANYmF0Y2gudmVyc2lvbnQABTUuMC4ydAAOYmF0Y2guc3RlcFR5cGV0ADdvcmcuc3ByaW5nZnJhbWV3b3JrLmJhdGNoLmNvcmUuc3RlcC50YXNrbGV0LlRhc2tsZXRTdGVweA==', NULL);
INSERT INTO public.batch_step_execution_context (step_execution_id, short_context, serialized_context) VALUES (10, 'rO0ABXNyABFqYXZhLnV0aWwuSGFzaE1hcAUH2sHDFmDRAwACRgAKbG9hZEZhY3RvckkACXRocmVzaG9sZHhwP0AAAAAAAAx3CAAAABAAAAADdAARYmF0Y2gudGFza2xldFR5cGV0AD1vcmcuc3ByaW5nZnJhbWV3b3JrLmJhdGNoLmNvcmUuc3RlcC5pdGVtLkNodW5rT3JpZW50ZWRUYXNrbGV0dAANYmF0Y2gudmVyc2lvbnQABTUuMC4ydAAOYmF0Y2guc3RlcFR5cGV0ADdvcmcuc3ByaW5nZnJhbWV3b3JrLmJhdGNoLmNvcmUuc3RlcC50YXNrbGV0LlRhc2tsZXRTdGVweA==', NULL);
INSERT INTO public.batch_step_execution_context (step_execution_id, short_context, serialized_context) VALUES (15, 'rO0ABXNyABFqYXZhLnV0aWwuSGFzaE1hcAUH2sHDFmDRAwACRgAKbG9hZEZhY3RvckkACXRocmVzaG9sZHhwP0AAAAAAAAx3CAAAABAAAAADdAARYmF0Y2gudGFza2xldFR5cGV0AD1vcmcuc3ByaW5nZnJhbWV3b3JrLmJhdGNoLmNvcmUuc3RlcC5pdGVtLkNodW5rT3JpZW50ZWRUYXNrbGV0dAANYmF0Y2gudmVyc2lvbnQABTUuMC4ydAAOYmF0Y2guc3RlcFR5cGV0ADdvcmcuc3ByaW5nZnJhbWV3b3JrLmJhdGNoLmNvcmUuc3RlcC50YXNrbGV0LlRhc2tsZXRTdGVweA==', NULL);
INSERT INTO public.batch_step_execution_context (step_execution_id, short_context, serialized_context) VALUES (14, 'rO0ABXNyABFqYXZhLnV0aWwuSGFzaE1hcAUH2sHDFmDRAwACRgAKbG9hZEZhY3RvckkACXRocmVzaG9sZHhwP0AAAAAAAAx3CAAAABAAAAADdAARYmF0Y2gudGFza2xldFR5cGV0AD1vcmcuc3ByaW5nZnJhbWV3b3JrLmJhdGNoLmNvcmUuc3RlcC5pdGVtLkNodW5rT3JpZW50ZWRUYXNrbGV0dAANYmF0Y2gudmVyc2lvbnQABTUuMC4ydAAOYmF0Y2guc3RlcFR5cGV0ADdvcmcuc3ByaW5nZnJhbWV3b3JrLmJhdGNoLmNvcmUuc3RlcC50YXNrbGV0LlRhc2tsZXRTdGVweA==', NULL);
INSERT INTO public.batch_step_execution_context (step_execution_id, short_context, serialized_context) VALUES (49, 'rO0ABXNyABFqYXZhLnV0aWwuSGFzaE1hcAUH2sHDFmDRAwACRgAKbG9hZEZhY3RvckkACXRocmVzaG9sZHhwP0AAAAAAAAx3CAAAABAAAAADdAARYmF0Y2gudGFza2xldFR5cGV0AD1vcmcuc3ByaW5nZnJhbWV3b3JrLmJhdGNoLmNvcmUuc3RlcC5pdGVtLkNodW5rT3JpZW50ZWRUYXNrbGV0dAANYmF0Y2gudmVyc2lvbnQABTUuMC4ydAAOYmF0Y2guc3RlcFR5cGV0ADdvcmcuc3ByaW5nZnJhbWV3b3JrLmJhdGNoLmNvcmUuc3RlcC50YXNrbGV0LlRhc2tsZXRTdGVweA==', NULL);
INSERT INTO public.batch_step_execution_context (step_execution_id, short_context, serialized_context) VALUES (50, 'rO0ABXNyABFqYXZhLnV0aWwuSGFzaE1hcAUH2sHDFmDRAwACRgAKbG9hZEZhY3RvckkACXRocmVzaG9sZHhwP0AAAAAAAAx3CAAAABAAAAADdAARYmF0Y2gudGFza2xldFR5cGV0AD1vcmcuc3ByaW5nZnJhbWV3b3JrLmJhdGNoLmNvcmUuc3RlcC5pdGVtLkNodW5rT3JpZW50ZWRUYXNrbGV0dAANYmF0Y2gudmVyc2lvbnQABTUuMC4ydAAOYmF0Y2guc3RlcFR5cGV0ADdvcmcuc3ByaW5nZnJhbWV3b3JrLmJhdGNoLmNvcmUuc3RlcC50YXNrbGV0LlRhc2tsZXRTdGVweA==', NULL);
INSERT INTO public.batch_step_execution_context (step_execution_id, short_context, serialized_context) VALUES (16, 'rO0ABXNyABFqYXZhLnV0aWwuSGFzaE1hcAUH2sHDFmDRAwACRgAKbG9hZEZhY3RvckkACXRocmVzaG9sZHhwP0AAAAAAAAx3CAAAABAAAAADdAARYmF0Y2gudGFza2xldFR5cGV0AD1vcmcuc3ByaW5nZnJhbWV3b3JrLmJhdGNoLmNvcmUuc3RlcC5pdGVtLkNodW5rT3JpZW50ZWRUYXNrbGV0dAANYmF0Y2gudmVyc2lvbnQABTUuMC4ydAAOYmF0Y2guc3RlcFR5cGV0ADdvcmcuc3ByaW5nZnJhbWV3b3JrLmJhdGNoLmNvcmUuc3RlcC50YXNrbGV0LlRhc2tsZXRTdGVweA==', NULL);
INSERT INTO public.batch_step_execution_context (step_execution_id, short_context, serialized_context) VALUES (17, 'rO0ABXNyABFqYXZhLnV0aWwuSGFzaE1hcAUH2sHDFmDRAwACRgAKbG9hZEZhY3RvckkACXRocmVzaG9sZHhwP0AAAAAAAAx3CAAAABAAAAADdAARYmF0Y2gudGFza2xldFR5cGV0AD1vcmcuc3ByaW5nZnJhbWV3b3JrLmJhdGNoLmNvcmUuc3RlcC5pdGVtLkNodW5rT3JpZW50ZWRUYXNrbGV0dAANYmF0Y2gudmVyc2lvbnQABTUuMC4ydAAOYmF0Y2guc3RlcFR5cGV0ADdvcmcuc3ByaW5nZnJhbWV3b3JrLmJhdGNoLmNvcmUuc3RlcC50YXNrbGV0LlRhc2tsZXRTdGVweA==', NULL);
INSERT INTO public.batch_step_execution_context (step_execution_id, short_context, serialized_context) VALUES (26, 'rO0ABXNyABFqYXZhLnV0aWwuSGFzaE1hcAUH2sHDFmDRAwACRgAKbG9hZEZhY3RvckkACXRocmVzaG9sZHhwP0AAAAAAAAx3CAAAABAAAAADdAARYmF0Y2gudGFza2xldFR5cGV0AD1vcmcuc3ByaW5nZnJhbWV3b3JrLmJhdGNoLmNvcmUuc3RlcC5pdGVtLkNodW5rT3JpZW50ZWRUYXNrbGV0dAANYmF0Y2gudmVyc2lvbnQABTUuMC4ydAAOYmF0Y2guc3RlcFR5cGV0ADdvcmcuc3ByaW5nZnJhbWV3b3JrLmJhdGNoLmNvcmUuc3RlcC50YXNrbGV0LlRhc2tsZXRTdGVweA==', NULL);
INSERT INTO public.batch_step_execution_context (step_execution_id, short_context, serialized_context) VALUES (18, 'rO0ABXNyABFqYXZhLnV0aWwuSGFzaE1hcAUH2sHDFmDRAwACRgAKbG9hZEZhY3RvckkACXRocmVzaG9sZHhwP0AAAAAAAAx3CAAAABAAAAADdAARYmF0Y2gudGFza2xldFR5cGV0AD1vcmcuc3ByaW5nZnJhbWV3b3JrLmJhdGNoLmNvcmUuc3RlcC5pdGVtLkNodW5rT3JpZW50ZWRUYXNrbGV0dAANYmF0Y2gudmVyc2lvbnQABTUuMC4ydAAOYmF0Y2guc3RlcFR5cGV0ADdvcmcuc3ByaW5nZnJhbWV3b3JrLmJhdGNoLmNvcmUuc3RlcC50YXNrbGV0LlRhc2tsZXRTdGVweA==', NULL);
INSERT INTO public.batch_step_execution_context (step_execution_id, short_context, serialized_context) VALUES (23, 'rO0ABXNyABFqYXZhLnV0aWwuSGFzaE1hcAUH2sHDFmDRAwACRgAKbG9hZEZhY3RvckkACXRocmVzaG9sZHhwP0AAAAAAAAx3CAAAABAAAAADdAARYmF0Y2gudGFza2xldFR5cGV0AD1vcmcuc3ByaW5nZnJhbWV3b3JrLmJhdGNoLmNvcmUuc3RlcC5pdGVtLkNodW5rT3JpZW50ZWRUYXNrbGV0dAANYmF0Y2gudmVyc2lvbnQABTUuMC4ydAAOYmF0Y2guc3RlcFR5cGV0ADdvcmcuc3ByaW5nZnJhbWV3b3JrLmJhdGNoLmNvcmUuc3RlcC50YXNrbGV0LlRhc2tsZXRTdGVweA==', NULL);
INSERT INTO public.batch_step_execution_context (step_execution_id, short_context, serialized_context) VALUES (19, 'rO0ABXNyABFqYXZhLnV0aWwuSGFzaE1hcAUH2sHDFmDRAwACRgAKbG9hZEZhY3RvckkACXRocmVzaG9sZHhwP0AAAAAAAAx3CAAAABAAAAADdAARYmF0Y2gudGFza2xldFR5cGV0AD1vcmcuc3ByaW5nZnJhbWV3b3JrLmJhdGNoLmNvcmUuc3RlcC5pdGVtLkNodW5rT3JpZW50ZWRUYXNrbGV0dAANYmF0Y2gudmVyc2lvbnQABTUuMC4ydAAOYmF0Y2guc3RlcFR5cGV0ADdvcmcuc3ByaW5nZnJhbWV3b3JrLmJhdGNoLmNvcmUuc3RlcC50YXNrbGV0LlRhc2tsZXRTdGVweA==', NULL);
INSERT INTO public.batch_step_execution_context (step_execution_id, short_context, serialized_context) VALUES (33, 'rO0ABXNyABFqYXZhLnV0aWwuSGFzaE1hcAUH2sHDFmDRAwACRgAKbG9hZEZhY3RvckkACXRocmVzaG9sZHhwP0AAAAAAAAx3CAAAABAAAAADdAARYmF0Y2gudGFza2xldFR5cGV0AD1vcmcuc3ByaW5nZnJhbWV3b3JrLmJhdGNoLmNvcmUuc3RlcC5pdGVtLkNodW5rT3JpZW50ZWRUYXNrbGV0dAANYmF0Y2gudmVyc2lvbnQABTUuMC4ydAAOYmF0Y2guc3RlcFR5cGV0ADdvcmcuc3ByaW5nZnJhbWV3b3JrLmJhdGNoLmNvcmUuc3RlcC50YXNrbGV0LlRhc2tsZXRTdGVweA==', NULL);
INSERT INTO public.batch_step_execution_context (step_execution_id, short_context, serialized_context) VALUES (29, 'rO0ABXNyABFqYXZhLnV0aWwuSGFzaE1hcAUH2sHDFmDRAwACRgAKbG9hZEZhY3RvckkACXRocmVzaG9sZHhwP0AAAAAAAAx3CAAAABAAAAADdAARYmF0Y2gudGFza2xldFR5cGV0AD1vcmcuc3ByaW5nZnJhbWV3b3JrLmJhdGNoLmNvcmUuc3RlcC5pdGVtLkNodW5rT3JpZW50ZWRUYXNrbGV0dAANYmF0Y2gudmVyc2lvbnQABTUuMC4ydAAOYmF0Y2guc3RlcFR5cGV0ADdvcmcuc3ByaW5nZnJhbWV3b3JrLmJhdGNoLmNvcmUuc3RlcC50YXNrbGV0LlRhc2tsZXRTdGVweA==', NULL);
INSERT INTO public.batch_step_execution_context (step_execution_id, short_context, serialized_context) VALUES (20, 'rO0ABXNyABFqYXZhLnV0aWwuSGFzaE1hcAUH2sHDFmDRAwACRgAKbG9hZEZhY3RvckkACXRocmVzaG9sZHhwP0AAAAAAAAx3CAAAABAAAAADdAARYmF0Y2gudGFza2xldFR5cGV0AD1vcmcuc3ByaW5nZnJhbWV3b3JrLmJhdGNoLmNvcmUuc3RlcC5pdGVtLkNodW5rT3JpZW50ZWRUYXNrbGV0dAANYmF0Y2gudmVyc2lvbnQABTUuMC4ydAAOYmF0Y2guc3RlcFR5cGV0ADdvcmcuc3ByaW5nZnJhbWV3b3JrLmJhdGNoLmNvcmUuc3RlcC50YXNrbGV0LlRhc2tsZXRTdGVweA==', NULL);
INSERT INTO public.batch_step_execution_context (step_execution_id, short_context, serialized_context) VALUES (24, 'rO0ABXNyABFqYXZhLnV0aWwuSGFzaE1hcAUH2sHDFmDRAwACRgAKbG9hZEZhY3RvckkACXRocmVzaG9sZHhwP0AAAAAAAAx3CAAAABAAAAADdAARYmF0Y2gudGFza2xldFR5cGV0AD1vcmcuc3ByaW5nZnJhbWV3b3JrLmJhdGNoLmNvcmUuc3RlcC5pdGVtLkNodW5rT3JpZW50ZWRUYXNrbGV0dAANYmF0Y2gudmVyc2lvbnQABTUuMC4ydAAOYmF0Y2guc3RlcFR5cGV0ADdvcmcuc3ByaW5nZnJhbWV3b3JrLmJhdGNoLmNvcmUuc3RlcC50YXNrbGV0LlRhc2tsZXRTdGVweA==', NULL);
INSERT INTO public.batch_step_execution_context (step_execution_id, short_context, serialized_context) VALUES (21, 'rO0ABXNyABFqYXZhLnV0aWwuSGFzaE1hcAUH2sHDFmDRAwACRgAKbG9hZEZhY3RvckkACXRocmVzaG9sZHhwP0AAAAAAAAx3CAAAABAAAAADdAARYmF0Y2gudGFza2xldFR5cGV0AD1vcmcuc3ByaW5nZnJhbWV3b3JrLmJhdGNoLmNvcmUuc3RlcC5pdGVtLkNodW5rT3JpZW50ZWRUYXNrbGV0dAANYmF0Y2gudmVyc2lvbnQABTUuMC4ydAAOYmF0Y2guc3RlcFR5cGV0ADdvcmcuc3ByaW5nZnJhbWV3b3JrLmJhdGNoLmNvcmUuc3RlcC50YXNrbGV0LlRhc2tsZXRTdGVweA==', NULL);
INSERT INTO public.batch_step_execution_context (step_execution_id, short_context, serialized_context) VALUES (27, 'rO0ABXNyABFqYXZhLnV0aWwuSGFzaE1hcAUH2sHDFmDRAwACRgAKbG9hZEZhY3RvckkACXRocmVzaG9sZHhwP0AAAAAAAAx3CAAAABAAAAADdAARYmF0Y2gudGFza2xldFR5cGV0AD1vcmcuc3ByaW5nZnJhbWV3b3JrLmJhdGNoLmNvcmUuc3RlcC5pdGVtLkNodW5rT3JpZW50ZWRUYXNrbGV0dAANYmF0Y2gudmVyc2lvbnQABTUuMC4ydAAOYmF0Y2guc3RlcFR5cGV0ADdvcmcuc3ByaW5nZnJhbWV3b3JrLmJhdGNoLmNvcmUuc3RlcC50YXNrbGV0LlRhc2tsZXRTdGVweA==', NULL);
INSERT INTO public.batch_step_execution_context (step_execution_id, short_context, serialized_context) VALUES (22, 'rO0ABXNyABFqYXZhLnV0aWwuSGFzaE1hcAUH2sHDFmDRAwACRgAKbG9hZEZhY3RvckkACXRocmVzaG9sZHhwP0AAAAAAAAx3CAAAABAAAAADdAARYmF0Y2gudGFza2xldFR5cGV0AD1vcmcuc3ByaW5nZnJhbWV3b3JrLmJhdGNoLmNvcmUuc3RlcC5pdGVtLkNodW5rT3JpZW50ZWRUYXNrbGV0dAANYmF0Y2gudmVyc2lvbnQABTUuMC4ydAAOYmF0Y2guc3RlcFR5cGV0ADdvcmcuc3ByaW5nZnJhbWV3b3JrLmJhdGNoLmNvcmUuc3RlcC50YXNrbGV0LlRhc2tsZXRTdGVweA==', NULL);
INSERT INTO public.batch_step_execution_context (step_execution_id, short_context, serialized_context) VALUES (25, 'rO0ABXNyABFqYXZhLnV0aWwuSGFzaE1hcAUH2sHDFmDRAwACRgAKbG9hZEZhY3RvckkACXRocmVzaG9sZHhwP0AAAAAAAAx3CAAAABAAAAADdAARYmF0Y2gudGFza2xldFR5cGV0AD1vcmcuc3ByaW5nZnJhbWV3b3JrLmJhdGNoLmNvcmUuc3RlcC5pdGVtLkNodW5rT3JpZW50ZWRUYXNrbGV0dAANYmF0Y2gudmVyc2lvbnQABTUuMC4ydAAOYmF0Y2guc3RlcFR5cGV0ADdvcmcuc3ByaW5nZnJhbWV3b3JrLmJhdGNoLmNvcmUuc3RlcC50YXNrbGV0LlRhc2tsZXRTdGVweA==', NULL);
INSERT INTO public.batch_step_execution_context (step_execution_id, short_context, serialized_context) VALUES (32, 'rO0ABXNyABFqYXZhLnV0aWwuSGFzaE1hcAUH2sHDFmDRAwACRgAKbG9hZEZhY3RvckkACXRocmVzaG9sZHhwP0AAAAAAAAx3CAAAABAAAAADdAARYmF0Y2gudGFza2xldFR5cGV0AD1vcmcuc3ByaW5nZnJhbWV3b3JrLmJhdGNoLmNvcmUuc3RlcC5pdGVtLkNodW5rT3JpZW50ZWRUYXNrbGV0dAANYmF0Y2gudmVyc2lvbnQABTUuMC4ydAAOYmF0Y2guc3RlcFR5cGV0ADdvcmcuc3ByaW5nZnJhbWV3b3JrLmJhdGNoLmNvcmUuc3RlcC50YXNrbGV0LlRhc2tsZXRTdGVweA==', NULL);
INSERT INTO public.batch_step_execution_context (step_execution_id, short_context, serialized_context) VALUES (31, 'rO0ABXNyABFqYXZhLnV0aWwuSGFzaE1hcAUH2sHDFmDRAwACRgAKbG9hZEZhY3RvckkACXRocmVzaG9sZHhwP0AAAAAAAAx3CAAAABAAAAADdAARYmF0Y2gudGFza2xldFR5cGV0AD1vcmcuc3ByaW5nZnJhbWV3b3JrLmJhdGNoLmNvcmUuc3RlcC5pdGVtLkNodW5rT3JpZW50ZWRUYXNrbGV0dAANYmF0Y2gudmVyc2lvbnQABTUuMC4ydAAOYmF0Y2guc3RlcFR5cGV0ADdvcmcuc3ByaW5nZnJhbWV3b3JrLmJhdGNoLmNvcmUuc3RlcC50YXNrbGV0LlRhc2tsZXRTdGVweA==', NULL);
INSERT INTO public.batch_step_execution_context (step_execution_id, short_context, serialized_context) VALUES (28, 'rO0ABXNyABFqYXZhLnV0aWwuSGFzaE1hcAUH2sHDFmDRAwACRgAKbG9hZEZhY3RvckkACXRocmVzaG9sZHhwP0AAAAAAAAx3CAAAABAAAAADdAARYmF0Y2gudGFza2xldFR5cGV0AD1vcmcuc3ByaW5nZnJhbWV3b3JrLmJhdGNoLmNvcmUuc3RlcC5pdGVtLkNodW5rT3JpZW50ZWRUYXNrbGV0dAANYmF0Y2gudmVyc2lvbnQABTUuMC4ydAAOYmF0Y2guc3RlcFR5cGV0ADdvcmcuc3ByaW5nZnJhbWV3b3JrLmJhdGNoLmNvcmUuc3RlcC50YXNrbGV0LlRhc2tsZXRTdGVweA==', NULL);
INSERT INTO public.batch_step_execution_context (step_execution_id, short_context, serialized_context) VALUES (30, 'rO0ABXNyABFqYXZhLnV0aWwuSGFzaE1hcAUH2sHDFmDRAwACRgAKbG9hZEZhY3RvckkACXRocmVzaG9sZHhwP0AAAAAAAAx3CAAAABAAAAADdAARYmF0Y2gudGFza2xldFR5cGV0AD1vcmcuc3ByaW5nZnJhbWV3b3JrLmJhdGNoLmNvcmUuc3RlcC5pdGVtLkNodW5rT3JpZW50ZWRUYXNrbGV0dAANYmF0Y2gudmVyc2lvbnQABTUuMC4ydAAOYmF0Y2guc3RlcFR5cGV0ADdvcmcuc3ByaW5nZnJhbWV3b3JrLmJhdGNoLmNvcmUuc3RlcC50YXNrbGV0LlRhc2tsZXRTdGVweA==', NULL);


--
-- Data for Name: user_profile; Type: TABLE DATA; Schema: public; Owner: event_site_admin
--

INSERT INTO public.user_profile (id, tenant_id, user_id, first_name, last_name, email, phone, address_line_1, address_line_2, city, state, zip_code, country, notes, family_name, city_town, district, educational_institution, profile_image_url, is_email_subscribed, email_subscription_token, is_email_subscription_token_used, user_status, user_role, reviewed_by_admin_at, reviewed_by_admin_id, clerk_user_id, clerk_session_id, clerk_org_id, clerk_org_role, auth_provider, auth_provider_user_id, email_verified, profile_image_url_clerk, last_sign_in_at, clerk_metadata, created_at, updated_at, request_id, request_reason, status, admin_comments, submitted_at, reviewed_at, approved_at, rejected_at) VALUES (1, 'tenant_demo_001', 'user001', 'Alice', 'Johnson', 'alice.johnson@example.com', '555-1001', '123 Main St', NULL, 'Springfield', 'IL', '62701', 'USA', NULL, NULL, NULL, NULL, NULL, NULL, false, NULL, false, 'ACTIVE', 'MEMBER', NULL, NULL, '2025-06-22 11:31:26.252573', '2025-06-22 11:31:26.252573', NULL, NULL, NULL, NULL, NULL, NULL, NULL, NULL, '2025-10-28 01:23:03.522272', '2025-10-28 01:23:03.522272', NULL, NULL, NULL, NULL, NULL, NULL, NULL, NULL);
INSERT INTO public.user_profile (id, tenant_id, user_id, first_name, last_name, email, phone, address_line_1, address_line_2, city, state, zip_code, country, notes, family_name, city_town, district, educational_institution, profile_image_url, is_email_subscribed, email_subscription_token, is_email_subscription_token_used, user_status, user_role, reviewed_by_admin_at, reviewed_by_admin_id, clerk_user_id, clerk_session_id, clerk_org_id, clerk_org_role, auth_provider, auth_provider_user_id, email_verified, profile_image_url_clerk, last_sign_in_at, clerk_metadata, created_at, updated_at, request_id, request_reason, status, admin_comments, submitted_at, reviewed_at, approved_at, rejected_at) VALUES (2, 'tenant_demo_001', 'user002', 'Bob', 'Smith', 'bob.smith@example.com', '555-1002', '456 Oak Ave', NULL, 'Springfield', 'IL', '62702', 'USA', NULL, NULL, NULL, NULL, NULL, NULL, false, NULL, false, 'ACTIVE', 'ADMIN', NULL, NULL, '2025-06-22 11:31:26.252573', '2025-06-22 11:31:26.252573', NULL, NULL, NULL, NULL, NULL, NULL, NULL, NULL, '2025-10-28 01:23:03.575893', '2025-10-28 01:23:03.575893', NULL, NULL, NULL, NULL, NULL, NULL, NULL, NULL);
INSERT INTO public.user_profile (id, tenant_id, user_id, first_name, last_name, email, phone, address_line_1, address_line_2, city, state, zip_code, country, notes, family_name, city_town, district, educational_institution, profile_image_url, is_email_subscribed, email_subscription_token, is_email_subscription_token_used, user_status, user_role, reviewed_by_admin_at, reviewed_by_admin_id, clerk_user_id, clerk_session_id, clerk_org_id, clerk_org_role, auth_provider, auth_provider_user_id, email_verified, profile_image_url_clerk, last_sign_in_at, clerk_metadata, created_at, updated_at, request_id, request_reason, status, admin_comments, submitted_at, reviewed_at, approved_at, rejected_at) VALUES (3, 'tenant_demo_001', 'user003', 'Carol', 'Williams', 'carol.williams@example.com', '555-1003', '789 Pine Rd', NULL, 'Springfield', 'IL', '62703', 'USA', NULL, NULL, NULL, NULL, NULL, NULL, false, NULL, false, 'INACTIVE', 'VOLUNTEER', NULL, NULL, '2025-06-22 11:31:26.252573', '2025-06-22 11:31:26.252573', NULL, NULL, NULL, NULL, NULL, NULL, NULL, NULL, '2025-10-28 01:23:03.609148', '2025-10-28 01:23:03.609148', NULL, NULL, NULL, NULL, NULL, NULL, NULL, NULL);
INSERT INTO public.user_profile (id, tenant_id, user_id, first_name, last_name, email, phone, address_line_1, address_line_2, city, state, zip_code, country, notes, family_name, city_town, district, educational_institution, profile_image_url, is_email_subscribed, email_subscription_token, is_email_subscription_token_used, user_status, user_role, reviewed_by_admin_at, reviewed_by_admin_id, clerk_user_id, clerk_session_id, clerk_org_id, clerk_org_role, auth_provider, auth_provider_user_id, email_verified, profile_image_url_clerk, last_sign_in_at, clerk_metadata, created_at, updated_at, request_id, request_reason, status, admin_comments, submitted_at, reviewed_at, approved_at, rejected_at) VALUES (4, 'tenant_demo_001', 'user004', 'David', 'Brown', 'david.brown@example.com', '555-1004', '321 Maple St', NULL, 'Springfield', 'IL', '62704', 'USA', NULL, NULL, NULL, NULL, NULL, NULL, false, NULL, false, 'PENDING_APPROVAL', 'ORGANIZER', NULL, NULL, '2025-06-22 11:31:26.252573', '2025-06-22 11:31:26.252573', NULL, NULL, NULL, NULL, NULL, NULL, NULL, NULL, '2025-10-28 01:23:03.728261', '2025-10-28 01:23:03.728261', NULL, NULL, NULL, NULL, NULL, NULL, NULL, NULL);
INSERT INTO public.user_profile (id, tenant_id, user_id, first_name, last_name, email, phone, address_line_1, address_line_2, city, state, zip_code, country, notes, family_name, city_town, district, educational_institution, profile_image_url, is_email_subscribed, email_subscription_token, is_email_subscription_token_used, user_status, user_role, reviewed_by_admin_at, reviewed_by_admin_id, clerk_user_id, clerk_session_id, clerk_org_id, clerk_org_role, auth_provider, auth_provider_user_id, email_verified, profile_image_url_clerk, last_sign_in_at, clerk_metadata, created_at, updated_at, request_id, request_reason, status, admin_comments, submitted_at, reviewed_at, approved_at, rejected_at) VALUES (5, 'tenant_demo_001', 'user005', 'Eve', 'Davis', 'eve.davis@example.com', '555-1005', '654 Cedar Ave', NULL, 'Springfield', 'IL', '62705', 'USA', NULL, NULL, NULL, NULL, NULL, NULL, false, NULL, false, 'SUSPENDED', 'SUPER_ADMIN', NULL, NULL, '2025-06-22 11:31:26.252573', '2025-06-22 11:31:26.252573', NULL, NULL, NULL, NULL, NULL, NULL, NULL, NULL, '2025-10-28 01:23:03.7618', '2025-10-28 01:23:03.7618', NULL, NULL, NULL, NULL, NULL, NULL, NULL, NULL);
INSERT INTO public.user_profile (id, tenant_id, user_id, first_name, last_name, email, phone, address_line_1, address_line_2, city, state, zip_code, country, notes, family_name, city_town, district, educational_institution, profile_image_url, is_email_subscribed, email_subscription_token, is_email_subscription_token_used, user_status, user_role, reviewed_by_admin_at, reviewed_by_admin_id, clerk_user_id, clerk_session_id, clerk_org_id, clerk_org_role, auth_provider, auth_provider_user_id, email_verified, profile_image_url_clerk, last_sign_in_at, clerk_metadata, created_at, updated_at, request_id, request_reason, status, admin_comments, submitted_at, reviewed_at, approved_at, rejected_at) VALUES (6, 'tenant_demo_001', 'user006', 'Frank', 'Miller', 'frank.miller@example.com', '555-1006', '987 Birch Blvd', NULL, 'Springfield', 'IL', '62706', 'USA', NULL, NULL, NULL, NULL, NULL, NULL, false, NULL, false, 'BANNED', 'MEMBER', NULL, NULL, '2025-06-22 11:31:26.252573', '2025-06-22 11:31:26.252573', NULL, NULL, NULL, NULL, NULL, NULL, NULL, NULL, '2025-10-28 01:23:03.79313', '2025-10-28 01:23:03.79313', NULL, NULL, NULL, NULL, NULL, NULL, NULL, NULL);
INSERT INTO public.user_profile (id, tenant_id, user_id, first_name, last_name, email, phone, address_line_1, address_line_2, city, state, zip_code, country, notes, family_name, city_town, district, educational_institution, profile_image_url, is_email_subscribed, email_subscription_token, is_email_subscription_token_used, user_status, user_role, reviewed_by_admin_at, reviewed_by_admin_id, clerk_user_id, clerk_session_id, clerk_org_id, clerk_org_role, auth_provider, auth_provider_user_id, email_verified, profile_image_url_clerk, last_sign_in_at, clerk_metadata, created_at, updated_at, request_id, request_reason, status, admin_comments, submitted_at, reviewed_at, approved_at, rejected_at) VALUES (4651, 'tenant_demo_001', 'user_2vVLxhPnsIPGYf6qpfozk383Slr', 'Gain Joseph', 'Joseph', 'giventauser@gmail.com', '3123430073', '165 Hopkins Avenue', 'APT 7', 'Jersey City', 'NJ', '07306', 'United States', '', '', '', '', '', 'https://img.clerk.com/eyJ0eXBlIjoicHJveHkiLCJzcmMiOiJodHRwczovL2ltYWdlcy5jbGVyay5kZXYvb2F1dGhfZ29vZ2xlL2ltZ18ydlZMeGVDUnFWTnpkTDBLUXMySXNWekFBVG8ifQ', true, 'eyJhbGciOiJIUzI1NiJ9.eyJzdWIiOiJnaXZlbnRhdXNlckBnbWFpbC5jb20iLCJwdXJwb3NlIjoiZW1haWxfc3Vic2NyaXB0aW9uIiwidGVuYW50SWQiOiJ0ZW5hbnRfZGVtb18wMDEiLCJleHAiOjE3NjQyOTIxMjIsImlhdCI6MTc2MTcwMDEyMiwidXNlcklkIjoidXNlcl8ydlZMeGhQbnNJUEdZZjZxcGZvemszODNTbHIiLCJlbWFpbCI6ImdpdmVudGF1c2VyQGdtYWlsLmNvbSJ9.PIGHagURyQLt79_8qzMimOCtuKMHP1q4pU9ReQfBit0', false, 'PENDING_APPROVAL', 'ADMIN', NULL, NULL, NULL, NULL, NULL, NULL, NULL, NULL, NULL, NULL, NULL, NULL, '2025-10-28 01:23:03.8258', '2025-10-28 21:08:42.247408', NULL, NULL, NULL, NULL, NULL, NULL, NULL, NULL);
INSERT INTO public.user_profile (id, tenant_id, user_id, first_name, last_name, email, phone, address_line_1, address_line_2, city, state, zip_code, country, notes, family_name, city_town, district, educational_institution, profile_image_url, is_email_subscribed, email_subscription_token, is_email_subscription_token_used, user_status, user_role, reviewed_by_admin_at, reviewed_by_admin_id, clerk_user_id, clerk_session_id, clerk_org_id, clerk_org_role, auth_provider, auth_provider_user_id, email_verified, profile_image_url_clerk, last_sign_in_at, clerk_metadata, created_at, updated_at, request_id, request_reason, status, admin_comments, submitted_at, reviewed_at, approved_at, rejected_at) VALUES (4051, 'tenant_demo_003', 'user_2vVLxhPnsIPGYf6qpfozk383Slr', 'Gain', 'Joseph', 'giventauser@gmail.com', NULL, NULL, NULL, NULL, NULL, NULL, NULL, NULL, NULL, NULL, NULL, NULL, 'https://img.clerk.com/eyJ0eXBlIjoicHJveHkiLCJzcmMiOiJodHRwczovL2ltYWdlcy5jbGVyay5kZXYvb2F1dGhfZ29vZ2xlL2ltZ18ydlZMeGVDUnFWTnpkTDBLUXMySXNWekFBVG8ifQ', true, 'eyJhbGciOiJIUzI1NiJ9.eyJzdWIiOiJnaXZlbnRhdXNlckBnbWFpbC5jb20iLCJwdXJwb3NlIjoiZW1haWxfc3Vic2NyaXB0aW9uIiwidGVuYW50SWQiOiJ0ZW5hbnRfZGVtb18wMDMiLCJleHAiOjE3NjQ2MDI3MzYsImlhdCI6MTc2MjAxMDczNiwidXNlcklkIjoidXNlcl8ydlZMeGhQbnNJUEdZZjZxcGZvemszODNTbHIiLCJlbWFpbCI6ImdpdmVudGF1c2VyQGdtYWlsLmNvbSJ9.MEhHEFxlAA0v-deMwsGv7tItcaCCP2H-vhXj3TrYxaY', false, 'PENDING_APPROVAL', 'MEMBER', NULL, NULL, NULL, NULL, NULL, NULL, NULL, NULL, NULL, NULL, NULL, NULL, '2025-11-01 15:25:36.273', '2025-11-01 15:25:36.273', NULL, NULL, NULL, NULL, NULL, NULL, NULL, NULL);
INSERT INTO public.user_profile (id, tenant_id, user_id, first_name, last_name, email, phone, address_line_1, address_line_2, city, state, zip_code, country, notes, family_name, city_town, district, educational_institution, profile_image_url, is_email_subscribed, email_subscription_token, is_email_subscription_token_used, user_status, user_role, reviewed_by_admin_at, reviewed_by_admin_id, clerk_user_id, clerk_session_id, clerk_org_id, clerk_org_role, auth_provider, auth_provider_user_id, email_verified, profile_image_url_clerk, last_sign_in_at, clerk_metadata, created_at, updated_at, request_id, request_reason, status, admin_comments, submitted_at, reviewed_at, approved_at, rejected_at) VALUES (4109, 'tenant_demo_002', 'user_37YNwboZtCy9WXkKSZ9HYl4C9hh', 'Regular', 'Regular User', 'mosc.regular.user@keleno.com', '', '', '', '', '', '', '', '', '', '', '', '', 'https://img.clerk.com/eyJ0eXBlIjoiZGVmYXVsdCIsImlpZCI6Imluc18ydlFXRk5DSWkxaDQwbWZkTFk5T2t0TDJjbGkiLCJyaWQiOiJ1c2VyXzM3WU53Ym9adEN5OVdYa0tTWjlIWWw0QzloaCIsImluaXRpYWxzIjoiUlIifQ', false, 'eyJhbGciOiJIUzI1NiJ9.eyJzdWIiOiJtb3NjLnJlZ3VsYXIudXNlckBrZWxlbm8uY29tIiwicHVycG9zZSI6ImVtYWlsX3N1YnNjcmlwdGlvbiIsInRlbmFudElkIjoidGVuYW50X2RlbW9fMDAyIiwiZXhwIjoxNzcwOTA1MTYwLCJpYXQiOjE3NjgzMTMxNjAsInVzZXJJZCI6InVzZXJfMzdZTndib1p0Q3k5V1hrS1NaOUhZbDRDOWhoIiwiZW1haWwiOiJtb3NjLnJlZ3VsYXIudXNlckBrZWxlbm8uY29tIn0.LfsYkAukLg42ZcWbEkAedNjQ6EppeJuCLryT9KcjXC8', false, 'PENDING_APPROVAL', 'MEMBER', NULL, NULL, NULL, NULL, NULL, NULL, NULL, NULL, NULL, NULL, NULL, NULL, '2026-01-13 14:02:16.057', '2026-01-13 14:06:00.094012', NULL, NULL, NULL, NULL, NULL, NULL, NULL, NULL);
INSERT INTO public.user_profile (id, tenant_id, user_id, first_name, last_name, email, phone, address_line_1, address_line_2, city, state, zip_code, country, notes, family_name, city_town, district, educational_institution, profile_image_url, is_email_subscribed, email_subscription_token, is_email_subscription_token_used, user_status, user_role, reviewed_by_admin_at, reviewed_by_admin_id, clerk_user_id, clerk_session_id, clerk_org_id, clerk_org_role, auth_provider, auth_provider_user_id, email_verified, profile_image_url_clerk, last_sign_in_at, clerk_metadata, created_at, updated_at, request_id, request_reason, status, admin_comments, submitted_at, reviewed_at, approved_at, rejected_at) VALUES (4123, 'tenant_demo_002', 'user_37x6Sw8TD5dVtvvdZmLaoIgDDNE', '', '', NULL, '', '', '', '', '', '', '', '', '', '', '', '', '', true, 'eyJhbGciOiJIUzI1NiJ9.e30.kflEYQGrBTeT3B6Q7z1nvfUNYT31lJioXH7bYbfzQrk', false, 'ACTIVE', 'ADMIN', NULL, NULL, NULL, NULL, NULL, NULL, NULL, NULL, NULL, NULL, NULL, NULL, '2026-01-12 14:45:30.578', '2026-01-12 14:45:30.594214', NULL, NULL, NULL, NULL, NULL, NULL, NULL, NULL);
INSERT INTO public.user_profile (id, tenant_id, user_id, first_name, last_name, email, phone, address_line_1, address_line_2, city, state, zip_code, country, notes, family_name, city_town, district, educational_institution, profile_image_url, is_email_subscribed, email_subscription_token, is_email_subscription_token_used, user_status, user_role, reviewed_by_admin_at, reviewed_by_admin_id, clerk_user_id, clerk_session_id, clerk_org_id, clerk_org_role, auth_provider, auth_provider_user_id, email_verified, profile_image_url_clerk, last_sign_in_at, clerk_metadata, created_at, updated_at, request_id, request_reason, status, admin_comments, submitted_at, reviewed_at, approved_at, rejected_at) VALUES (4101, 'tenant_demo_002', 'user_2vVLxhPnsIPGYf6qpfozk383Slr', 'Gain', 'Joseph', 'giventauser@gmail.com', NULL, NULL, NULL, NULL, NULL, NULL, NULL, NULL, NULL, NULL, NULL, NULL, 'https://img.clerk.com/eyJ0eXBlIjoicHJveHkiLCJzcmMiOiJodHRwczovL2ltYWdlcy5jbGVyay5kZXYvb2F1dGhfZ29vZ2xlL2ltZ18ydlZMeGVDUnFWTnpkTDBLUXMySXNWekFBVG8ifQ', true, 'eyJhbGciOiJIUzI1NiJ9.eyJzdWIiOiJnaXZlbnRhdXNlckBnbWFpbC5jb20iLCJwdXJwb3NlIjoiZW1haWxfc3Vic2NyaXB0aW9uIiwidGVuYW50SWQiOiJ0ZW5hbnRfZGVtb18wMDIiLCJleHAiOjE3NzA5NzI2NDAsImlhdCI6MTc2ODM4MDY0MCwidXNlcklkIjoidXNlcl8ydlZMeGhQbnNJUEdZZjZxcGZvemszODNTbHIiLCJlbWFpbCI6ImdpdmVudGF1c2VyQGdtYWlsLmNvbSJ9.fd2dnuIvBoyD5fJDi2uKBA-dS8NzDscFNhIt4-e7f2s', false, 'APPROVED', 'ADMIN', '2026-01-14 00:00:00', NULL, NULL, NULL, NULL, NULL, NULL, NULL, NULL, NULL, NULL, NULL, '2025-11-03 00:24:33.657', '2026-01-14 08:50:40.793092', NULL, NULL, NULL, NULL, NULL, NULL, NULL, NULL);
INSERT INTO public.user_profile (id, tenant_id, user_id, first_name, last_name, email, phone, address_line_1, address_line_2, city, state, zip_code, country, notes, family_name, city_town, district, educational_institution, profile_image_url, is_email_subscribed, email_subscription_token, is_email_subscription_token_used, user_status, user_role, reviewed_by_admin_at, reviewed_by_admin_id, clerk_user_id, clerk_session_id, clerk_org_id, clerk_org_role, auth_provider, auth_provider_user_id, email_verified, profile_image_url_clerk, last_sign_in_at, clerk_metadata, created_at, updated_at, request_id, request_reason, status, admin_comments, submitted_at, reviewed_at, approved_at, rejected_at) VALUES (5152, 'tenant_demo_002', 'user_38nbubO0LEVuh1coatR0Rh4MEEa', 'Gain', 'Joseph', 'mosc.admin.user@keleno.com', '3123430073', '165 Hopkins Ave, APT #7', 'APT 7', 'Jersey City', 'NJ', '07306', 'United States', 'cvcvcvcvcvcvcvcvcvcvc', 'Joseph', 'vbvbvbvbv', 'idukki', 'bvbvbvbvbvbv', 'https://img.clerk.com/eyJ0eXBlIjoiZGVmYXVsdCIsImlpZCI6Imluc18ydlFXRk5DSWkxaDQwbWZkTFk5T2t0TDJjbGkiLCJyaWQiOiJ1c2VyXzM4bmJ1Yk8wTEVWdWgxY29hdFIwUmg0TUVFYSJ9', true, 'eyJhbGciOiJIUzI1NiJ9.eyJzdWIiOiJtb3NjLmFkbWluLnVzZXJAa2VsZW5vLmNvbSIsInB1cnBvc2UiOiJlbWFpbF9zdWJzY3JpcHRpb24iLCJ0ZW5hbnRJZCI6InRlbmFudF9kZW1vXzAwMiIsImV4cCI6MTc3Mzk4MDMwNSwiaWF0IjoxNzcxMzg4MzA1LCJ1c2VySWQiOiJ1c2VyXzM4bmJ1Yk8wTEVWdWgxY29hdFIwUmg0TUVFYSIsImVtYWlsIjoibW9zYy5hZG1pbi51c2VyQGtlbGVuby5jb20ifQ.Dk8bAB5xkzJuIKa9xrCTgpRVQIfYUEW0E74wuH32KcY', false, 'PENDING_APPROVAL', 'ADMIN', NULL, NULL, NULL, NULL, NULL, NULL, NULL, NULL, NULL, NULL, NULL, NULL, '2026-02-03 16:03:18.677', '2026-02-18 04:18:25.767536', NULL, NULL, NULL, NULL, NULL, NULL, NULL, NULL);


--
-- Data for Name: bulk_operation_log; Type: TABLE DATA; Schema: public; Owner: event_site_admin
--

INSERT INTO public.bulk_operation_log (id, tenant_id, operation_type, operation_name, performed_by, target_count, success_count, error_count, skipped_count, operation_details, error_details, execution_time_ms, created_at, completed_at) VALUES (1, 'tenant_demo_001', 'IMPORT', 'Import Users', 1, 100, 98, 1, 1, 'Imported users', NULL, 5000, '2025-06-22 11:31:27.770938', '2025-06-22 11:31:27.770938');
INSERT INTO public.bulk_operation_log (id, tenant_id, operation_type, operation_name, performed_by, target_count, success_count, error_count, skipped_count, operation_details, error_details, execution_time_ms, created_at, completed_at) VALUES (2, 'tenant_demo_001', 'EXPORT', 'Export Events', 2, 50, 50, 0, 0, 'Exported events', NULL, 2000, '2025-06-22 11:31:27.770938', '2025-06-22 11:31:27.770938');
INSERT INTO public.bulk_operation_log (id, tenant_id, operation_type, operation_name, performed_by, target_count, success_count, error_count, skipped_count, operation_details, error_details, execution_time_ms, created_at, completed_at) VALUES (3, 'tenant_demo_001', 'SYNC', 'Sync Calendar', 3, 20, 19, 1, 0, 'Synced calendar', '1 error', 1000, '2025-06-22 11:31:27.770938', '2025-06-22 11:31:27.770938');
INSERT INTO public.bulk_operation_log (id, tenant_id, operation_type, operation_name, performed_by, target_count, success_count, error_count, skipped_count, operation_details, error_details, execution_time_ms, created_at, completed_at) VALUES (4, 'tenant_demo_001', 'DELETE', 'Delete Old Data', 4, 10, 10, 0, 0, 'Deleted old data', NULL, 500, '2025-06-22 11:31:27.770938', '2025-06-22 11:31:27.770938');
INSERT INTO public.bulk_operation_log (id, tenant_id, operation_type, operation_name, performed_by, target_count, success_count, error_count, skipped_count, operation_details, error_details, execution_time_ms, created_at, completed_at) VALUES (5, 'tenant_demo_001', 'UPDATE', 'Update Settings', 5, 5, 5, 0, 0, 'Updated settings', NULL, 100, '2025-06-22 11:31:27.770938', '2025-06-22 11:31:27.770938');
INSERT INTO public.bulk_operation_log (id, tenant_id, operation_type, operation_name, performed_by, target_count, success_count, error_count, skipped_count, operation_details, error_details, execution_time_ms, created_at, completed_at) VALUES (6, 'tenant_demo_001', 'IMPORT', 'Import Events', 6, 60, 59, 1, 0, 'Imported events', '1 error', 3000, '2025-06-22 11:31:27.770938', '2025-06-22 11:31:27.770938');


--
-- Data for Name: clerk_organization_role; Type: TABLE DATA; Schema: public; Owner: event_site_admin
--

INSERT INTO public.clerk_organization_role (id, clerk_org_id, clerk_role_name, application_role, permissions, created_at, updated_at) VALUES (4050, 'org_default', 'org:admin', 'ROLE_ORG_ADMIN', '{"canManageUsers": true, "canViewReports": true, "canManageEvents": true, "canManageSettings": true}', '2025-10-12 23:51:39.101705', '2025-10-12 23:51:39.101705');
INSERT INTO public.clerk_organization_role (id, clerk_org_id, clerk_role_name, application_role, permissions, created_at, updated_at) VALUES (4100, 'org_default', 'org:member', 'ROLE_ORG_MEMBER', '{"canViewEvents": true, "canRegisterEvents": true, "canUpdateOwnProfile": true}', '2025-10-12 23:51:39.101705', '2025-10-12 23:51:39.101705');
INSERT INTO public.clerk_organization_role (id, clerk_org_id, clerk_role_name, application_role, permissions, created_at, updated_at) VALUES (4150, 'org_default', 'org:viewer', 'ROLE_VIEWER', '{"canViewEvents": true}', '2025-10-12 23:51:39.101705', '2025-10-12 23:51:39.101705');


--
-- Data for Name: clerk_session; Type: TABLE DATA; Schema: public; Owner: event_site_admin
--



--
-- Data for Name: clerk_user_tenant; Type: TABLE DATA; Schema: public; Owner: event_site_admin
--



--
-- Data for Name: clerk_webhook_event; Type: TABLE DATA; Schema: public; Owner: event_site_admin
--



--
-- Data for Name: communication_campaign; Type: TABLE DATA; Schema: public; Owner: event_site_admin
--



--
-- Data for Name: databasechangelog; Type: TABLE DATA; Schema: public; Owner: event_site_admin
--

INSERT INTO public.databasechangelog (id, author, filename, dateexecuted, orderexecuted, exectype, md5sum, description, comments, tag, liquibase, contexts, labels, deployment_id) VALUES ('1', 'admin', 'changelog1.sql', '2025-06-22 11:31:27.814868', 1, 'EXECUTED', 'abc123', 'Initial', NULL, NULL, '3.8.0', NULL, NULL, 'dep1');
INSERT INTO public.databasechangelog (id, author, filename, dateexecuted, orderexecuted, exectype, md5sum, description, comments, tag, liquibase, contexts, labels, deployment_id) VALUES ('2', 'admin', 'changelog2.sql', '2025-06-22 11:31:27.814868', 2, 'EXECUTED', 'def456', 'Add tables', NULL, NULL, '3.8.0', NULL, NULL, 'dep1');
INSERT INTO public.databasechangelog (id, author, filename, dateexecuted, orderexecuted, exectype, md5sum, description, comments, tag, liquibase, contexts, labels, deployment_id) VALUES ('3', 'admin', 'changelog3.sql', '2025-06-22 11:31:27.814868', 3, 'EXECUTED', 'ghi789', 'Add data', NULL, NULL, '3.8.0', NULL, NULL, 'dep1');
INSERT INTO public.databasechangelog (id, author, filename, dateexecuted, orderexecuted, exectype, md5sum, description, comments, tag, liquibase, contexts, labels, deployment_id) VALUES ('4', 'admin', 'changelog4.sql', '2025-06-22 11:31:27.814868', 4, 'EXECUTED', 'jkl012', 'Update schema', NULL, NULL, '3.8.0', NULL, NULL, 'dep1');
INSERT INTO public.databasechangelog (id, author, filename, dateexecuted, orderexecuted, exectype, md5sum, description, comments, tag, liquibase, contexts, labels, deployment_id) VALUES ('5', 'admin', 'changelog5.sql', '2025-06-22 11:31:27.814868', 5, 'EXECUTED', 'mno345', 'Patch', NULL, NULL, '3.8.0', NULL, NULL, 'dep1');
INSERT INTO public.databasechangelog (id, author, filename, dateexecuted, orderexecuted, exectype, md5sum, description, comments, tag, liquibase, contexts, labels, deployment_id) VALUES ('6', 'admin', 'changelog6.sql', '2025-06-22 11:31:27.814868', 6, 'EXECUTED', 'pqr678', 'Hotfix', NULL, NULL, '3.8.0', NULL, NULL, 'dep1');


--
-- Data for Name: databasechangeloglock; Type: TABLE DATA; Schema: public; Owner: event_site_admin
--

INSERT INTO public.databasechangeloglock (id, locked, lockgranted, lockedby) VALUES (1, false, '2025-06-22 11:31:27.859976', 'admin1');
INSERT INTO public.databasechangeloglock (id, locked, lockgranted, lockedby) VALUES (2, false, '2025-06-22 11:31:27.859976', 'admin2');
INSERT INTO public.databasechangeloglock (id, locked, lockgranted, lockedby) VALUES (3, false, '2025-06-22 11:31:27.859976', 'admin3');
INSERT INTO public.databasechangeloglock (id, locked, lockgranted, lockedby) VALUES (4, false, '2025-06-22 11:31:27.859976', 'admin4');
INSERT INTO public.databasechangeloglock (id, locked, lockgranted, lockedby) VALUES (5, false, '2025-06-22 11:31:27.859976', 'admin5');
INSERT INTO public.databasechangeloglock (id, locked, lockgranted, lockedby) VALUES (6, false, '2025-06-22 11:31:27.859976', 'admin6');


--
-- Data for Name: event_type_details; Type: TABLE DATA; Schema: public; Owner: event_site_admin
--

INSERT INTO public.event_type_details (id, tenant_id, name, description, color, icon, is_active, display_order, created_at, updated_at) VALUES (1, 'tenant_demo_001', 'Gala', 'Formal gala event', '#3B82F6', NULL, true, 0, '2025-06-22 11:31:26.181502', '2025-06-22 11:31:26.181502');
INSERT INTO public.event_type_details (id, tenant_id, name, description, color, icon, is_active, display_order, created_at, updated_at) VALUES (2, 'tenant_demo_001', 'Conference', 'Tech conference', '#3B82F6', NULL, true, 0, '2025-06-22 11:31:26.181502', '2025-06-22 11:31:26.181502');
INSERT INTO public.event_type_details (id, tenant_id, name, description, color, icon, is_active, display_order, created_at, updated_at) VALUES (3, 'tenant_demo_001', 'Run', 'Charity run', '#3B82F6', NULL, true, 0, '2025-06-22 11:31:26.181502', '2025-06-22 11:31:26.181502');
INSERT INTO public.event_type_details (id, tenant_id, name, description, color, icon, is_active, display_order, created_at, updated_at) VALUES (4, 'tenant_demo_001', 'Picnic', 'Family picnic', '#3B82F6', NULL, true, 0, '2025-06-22 11:31:26.181502', '2025-06-22 11:31:26.181502');
INSERT INTO public.event_type_details (id, tenant_id, name, description, color, icon, is_active, display_order, created_at, updated_at) VALUES (5, 'tenant_demo_001', 'Dinner', 'VIP dinner', '#3B82F6', NULL, true, 0, '2025-06-22 11:31:26.181502', '2025-06-22 11:31:26.181502');
INSERT INTO public.event_type_details (id, tenant_id, name, description, color, icon, is_active, display_order, created_at, updated_at) VALUES (6, 'tenant_demo_001', 'Festival', 'Summer festival', '#3B82F6', NULL, true, 0, '2025-06-22 11:31:26.181502', '2025-06-22 11:31:26.181502');


--
-- Data for Name: event_details; Type: TABLE DATA; Schema: public; Owner: event_site_admin
--

INSERT INTO public.event_details (id, tenant_id, title, caption, description, start_date, promotion_start_date, end_date, start_time, end_time, timezone, location, directions_to_venue, capacity, admission_type, is_active, max_guests_per_attendee, allow_guests, require_guest_approval, enable_guest_pricing, registration_deadline, cancellation_deadline, minimum_age, maximum_age, requires_approval, enable_waitlist, enable_qr_code, external_registration_url, email_header_image_url, from_email, created_by_id, event_type_id, created_at, updated_at, is_registration_required, is_sports_event, is_live, is_featured_event, featured_event_priority_ranking, live_event_priority_ranking, donation_metadata, eventcube_embed_url, event_recurrence_metadata, is_recurring, recurrence_pattern, recurrence_interval, recurrence_end_type, recurrence_end_date, recurrence_occurrences, recurrence_weekly_days, recurrence_monthly_day, parent_event_id, recurrence_series_id, payment_flow_mode, manual_payment_enabled) VALUES (4, 'tenant_demo_001', 'VIP Dinner', 'Exclusive VIP Dinner', 'A dinner event for VIP guests.', '2025-09-15', '2025-01-15', '2025-09-15', '19:00', '22:00', 'America/New_York', 'Skyline Restaurant', NULL, 50, 'INVITATION_ONLY', true, 0, false, true, false, '2025-09-12 23:59:00', '2025-09-12 23:59:00', NULL, NULL, false, true, false, NULL, NULL, 'events@example.com', 5, 5, '2025-06-14 23:13:02.565', '2025-06-14 23:13:02.565', false, false, false, false, 0, 0, NULL, NULL, NULL, false, NULL, NULL, NULL, NULL, NULL, NULL, NULL, NULL, NULL, 'STRIPE_ONLY', false);
INSERT INTO public.event_details (id, tenant_id, title, caption, description, start_date, promotion_start_date, end_date, start_time, end_time, timezone, location, directions_to_venue, capacity, admission_type, is_active, max_guests_per_attendee, allow_guests, require_guest_approval, enable_guest_pricing, registration_deadline, cancellation_deadline, minimum_age, maximum_age, requires_approval, enable_waitlist, enable_qr_code, external_registration_url, email_header_image_url, from_email, created_by_id, event_type_id, created_at, updated_at, is_registration_required, is_sports_event, is_live, is_featured_event, featured_event_priority_ranking, live_event_priority_ranking, donation_metadata, eventcube_embed_url, event_recurrence_metadata, is_recurring, recurrence_pattern, recurrence_interval, recurrence_end_type, recurrence_end_date, recurrence_occurrences, recurrence_weekly_days, recurrence_monthly_day, parent_event_id, recurrence_series_id, payment_flow_mode, manual_payment_enabled) VALUES (7, 'tenant_demo_001', 'Spring Gala', 'Annual Spring Gala', 'A celebration of spring with music and food.', '2025-08-10', '2025-01-10', '2025-08-10', '18:00', '23:00', 'America/New_York', 'Grand Hall', NULL, 200, 'TICKETED', true, 2, true, false, true, '2025-08-05 23:59:00', '2025-08-05 23:59:00', NULL, NULL, false, true, false, NULL, NULL, 'events@example.com', 1, 1, '2025-06-14 23:13:02.565', '2025-09-04 04:48:18.789', true, false, false, false, 0, 0, NULL, NULL, NULL, false, NULL, NULL, NULL, NULL, NULL, NULL, NULL, NULL, NULL, 'STRIPE_ONLY', false);
INSERT INTO public.event_details (id, tenant_id, title, caption, description, start_date, promotion_start_date, end_date, start_time, end_time, timezone, location, directions_to_venue, capacity, admission_type, is_active, max_guests_per_attendee, allow_guests, require_guest_approval, enable_guest_pricing, registration_deadline, cancellation_deadline, minimum_age, maximum_age, requires_approval, enable_waitlist, enable_qr_code, external_registration_url, email_header_image_url, from_email, created_by_id, event_type_id, created_at, updated_at, is_registration_required, is_sports_event, is_live, is_featured_event, featured_event_priority_ranking, live_event_priority_ranking, donation_metadata, eventcube_embed_url, event_recurrence_metadata, is_recurring, recurrence_pattern, recurrence_interval, recurrence_end_type, recurrence_end_date, recurrence_occurrences, recurrence_weekly_days, recurrence_monthly_day, parent_event_id, recurrence_series_id, payment_flow_mode, manual_payment_enabled) VALUES (8, 'tenant_demo_001', 'Spring Gala', 'Annual Spring Gala', 'A celebration of spring with music and food.', '2025-08-10', '2025-01-12', '2025-08-10', '18:00', '23:00', 'America/New_York', 'Grand Hall', NULL, 200, 'TICKETED', true, 2, true, false, true, '2025-08-05 23:59:00', '2025-08-05 23:59:00', NULL, NULL, false, true, false, NULL, NULL, 'events@example.com', 1, 1, '2025-06-14 23:13:02.565', '2025-09-04 04:48:18.789', true, false, false, false, 0, 0, NULL, NULL, NULL, false, NULL, NULL, NULL, NULL, NULL, NULL, NULL, NULL, NULL, 'STRIPE_ONLY', false);
INSERT INTO public.event_details (id, tenant_id, title, caption, description, start_date, promotion_start_date, end_date, start_time, end_time, timezone, location, directions_to_venue, capacity, admission_type, is_active, max_guests_per_attendee, allow_guests, require_guest_approval, enable_guest_pricing, registration_deadline, cancellation_deadline, minimum_age, maximum_age, requires_approval, enable_waitlist, enable_qr_code, external_registration_url, email_header_image_url, from_email, created_by_id, event_type_id, created_at, updated_at, is_registration_required, is_sports_event, is_live, is_featured_event, featured_event_priority_ranking, live_event_priority_ranking, donation_metadata, eventcube_embed_url, event_recurrence_metadata, is_recurring, recurrence_pattern, recurrence_interval, recurrence_end_type, recurrence_end_date, recurrence_occurrences, recurrence_weekly_days, recurrence_monthly_day, parent_event_id, recurrence_series_id, payment_flow_mode, manual_payment_enabled) VALUES (9, 'tenant_demo_001', 'Spring Gala', 'Annual Spring Gala', 'A celebration of spring with music and food.', '2025-08-10', '2025-01-14', '2025-08-10', '18:00', '23:00', 'America/New_York', 'Grand Hall', NULL, 200, 'TICKETED', true, 2, true, false, true, '2025-08-05 23:59:00', '2025-08-05 23:59:00', NULL, NULL, false, true, false, NULL, NULL, 'events@example.com', 1, 1, '2025-06-14 23:13:02.565', '2025-09-04 04:48:18.789', true, false, false, false, 0, 0, NULL, NULL, NULL, false, NULL, NULL, NULL, NULL, NULL, NULL, NULL, NULL, NULL, 'STRIPE_ONLY', false);
INSERT INTO public.event_details (id, tenant_id, title, caption, description, start_date, promotion_start_date, end_date, start_time, end_time, timezone, location, directions_to_venue, capacity, admission_type, is_active, max_guests_per_attendee, allow_guests, require_guest_approval, enable_guest_pricing, registration_deadline, cancellation_deadline, minimum_age, maximum_age, requires_approval, enable_waitlist, enable_qr_code, external_registration_url, email_header_image_url, from_email, created_by_id, event_type_id, created_at, updated_at, is_registration_required, is_sports_event, is_live, is_featured_event, featured_event_priority_ranking, live_event_priority_ranking, donation_metadata, eventcube_embed_url, event_recurrence_metadata, is_recurring, recurrence_pattern, recurrence_interval, recurrence_end_type, recurrence_end_date, recurrence_occurrences, recurrence_weekly_days, recurrence_monthly_day, parent_event_id, recurrence_series_id, payment_flow_mode, manual_payment_enabled) VALUES (10, 'tenant_demo_001', 'Spring Gala', 'Annual Spring Gala', 'A celebration of spring with music and food.', '2025-08-10', '2025-01-16', '2025-08-10', '18:00', '23:00', 'America/New_York', 'Grand Hall', NULL, 200, 'TICKETED', true, 2, true, false, true, '2025-08-05 23:59:00', '2025-08-05 23:59:00', NULL, NULL, false, true, false, NULL, NULL, 'events@example.com', 1, 1, '2025-06-14 23:13:02.565', '2025-09-04 04:48:18.789', true, false, false, false, 0, 0, NULL, NULL, NULL, false, NULL, NULL, NULL, NULL, NULL, NULL, NULL, NULL, NULL, 'STRIPE_ONLY', false);
INSERT INTO public.event_details (id, tenant_id, title, caption, description, start_date, promotion_start_date, end_date, start_time, end_time, timezone, location, directions_to_venue, capacity, admission_type, is_active, max_guests_per_attendee, allow_guests, require_guest_approval, enable_guest_pricing, registration_deadline, cancellation_deadline, minimum_age, maximum_age, requires_approval, enable_waitlist, enable_qr_code, external_registration_url, email_header_image_url, from_email, created_by_id, event_type_id, created_at, updated_at, is_registration_required, is_sports_event, is_live, is_featured_event, featured_event_priority_ranking, live_event_priority_ranking, donation_metadata, eventcube_embed_url, event_recurrence_metadata, is_recurring, recurrence_pattern, recurrence_interval, recurrence_end_type, recurrence_end_date, recurrence_occurrences, recurrence_weekly_days, recurrence_monthly_day, parent_event_id, recurrence_series_id, payment_flow_mode, manual_payment_enabled) VALUES (6, 'tenant_demo_001', 'Spring Gala', 'Annual Spring Gala', 'A celebration of spring with music and food.', '2025-09-20', '2025-01-18', '2025-09-20', '10:00 AM', '08:00 PM', 'America/New_York', 'Grand Hall', NULL, 200, 'TICKETED', true, 2, true, false, true, '2025-08-05 23:59:00', '2025-08-05 23:59:00', NULL, NULL, false, true, false, NULL, NULL, 'events@example.com', 1, 1, '2025-06-14 23:13:02.565', '2025-09-07 18:14:15.542', true, false, false, false, 2, 0, NULL, NULL, NULL, false, NULL, NULL, NULL, NULL, NULL, NULL, NULL, NULL, NULL, 'STRIPE_ONLY', false);
INSERT INTO public.event_details (id, tenant_id, title, caption, description, start_date, promotion_start_date, end_date, start_time, end_time, timezone, location, directions_to_venue, capacity, admission_type, is_active, max_guests_per_attendee, allow_guests, require_guest_approval, enable_guest_pricing, registration_deadline, cancellation_deadline, minimum_age, maximum_age, requires_approval, enable_waitlist, enable_qr_code, external_registration_url, email_header_image_url, from_email, created_by_id, event_type_id, created_at, updated_at, is_registration_required, is_sports_event, is_live, is_featured_event, featured_event_priority_ranking, live_event_priority_ranking, donation_metadata, eventcube_embed_url, event_recurrence_metadata, is_recurring, recurrence_pattern, recurrence_interval, recurrence_end_type, recurrence_end_date, recurrence_occurrences, recurrence_weekly_days, recurrence_monthly_day, parent_event_id, recurrence_series_id, payment_flow_mode, manual_payment_enabled) VALUES (5, 'tenant_demo_001', 'Summer Fest', 'Summer Festival', 'A festival with games, food, and music.', '2025-09-20', '2025-01-22', '2025-09-20', '10:00', '20:00', 'America/New_York', 'Downtown Plaza', NULL, 400, 'TICKETED', true, 3, true, true, true, '2025-09-12 23:59:00', '2025-09-12 23:59:00', NULL, NULL, false, true, false, NULL, NULL, 'events@example.com', 6, 6, '2025-06-14 23:13:02.565', '2025-09-07 18:33:43.178', false, false, false, true, 4, 0, NULL, NULL, NULL, false, NULL, NULL, NULL, NULL, NULL, NULL, NULL, NULL, NULL, 'STRIPE_ONLY', false);
INSERT INTO public.event_details (id, tenant_id, title, caption, description, start_date, promotion_start_date, end_date, start_time, end_time, timezone, location, directions_to_venue, capacity, admission_type, is_active, max_guests_per_attendee, allow_guests, require_guest_approval, enable_guest_pricing, registration_deadline, cancellation_deadline, minimum_age, maximum_age, requires_approval, enable_waitlist, enable_qr_code, external_registration_url, email_header_image_url, from_email, created_by_id, event_type_id, created_at, updated_at, is_registration_required, is_sports_event, is_live, is_featured_event, featured_event_priority_ranking, live_event_priority_ranking, donation_metadata, eventcube_embed_url, event_recurrence_metadata, is_recurring, recurrence_pattern, recurrence_interval, recurrence_end_type, recurrence_end_date, recurrence_occurrences, recurrence_weekly_days, recurrence_monthly_day, parent_event_id, recurrence_series_id, payment_flow_mode, manual_payment_enabled) VALUES (6356, 'tenant_demo_002', 'New Year', 'A Showcase Of Performance Arts & Rhythm.', '"Spark of Kerala," a showcase of performance arts and rhythm organized by MCEFEE, taking place in the USA from August to September 2025.  Γò¼├┤Γö£├ºΓö£Γöé	Featured Artists: Swasika, Afsal, Mokksha, Akhila Anand, Veda Mithra, Sidhique Roshan, Kukku, Minnale Nazeer, Shiju, Vipin Kumar, Jojo Mathew, Suneeshmon.

Γò¼├┤Γö£├ºΓö£Γöé	Contact Information: Booking contacts Sujith (+1 551-283-2437) and Arun (+1 551-221-1972), and email contactus@mcefee.org.

', '2025-11-27', '2025-11-27', '2025-11-27', '05:00 PM', '09:00 PM', 'America/New_York', 'Breslin Performing Arts Center, 262 S Main St, Lodi, NJ 07644', NULL, 300, 'ticketed', true, 8, false, false, false, NULL, NULL, NULL, NULL, false, true, false, NULL, NULL, 'events@example.com', NULL, 3, '2025-11-19 22:14:31.359', '2025-11-20 01:15:50.261237', false, false, false, false, 0, 0, '{"isFundraiserEvent":false,"isCharityEvent":false}', NULL, NULL, false, NULL, NULL, NULL, NULL, NULL, NULL, NULL, NULL, NULL, 'STRIPE_ONLY', false);
INSERT INTO public.event_details (id, tenant_id, title, caption, description, start_date, promotion_start_date, end_date, start_time, end_time, timezone, location, directions_to_venue, capacity, admission_type, is_active, max_guests_per_attendee, allow_guests, require_guest_approval, enable_guest_pricing, registration_deadline, cancellation_deadline, minimum_age, maximum_age, requires_approval, enable_waitlist, enable_qr_code, external_registration_url, email_header_image_url, from_email, created_by_id, event_type_id, created_at, updated_at, is_registration_required, is_sports_event, is_live, is_featured_event, featured_event_priority_ranking, live_event_priority_ranking, donation_metadata, eventcube_embed_url, event_recurrence_metadata, is_recurring, recurrence_pattern, recurrence_interval, recurrence_end_type, recurrence_end_date, recurrence_occurrences, recurrence_weekly_days, recurrence_monthly_day, parent_event_id, recurrence_series_id, payment_flow_mode, manual_payment_enabled) VALUES (6852, 'tenant_demo_002', 'New Year', 'A Showcase Of Performance Arts & Rhythm.', '"Spark of Kerala," a showcase of performance arts and rhythm organized by MCEFEE, taking place in the USA from August to September 2025.  Γò¼├┤Γö£├ºΓö£Γöé	Featured Artists: Swasika, Afsal, Mokksha, Akhila Anand, Veda Mithra, Sidhique Roshan, Kukku, Minnale Nazeer, Shiju, Vipin Kumar, Jojo Mathew, Suneeshmon.

Γò¼├┤Γö£├ºΓö£Γöé	Contact Information: Booking contacts Sujith (+1 551-283-2437) and Arun (+1 551-221-1972), and email contactus@mcefee.org.

', '2025-11-29', '2025-11-27', '2025-11-29', '05:00 PM', '09:00 PM', 'America/New_York', 'Breslin Performing Arts Center, 262 S Main St, Lodi, NJ 07644', NULL, 300, 'ticketed', true, 8, false, false, false, NULL, NULL, NULL, NULL, false, true, false, NULL, NULL, 'events@example.com', NULL, 3, '2025-11-20 04:40:50.857912', '2025-11-20 01:15:50.261237', false, false, false, false, 0, 0, NULL, NULL, NULL, false, NULL, NULL, NULL, NULL, NULL, NULL, NULL, 6356, 6356, 'STRIPE_ONLY', false);
INSERT INTO public.event_details (id, tenant_id, title, caption, description, start_date, promotion_start_date, end_date, start_time, end_time, timezone, location, directions_to_venue, capacity, admission_type, is_active, max_guests_per_attendee, allow_guests, require_guest_approval, enable_guest_pricing, registration_deadline, cancellation_deadline, minimum_age, maximum_age, requires_approval, enable_waitlist, enable_qr_code, external_registration_url, email_header_image_url, from_email, created_by_id, event_type_id, created_at, updated_at, is_registration_required, is_sports_event, is_live, is_featured_event, featured_event_priority_ranking, live_event_priority_ranking, donation_metadata, eventcube_embed_url, event_recurrence_metadata, is_recurring, recurrence_pattern, recurrence_interval, recurrence_end_type, recurrence_end_date, recurrence_occurrences, recurrence_weekly_days, recurrence_monthly_day, parent_event_id, recurrence_series_id, payment_flow_mode, manual_payment_enabled) VALUES (3, 'tenant_demo_002', 'Knanaya STAGE SHOW', 'Community / Family Entertainment Day', 'Swasika | Afsal | Mokksha | Akhila Anand | Sidique Roshan | Kukku Shiju | Vipin Kumar | Jojo Mathew | Suneeshmon', '2025-11-04', '2025-11-02', '2025-11-29', '05:00 PM', '08:00 PM', 'America/New_York', 'IKCC Knanaya Community Center, 400 Willow Grv Rd, Stony Point, NY 10980', NULL, 200, 'ticketed', false, 4, true, false, false, '2025-09-05 23:59:00', '2025-09-05 23:59:00', NULL, NULL, false, true, false, NULL, NULL, 'events@example.com', 4, 1, '2025-06-14 23:13:02.565', '2025-11-20 00:37:48.917267', false, false, false, false, 0, 0, NULL, NULL, NULL, false, NULL, NULL, NULL, NULL, NULL, NULL, NULL, NULL, NULL, 'STRIPE_ONLY', false);
INSERT INTO public.event_details (id, tenant_id, title, caption, description, start_date, promotion_start_date, end_date, start_time, end_time, timezone, location, directions_to_venue, capacity, admission_type, is_active, max_guests_per_attendee, allow_guests, require_guest_approval, enable_guest_pricing, registration_deadline, cancellation_deadline, minimum_age, maximum_age, requires_approval, enable_waitlist, enable_qr_code, external_registration_url, email_header_image_url, from_email, created_by_id, event_type_id, created_at, updated_at, is_registration_required, is_sports_event, is_live, is_featured_event, featured_event_priority_ranking, live_event_priority_ranking, donation_metadata, eventcube_embed_url, event_recurrence_metadata, is_recurring, recurrence_pattern, recurrence_interval, recurrence_end_type, recurrence_end_date, recurrence_occurrences, recurrence_weekly_days, recurrence_monthly_day, parent_event_id, recurrence_series_id, payment_flow_mode, manual_payment_enabled) VALUES (1, 'tenant_demo_002', 'KHNJ Mega Onam 2025', 'KHNJ Mega Onam 2025', 'Grand Vazhayila Onasadhya, Mega Thiruvathira, Mahabali Procession with Thalapoli, Chendamelam, Pulikali, Cultural Programs, Meet & Greet with Friends & Family, Mega Stage Show.', '2025-09-10', '2025-01-05', '2025-09-10', '11:00 AM', '06:00 PM', 'America/New_York', 'Jo Ann Arts Center, 200 Rues Ln, East Brunswick, NJ 08816', NULL, 500, 'ticketed', false, 5, true, true, false, '2025-08-12 23:59:00', '2025-08-12 23:59:00', NULL, NULL, false, true, false, NULL, NULL, 'events@example.com', 2, 6, '2025-06-14 23:13:02.565', '2025-11-20 00:37:49.030968', false, false, false, false, 0, 0, NULL, NULL, NULL, false, NULL, NULL, NULL, NULL, NULL, NULL, NULL, NULL, NULL, 'STRIPE_ONLY', false);
INSERT INTO public.event_details (id, tenant_id, title, caption, description, start_date, promotion_start_date, end_date, start_time, end_time, timezone, location, directions_to_venue, capacity, admission_type, is_active, max_guests_per_attendee, allow_guests, require_guest_approval, enable_guest_pricing, registration_deadline, cancellation_deadline, minimum_age, maximum_age, requires_approval, enable_waitlist, enable_qr_code, external_registration_url, email_header_image_url, from_email, created_by_id, event_type_id, created_at, updated_at, is_registration_required, is_sports_event, is_live, is_featured_event, featured_event_priority_ranking, live_event_priority_ranking, donation_metadata, eventcube_embed_url, event_recurrence_metadata, is_recurring, recurrence_pattern, recurrence_interval, recurrence_end_type, recurrence_end_date, recurrence_occurrences, recurrence_weekly_days, recurrence_monthly_day, parent_event_id, recurrence_series_id, payment_flow_mode, manual_payment_enabled) VALUES (6901, 'tenant_demo_002', 'New Year (Copy)_2', 'A Showcase Of Performance Arts & Rhythm.', '"Spark of Kerala," a showcase of performance arts and rhythm organized by MCEFEE, taking place in the USA from August to September 2025.  Γò¼├┤Γö£├ºΓö£Γöé	Featured Artists: Swasika, Afsal, Mokksha, Akhila Anand, Veda Mithra, Sidhique Roshan, Kukku, Minnale Nazeer, Shiju, Vipin Kumar, Jojo Mathew, Suneeshmon.

Γò¼├┤Γö£├ºΓö£Γöé	Contact Information: Booking contacts Sujith (+1 551-283-2437) and Arun (+1 551-221-1972), and email contactus@mcefee.org.

', '2025-11-20', '2025-11-20', '2025-11-21', '05:00 PM', '09:00 PM', 'America/New_York', 'Breslin Performing Arts Center, 262 S Main St, Lodi, NJ 07644', NULL, 300, 'ticketed', true, 8, false, false, false, NULL, NULL, NULL, NULL, false, true, false, NULL, NULL, 'events@example.com', NULL, 3, '2025-11-20 05:17:38.905', '2025-11-20 00:52:55.888283', false, false, false, false, 0, 0, '{"isFundraiserEvent":false,"isCharityEvent":false}', NULL, NULL, false, NULL, NULL, NULL, NULL, NULL, NULL, NULL, NULL, NULL, 'STRIPE_ONLY', false);
INSERT INTO public.event_details (id, tenant_id, title, caption, description, start_date, promotion_start_date, end_date, start_time, end_time, timezone, location, directions_to_venue, capacity, admission_type, is_active, max_guests_per_attendee, allow_guests, require_guest_approval, enable_guest_pricing, registration_deadline, cancellation_deadline, minimum_age, maximum_age, requires_approval, enable_waitlist, enable_qr_code, external_registration_url, email_header_image_url, from_email, created_by_id, event_type_id, created_at, updated_at, is_registration_required, is_sports_event, is_live, is_featured_event, featured_event_priority_ranking, live_event_priority_ranking, donation_metadata, eventcube_embed_url, event_recurrence_metadata, is_recurring, recurrence_pattern, recurrence_interval, recurrence_end_type, recurrence_end_date, recurrence_occurrences, recurrence_weekly_days, recurrence_monthly_day, parent_event_id, recurrence_series_id, payment_flow_mode, manual_payment_enabled) VALUES (6851, 'tenant_demo_002', 'New Year', 'A Showcase Of Performance Arts & Rhythm.', '"Spark of Kerala," a showcase of performance arts and rhythm organized by MCEFEE, taking place in the USA from August to September 2025.  Γò¼├┤Γö£├ºΓö£Γöé	Featured Artists: Swasika, Afsal, Mokksha, Akhila Anand, Veda Mithra, Sidhique Roshan, Kukku, Minnale Nazeer, Shiju, Vipin Kumar, Jojo Mathew, Suneeshmon.

Γò¼├┤Γö£├ºΓö£Γöé	Contact Information: Booking contacts Sujith (+1 551-283-2437) and Arun (+1 551-221-1972), and email contactus@mcefee.org.

', '2025-11-28', '2025-11-27', '2025-11-28', '05:00 PM', '09:00 PM', 'America/New_York', 'Breslin Performing Arts Center, 262 S Main St, Lodi, NJ 07644', NULL, 300, 'ticketed', true, 8, false, false, false, NULL, NULL, NULL, NULL, false, true, false, NULL, NULL, 'events@example.com', NULL, 3, '2025-11-20 04:40:50.85454', '2025-11-20 01:15:50.261237', false, false, false, false, 0, 0, NULL, NULL, NULL, false, NULL, NULL, NULL, NULL, NULL, NULL, NULL, 6356, 6356, 'STRIPE_ONLY', false);
INSERT INTO public.event_details (id, tenant_id, title, caption, description, start_date, promotion_start_date, end_date, start_time, end_time, timezone, location, directions_to_venue, capacity, admission_type, is_active, max_guests_per_attendee, allow_guests, require_guest_approval, enable_guest_pricing, registration_deadline, cancellation_deadline, minimum_age, maximum_age, requires_approval, enable_waitlist, enable_qr_code, external_registration_url, email_header_image_url, from_email, created_by_id, event_type_id, created_at, updated_at, is_registration_required, is_sports_event, is_live, is_featured_event, featured_event_priority_ranking, live_event_priority_ranking, donation_metadata, eventcube_embed_url, event_recurrence_metadata, is_recurring, recurrence_pattern, recurrence_interval, recurrence_end_type, recurrence_end_date, recurrence_occurrences, recurrence_weekly_days, recurrence_monthly_day, parent_event_id, recurrence_series_id, payment_flow_mode, manual_payment_enabled) VALUES (7051, 'tenant_demo_002', 'Regn Test', '', '', '2025-12-22', '2025-12-03', '2025-12-22', '08:29 AM', '02:29 PM', 'America/Chicago', 'Grand Hall', 'fgfffgfgfgfg', NULL, 'free', true, 12, false, false, false, NULL, NULL, NULL, NULL, false, true, NULL, NULL, NULL, 'events@example.com', NULL, 2, '2025-11-22 02:30:31.39', '2025-12-03 20:20:24.835196', true, false, false, false, 0, 0, '{"isFundraiserEvent":false,"isCharityEvent":false}', NULL, NULL, false, NULL, NULL, NULL, NULL, NULL, NULL, NULL, NULL, NULL, 'STRIPE_ONLY', false);
INSERT INTO public.event_details (id, tenant_id, title, caption, description, start_date, promotion_start_date, end_date, start_time, end_time, timezone, location, directions_to_venue, capacity, admission_type, is_active, max_guests_per_attendee, allow_guests, require_guest_approval, enable_guest_pricing, registration_deadline, cancellation_deadline, minimum_age, maximum_age, requires_approval, enable_waitlist, enable_qr_code, external_registration_url, email_header_image_url, from_email, created_by_id, event_type_id, created_at, updated_at, is_registration_required, is_sports_event, is_live, is_featured_event, featured_event_priority_ranking, live_event_priority_ranking, donation_metadata, eventcube_embed_url, event_recurrence_metadata, is_recurring, recurrence_pattern, recurrence_interval, recurrence_end_type, recurrence_end_date, recurrence_occurrences, recurrence_weekly_days, recurrence_monthly_day, parent_event_id, recurrence_series_id, payment_flow_mode, manual_payment_enabled) VALUES (4201, 'tenant_demo_002', 'Event 1', '', '', '2026-02-17', '2026-01-14', '2026-02-18', '12:04 PM', '12:06 PM', 'UTC', '', '', NULL, 'ticketed', true, NULL, false, false, false, NULL, NULL, NULL, NULL, false, true, NULL, NULL, NULL, 'sales@giventa.com', NULL, 1, '2026-01-14 12:05:22.659', '2026-02-15 18:19:01.159975', false, false, false, false, 0, 0, '{"isFundraiserEvent":false,"isCharityEvent":false}', NULL, NULL, false, NULL, NULL, NULL, NULL, NULL, NULL, NULL, NULL, NULL, 'MANUAL_ONLY', true);
INSERT INTO public.event_details (id, tenant_id, title, caption, description, start_date, promotion_start_date, end_date, start_time, end_time, timezone, location, directions_to_venue, capacity, admission_type, is_active, max_guests_per_attendee, allow_guests, require_guest_approval, enable_guest_pricing, registration_deadline, cancellation_deadline, minimum_age, maximum_age, requires_approval, enable_waitlist, enable_qr_code, external_registration_url, email_header_image_url, from_email, created_by_id, event_type_id, created_at, updated_at, is_registration_required, is_sports_event, is_live, is_featured_event, featured_event_priority_ranking, live_event_priority_ranking, donation_metadata, eventcube_embed_url, event_recurrence_metadata, is_recurring, recurrence_pattern, recurrence_interval, recurrence_end_type, recurrence_end_date, recurrence_occurrences, recurrence_weekly_days, recurrence_monthly_day, parent_event_id, recurrence_series_id, payment_flow_mode, manual_payment_enabled) VALUES (4202, 'tenant_demo_002', 'Givebutter Test', 'Givebutter Test', '', '2027-01-26', '2026-01-14', '2027-01-26', '12:38 PM', '04:38 PM', 'Australia/Sydney', '', '', NULL, 'ticketed', true, NULL, false, false, false, NULL, NULL, NULL, NULL, false, true, NULL, NULL, NULL, 'sales@giventa.com', NULL, 5, '2026-01-14 12:37:01.643', '2026-02-27 16:38:55.592138', false, false, false, true, 0, 0, '{"isFundraiserEvent":true,"isCharityEvent":false,"zeroFeeProvider":"GIVEBUTTER","givebutterWidgetId":"j1ek6j"}', NULL, NULL, false, NULL, NULL, NULL, NULL, NULL, NULL, NULL, NULL, NULL, 'STRIPE_ONLY', false);
INSERT INTO public.event_details (id, tenant_id, title, caption, description, start_date, promotion_start_date, end_date, start_time, end_time, timezone, location, directions_to_venue, capacity, admission_type, is_active, max_guests_per_attendee, allow_guests, require_guest_approval, enable_guest_pricing, registration_deadline, cancellation_deadline, minimum_age, maximum_age, requires_approval, enable_waitlist, enable_qr_code, external_registration_url, email_header_image_url, from_email, created_by_id, event_type_id, created_at, updated_at, is_registration_required, is_sports_event, is_live, is_featured_event, featured_event_priority_ranking, live_event_priority_ranking, donation_metadata, eventcube_embed_url, event_recurrence_metadata, is_recurring, recurrence_pattern, recurrence_interval, recurrence_end_type, recurrence_end_date, recurrence_occurrences, recurrence_weekly_days, recurrence_monthly_day, parent_event_id, recurrence_series_id, payment_flow_mode, manual_payment_enabled) VALUES (2, 'tenant_demo_002', 'MCEFEE Spark of Kerala', 'A Showcase Of Performance Arts & Rhythm.', '"Spark of Kerala," a showcase of performance arts and rhythm organized by MCEFEE, taking place in the USA from August to September 2025.  Γò¼├┤Γö£├ºΓö£Γöé	Featured Artists: Swasika, Afsal, Mokksha, Akhila Anand, Veda Mithra, Sidhique Roshan, Kukku, Minnale Nazeer, Shiju, Vipin Kumar, Jojo Mathew, Suneeshmon.

Γò¼├┤Γö£├ºΓö£Γöé	Contact Information: Booking contacts Sujith (+1 551-283-2437) and Arun (+1 551-221-1972), and email contactus@mcefee.org.

', '2027-02-27', '2025-12-24', '2027-02-27', '05:00 PM', '09:00 PM', 'America/New_York', 'Breslin Performing Arts Center, 262 S Main St, Lodi, NJ 07644', NULL, 300, 'ticketed', true, 8, false, false, false, '2025-08-28 23:59:00', '2025-08-28 23:59:00', NULL, NULL, false, true, false, NULL, NULL, 'sales@giventa.com', 3, 3, '2025-06-14 23:13:02.565', '2026-03-02 23:44:44.524425', false, false, false, true, 0, 2, '{"isFundraiserEvent":false,"isCharityEvent":false}', 'https://wwwgiventacom.eventcube.io/events/93642/event-cube-test/?embed=true', NULL, false, NULL, NULL, NULL, NULL, NULL, NULL, NULL, NULL, NULL, 'STRIPE_ONLY', false);
INSERT INTO public.event_details (id, tenant_id, title, caption, description, start_date, promotion_start_date, end_date, start_time, end_time, timezone, location, directions_to_venue, capacity, admission_type, is_active, max_guests_per_attendee, allow_guests, require_guest_approval, enable_guest_pricing, registration_deadline, cancellation_deadline, minimum_age, maximum_age, requires_approval, enable_waitlist, enable_qr_code, external_registration_url, email_header_image_url, from_email, created_by_id, event_type_id, created_at, updated_at, is_registration_required, is_sports_event, is_live, is_featured_event, featured_event_priority_ranking, live_event_priority_ranking, donation_metadata, eventcube_embed_url, event_recurrence_metadata, is_recurring, recurrence_pattern, recurrence_interval, recurrence_end_type, recurrence_end_date, recurrence_occurrences, recurrence_weekly_days, recurrence_monthly_day, parent_event_id, recurrence_series_id, payment_flow_mode, manual_payment_enabled) VALUES (8321, 'tenant_demo_002', 'Fundraiser Registration Required', 'Fundraiser Registration Required', 'Fundraiser Registration Required', '2026-03-26', '2026-02-24', '2026-03-26', '12:38 PM', '04:38 PM', 'Australia/Sydney', '', '', NULL, 'free', true, NULL, false, false, false, NULL, NULL, NULL, NULL, false, true, NULL, NULL, NULL, 'sales@giventa.com', NULL, 5, '2026-02-24 03:45:30.891', '2026-03-05 18:25:16.297961', true, false, false, true, 0, 0, '{"isFundraiserEvent":true,"isCharityEvent":false,"zeroFeeProvider":"GIVEBUTTER","givebutterWidgetId":"j1ek6j"}', NULL, NULL, false, NULL, NULL, NULL, NULL, NULL, NULL, NULL, NULL, NULL, 'STRIPE_ONLY', false);


--
-- Data for Name: discount_code; Type: TABLE DATA; Schema: public; Owner: event_site_admin
--

INSERT INTO public.discount_code (id, code, description, discount_type, discount_value, max_uses, uses_count, valid_from, valid_to, is_active, created_at, updated_at, event_id, tenant_id) VALUES (2, 'VIP50', '50% off for VIPs', 'PERCENT', 50.00, 10, 2, '2025-04-01 00:00:00', '2025-08-01 00:00:00', true, '2025-06-22 11:31:27.135034', '2025-06-22 11:31:27.135034', 2, 'tenant_demo_001');
INSERT INTO public.discount_code (id, code, description, discount_type, discount_value, max_uses, uses_count, valid_from, valid_to, is_active, created_at, updated_at, event_id, tenant_id) VALUES (4, 'EARLYBIRD', 'Early bird discount', 'PERCENT', 20.00, 200, 20, '2025-01-01 00:00:00', '2025-04-10 00:00:00', true, '2025-06-22 11:31:27.135034', '2025-06-22 11:31:27.135034', 4, 'tenant_demo_001');
INSERT INTO public.discount_code (id, code, description, discount_type, discount_value, max_uses, uses_count, valid_from, valid_to, is_active, created_at, updated_at, event_id, tenant_id) VALUES (5, 'SUMMERFEST', 'Summer Fest special', 'PERCENT', 15.00, 150, 15, '2025-07-01 00:00:00', '2025-08-16 00:00:00', true, '2025-06-22 11:31:27.135034', '2025-06-22 11:31:27.135034', 5, 'tenant_demo_001');
INSERT INTO public.discount_code (id, code, description, discount_type, discount_value, max_uses, uses_count, valid_from, valid_to, is_active, created_at, updated_at, event_id, tenant_id) VALUES (6, 'FAMILY5', 'Family Picnic 5% off', 'PERCENT', 5.00, 50, 3, '2025-07-01 00:00:00', '2025-07-21 00:00:00', true, '2025-06-22 11:31:27.135034', '2025-06-22 11:31:27.135034', 6, 'tenant_demo_001');
INSERT INTO public.discount_code (id, code, description, discount_type, discount_value, max_uses, uses_count, valid_from, valid_to, is_active, created_at, updated_at, event_id, tenant_id) VALUES (1, 'SPRING10', '10% off Spring events', 'PERCENTAGE', 10.00, 100, 5, '2025-03-01 00:00:00', '2025-06-01 00:00:00', true, '2025-06-22 11:31:27.135034', '2025-06-22 11:31:27.135034', 1, 'tenant_demo_001');
INSERT INTO public.discount_code (id, code, description, discount_type, discount_value, max_uses, uses_count, valid_from, valid_to, is_active, created_at, updated_at, event_id, tenant_id) VALUES (3, 'FREERUN', 'Free entry for Charity Run', 'FIXED_AMOUNT', 100.00, 50, 10, '2025-05-01 00:00:00', '2025-06-02 00:00:00', true, '2025-06-22 11:31:27.135034', '2025-06-22 11:31:27.135034', 3, 'tenant_demo_001');
INSERT INTO public.discount_code (id, code, description, discount_type, discount_value, max_uses, uses_count, valid_from, valid_to, is_active, created_at, updated_at, event_id, tenant_id) VALUES (4851, 'SPRING12', 'xcxcxc', 'FIXED_AMOUNT', 4.00, 100, NULL, NULL, NULL, true, '2025-06-23 05:29:02.585', '2025-06-23 05:29:02.585', 1, 'tenant_demo_001');
INSERT INTO public.discount_code (id, code, description, discount_type, discount_value, max_uses, uses_count, valid_from, valid_to, is_active, created_at, updated_at, event_id, tenant_id) VALUES (4101, 'DEMO2026', '', 'PERCENTAGE', 10.00, 100, NULL, NULL, NULL, true, '2026-01-14 09:04:00.379', '2026-01-14 09:04:00.379', 6901, 'tenant_demo_002');


--
-- Data for Name: donation_statistics; Type: TABLE DATA; Schema: public; Owner: event_site_admin
--



--
-- Data for Name: event_ticket_transaction; Type: TABLE DATA; Schema: public; Owner: event_site_admin
--

INSERT INTO public.event_ticket_transaction (id, tenant_id, email, first_name, last_name, phone, quantity, price_per_unit, total_amount, tax_amount, platform_fee_amount, discount_code_id, discount_amount, service_fee, final_amount, net_payout_amount, status, payment_method, payment_reference, stripe_checkout_session_id, stripe_payment_intent_id, purchase_date, confirmation_sent_at, refund_amount, refund_date, refund_reason, stripe_customer_id, stripe_payment_status, stripe_customer_email, stripe_payment_currency, stripe_amount_discount, stripe_amount_tax, stripe_fee_amount, qr_code_image_url, event_id, user_id, created_at, updated_at, number_of_guests_checked_in, check_in_status, check_in_time, check_out_time) VALUES (1, 'tenant_demo_001', 'alice.johnson@example.com', 'Alice', 'Johnson', '555-1001', 2, 50.00, 100.00, 5.00, 2.00, 1, 10.00, NULL, 87.00, NULL, 'COMPLETED', 'CARD', 'REF001', NULL, NULL, '2025-06-22 11:31:27.363866', '2025-06-22 11:31:27.363866', 0.00, NULL, NULL, NULL, NULL, NULL, NULL, NULL, NULL, NULL, NULL, 1, 1, '2025-06-22 11:31:27.363866', '2025-06-22 11:31:27.363866', NULL, NULL, NULL, NULL);
INSERT INTO public.event_ticket_transaction (id, tenant_id, email, first_name, last_name, phone, quantity, price_per_unit, total_amount, tax_amount, platform_fee_amount, discount_code_id, discount_amount, service_fee, final_amount, net_payout_amount, status, payment_method, payment_reference, stripe_checkout_session_id, stripe_payment_intent_id, purchase_date, confirmation_sent_at, refund_amount, refund_date, refund_reason, stripe_customer_id, stripe_payment_status, stripe_customer_email, stripe_payment_currency, stripe_amount_discount, stripe_amount_tax, stripe_fee_amount, qr_code_image_url, event_id, user_id, created_at, updated_at, number_of_guests_checked_in, check_in_status, check_in_time, check_out_time) VALUES (2, 'tenant_demo_001', 'bob.smith@example.com', 'Bob', 'Smith', '555-1002', 1, 200.00, 200.00, 10.00, 5.00, 2, 20.00, NULL, 185.00, NULL, 'COMPLETED', 'CARD', 'REF002', NULL, NULL, '2025-06-22 11:31:27.363866', '2025-06-22 11:31:27.363866', 0.00, NULL, NULL, NULL, NULL, NULL, NULL, NULL, NULL, NULL, NULL, 2, 2, '2025-06-22 11:31:27.363866', '2025-06-22 11:31:27.363866', NULL, NULL, NULL, NULL);
INSERT INTO public.event_ticket_transaction (id, tenant_id, email, first_name, last_name, phone, quantity, price_per_unit, total_amount, tax_amount, platform_fee_amount, discount_code_id, discount_amount, service_fee, final_amount, net_payout_amount, status, payment_method, payment_reference, stripe_checkout_session_id, stripe_payment_intent_id, purchase_date, confirmation_sent_at, refund_amount, refund_date, refund_reason, stripe_customer_id, stripe_payment_status, stripe_customer_email, stripe_payment_currency, stripe_amount_discount, stripe_amount_tax, stripe_fee_amount, qr_code_image_url, event_id, user_id, created_at, updated_at, number_of_guests_checked_in, check_in_status, check_in_time, check_out_time) VALUES (3, 'tenant_demo_001', 'carol.williams@example.com', 'Carol', 'Williams', '555-1003', 3, 0.00, 0.00, 0.00, 0.00, 3, 0.00, NULL, 0.00, NULL, 'COMPLETED', 'CASH', 'REF003', NULL, NULL, '2025-06-22 11:31:27.363866', '2025-06-22 11:31:27.363866', 0.00, NULL, NULL, NULL, NULL, NULL, NULL, NULL, NULL, NULL, NULL, 3, 3, '2025-06-22 11:31:27.363866', '2025-06-22 11:31:27.363866', NULL, NULL, NULL, NULL);
INSERT INTO public.event_ticket_transaction (id, tenant_id, email, first_name, last_name, phone, quantity, price_per_unit, total_amount, tax_amount, platform_fee_amount, discount_code_id, discount_amount, service_fee, final_amount, net_payout_amount, status, payment_method, payment_reference, stripe_checkout_session_id, stripe_payment_intent_id, purchase_date, confirmation_sent_at, refund_amount, refund_date, refund_reason, stripe_customer_id, stripe_payment_status, stripe_customer_email, stripe_payment_currency, stripe_amount_discount, stripe_amount_tax, stripe_fee_amount, qr_code_image_url, event_id, user_id, created_at, updated_at, number_of_guests_checked_in, check_in_status, check_in_time, check_out_time) VALUES (4, 'tenant_demo_001', 'david.brown@example.com', 'David', 'Brown', '555-1004', 4, 20.00, 80.00, 4.00, 1.00, 4, 5.00, NULL, 70.00, NULL, 'COMPLETED', 'CARD', 'REF004', NULL, NULL, '2025-06-22 11:31:27.363866', '2025-06-22 11:31:27.363866', 0.00, NULL, NULL, NULL, NULL, NULL, NULL, NULL, NULL, NULL, NULL, 4, 4, '2025-06-22 11:31:27.363866', '2025-06-22 11:31:27.363866', NULL, NULL, NULL, NULL);
INSERT INTO public.event_ticket_transaction (id, tenant_id, email, first_name, last_name, phone, quantity, price_per_unit, total_amount, tax_amount, platform_fee_amount, discount_code_id, discount_amount, service_fee, final_amount, net_payout_amount, status, payment_method, payment_reference, stripe_checkout_session_id, stripe_payment_intent_id, purchase_date, confirmation_sent_at, refund_amount, refund_date, refund_reason, stripe_customer_id, stripe_payment_status, stripe_customer_email, stripe_payment_currency, stripe_amount_discount, stripe_amount_tax, stripe_fee_amount, qr_code_image_url, event_id, user_id, created_at, updated_at, number_of_guests_checked_in, check_in_status, check_in_time, check_out_time) VALUES (5, 'tenant_demo_001', 'eve.davis@example.com', 'Eve', 'Davis', '555-1005', 1, 100.00, 100.00, 5.00, 2.00, 5, 10.00, NULL, 87.00, NULL, 'COMPLETED', 'CARD', 'REF005', NULL, NULL, '2025-06-22 11:31:27.363866', '2025-06-22 11:31:27.363866', 0.00, NULL, NULL, NULL, NULL, NULL, NULL, NULL, NULL, NULL, NULL, 5, 5, '2025-06-22 11:31:27.363866', '2025-06-22 11:31:27.363866', NULL, NULL, NULL, NULL);
INSERT INTO public.event_ticket_transaction (id, tenant_id, email, first_name, last_name, phone, quantity, price_per_unit, total_amount, tax_amount, platform_fee_amount, discount_code_id, discount_amount, service_fee, final_amount, net_payout_amount, status, payment_method, payment_reference, stripe_checkout_session_id, stripe_payment_intent_id, purchase_date, confirmation_sent_at, refund_amount, refund_date, refund_reason, stripe_customer_id, stripe_payment_status, stripe_customer_email, stripe_payment_currency, stripe_amount_discount, stripe_amount_tax, stripe_fee_amount, qr_code_image_url, event_id, user_id, created_at, updated_at, number_of_guests_checked_in, check_in_status, check_in_time, check_out_time) VALUES (6, 'tenant_demo_001', 'frank.miller@example.com', 'Frank', 'Miller', '555-1006', 2, 30.00, 60.00, 3.00, 1.00, 6, 2.00, NULL, 54.00, NULL, 'COMPLETED', 'CARD', 'REF006', NULL, NULL, '2025-06-22 11:31:27.363866', '2025-06-22 11:31:27.363866', 0.00, NULL, NULL, NULL, NULL, NULL, NULL, NULL, NULL, NULL, NULL, 6, 6, '2025-06-22 11:31:27.363866', '2025-06-22 11:31:27.363866', NULL, NULL, NULL, NULL);
INSERT INTO public.event_ticket_transaction (id, tenant_id, email, first_name, last_name, phone, quantity, price_per_unit, total_amount, tax_amount, platform_fee_amount, discount_code_id, discount_amount, service_fee, final_amount, net_payout_amount, status, payment_method, payment_reference, stripe_checkout_session_id, stripe_payment_intent_id, purchase_date, confirmation_sent_at, refund_amount, refund_date, refund_reason, stripe_customer_id, stripe_payment_status, stripe_customer_email, stripe_payment_currency, stripe_amount_discount, stripe_amount_tax, stripe_fee_amount, qr_code_image_url, event_id, user_id, created_at, updated_at, number_of_guests_checked_in, check_in_status, check_in_time, check_out_time) VALUES (5651, 'tenant_demo_002', 'giventauser@gmail.com', NULL, NULL, NULL, 1, 20.00, 20.00, NULL, NULL, NULL, NULL, NULL, 20.00, 19.12, 'COMPLETED', NULL, 'pi_3STnGNK5BrggeAHM1tWGvedZ', NULL, 'pi_3STnGNK5BrggeAHM1tWGvedZ', '2025-11-15 17:27:52.543596', '2025-11-15 17:28:22.374504', NULL, NULL, NULL, NULL, 'succeeded', NULL, 'USD', NULL, NULL, 0.88, 'https://eventapp-media-bucket.s3.us-east-2.amazonaws.com/default/events/tenantId/tenant_demo_002/event-id/2/tickets/qrcode_5651_1763227701599_c8998c19.png', 2, NULL, '2025-11-15 17:28:20.994107', '2025-11-15 17:28:22.374504', NULL, NULL, NULL, NULL);
INSERT INTO public.event_ticket_transaction (id, tenant_id, email, first_name, last_name, phone, quantity, price_per_unit, total_amount, tax_amount, platform_fee_amount, discount_code_id, discount_amount, service_fee, final_amount, net_payout_amount, status, payment_method, payment_reference, stripe_checkout_session_id, stripe_payment_intent_id, purchase_date, confirmation_sent_at, refund_amount, refund_date, refund_reason, stripe_customer_id, stripe_payment_status, stripe_customer_email, stripe_payment_currency, stripe_amount_discount, stripe_amount_tax, stripe_fee_amount, qr_code_image_url, event_id, user_id, created_at, updated_at, number_of_guests_checked_in, check_in_status, check_in_time, check_out_time) VALUES (5558, 'tenant_demo_002', 'giventauser@gmail.com', NULL, NULL, NULL, 1, 20.00, 20.00, NULL, NULL, NULL, NULL, NULL, 20.00, 19.12, 'COMPLETED', NULL, 'pi_3STmTzK5BrggeAHM0sk5275H', NULL, 'pi_3STmTzK5BrggeAHM0sk5275H', '2025-11-15 16:37:52.657744', '2025-11-15 16:44:35.023548', NULL, NULL, NULL, NULL, 'succeeded', NULL, 'USD', NULL, NULL, 0.88, 'https://eventapp-media-bucket.s3.us-east-2.amazonaws.com/default/events/tenantId/tenant_demo_002/event-id/2/tickets/qrcode_5558_1763224689847_c8729e19.png', 2, NULL, '2025-11-15 16:38:09.826793', '2025-11-15 16:44:35.023548', NULL, NULL, NULL, NULL);
INSERT INTO public.event_ticket_transaction (id, tenant_id, email, first_name, last_name, phone, quantity, price_per_unit, total_amount, tax_amount, platform_fee_amount, discount_code_id, discount_amount, service_fee, final_amount, net_payout_amount, status, payment_method, payment_reference, stripe_checkout_session_id, stripe_payment_intent_id, purchase_date, confirmation_sent_at, refund_amount, refund_date, refund_reason, stripe_customer_id, stripe_payment_status, stripe_customer_email, stripe_payment_currency, stripe_amount_discount, stripe_amount_tax, stripe_fee_amount, qr_code_image_url, event_id, user_id, created_at, updated_at, number_of_guests_checked_in, check_in_status, check_in_time, check_out_time) VALUES (5557, 'tenant_demo_002', 'giventauser@gmail.com', NULL, NULL, NULL, 1, 20.00, 20.00, NULL, NULL, NULL, NULL, NULL, 20.00, 19.12, 'COMPLETED', NULL, 'pi_3STmOjK5BrggeAHM0okMc6Dg', NULL, 'pi_3STmOjK5BrggeAHM0okMc6Dg', '2025-11-15 16:32:26.763112', '2025-11-15 16:36:59.711688', NULL, NULL, NULL, NULL, 'succeeded', NULL, 'USD', NULL, NULL, 0.88, 'https://eventapp-media-bucket.s3.us-east-2.amazonaws.com/default/events/tenantId/tenant_demo_002/event-id/2/tickets/qrcode_5557_1763224377598_c05a6a1a.png', 2, NULL, '2025-11-15 16:32:57.577084', '2025-11-15 16:36:59.711688', NULL, NULL, NULL, NULL);
INSERT INTO public.event_ticket_transaction (id, tenant_id, email, first_name, last_name, phone, quantity, price_per_unit, total_amount, tax_amount, platform_fee_amount, discount_code_id, discount_amount, service_fee, final_amount, net_payout_amount, status, payment_method, payment_reference, stripe_checkout_session_id, stripe_payment_intent_id, purchase_date, confirmation_sent_at, refund_amount, refund_date, refund_reason, stripe_customer_id, stripe_payment_status, stripe_customer_email, stripe_payment_currency, stripe_amount_discount, stripe_amount_tax, stripe_fee_amount, qr_code_image_url, event_id, user_id, created_at, updated_at, number_of_guests_checked_in, check_in_status, check_in_time, check_out_time) VALUES (5556, 'tenant_demo_002', 'giventauser@gmail.com', NULL, NULL, NULL, 1, 20.00, 20.00, NULL, NULL, NULL, NULL, NULL, 20.00, 19.12, 'COMPLETED', NULL, 'pi_3STmL0K5BrggeAHM071yhrBt', NULL, 'pi_3STmL0K5BrggeAHM071yhrBt', '2025-11-15 16:28:35.518658', '2025-11-15 16:28:51.02849', NULL, NULL, NULL, NULL, 'succeeded', NULL, 'USD', NULL, NULL, 0.88, 'https://eventapp-media-bucket.s3.us-east-2.amazonaws.com/default/events/tenantId/tenant_demo_002/event-id/2/tickets/qrcode_5556_1763224130665_771b9ce4.png', 2, NULL, '2025-11-15 16:28:50.645515', '2025-11-15 16:28:51.02849', NULL, NULL, NULL, NULL);
INSERT INTO public.event_ticket_transaction (id, tenant_id, email, first_name, last_name, phone, quantity, price_per_unit, total_amount, tax_amount, platform_fee_amount, discount_code_id, discount_amount, service_fee, final_amount, net_payout_amount, status, payment_method, payment_reference, stripe_checkout_session_id, stripe_payment_intent_id, purchase_date, confirmation_sent_at, refund_amount, refund_date, refund_reason, stripe_customer_id, stripe_payment_status, stripe_customer_email, stripe_payment_currency, stripe_amount_discount, stripe_amount_tax, stripe_fee_amount, qr_code_image_url, event_id, user_id, created_at, updated_at, number_of_guests_checked_in, check_in_status, check_in_time, check_out_time) VALUES (5554, 'tenant_demo_002', 'giventauser@gmail.com', NULL, NULL, NULL, 1, 20.00, 20.00, NULL, NULL, NULL, NULL, NULL, 20.00, 19.12, 'COMPLETED', NULL, 'pi_3STmB4K5BrggeAHM19ZTqmdA', NULL, 'pi_3STmB4K5BrggeAHM19ZTqmdA', '2025-11-15 16:18:19.339306', '2025-11-15 16:19:40.559055', NULL, NULL, NULL, NULL, 'succeeded', NULL, 'USD', NULL, NULL, 0.88, 'https://eventapp-media-bucket.s3.us-east-2.amazonaws.com/default/events/tenantId/tenant_demo_002/event-id/2/tickets/qrcode_5554_1763223528575_a1e583f0.png', 2, NULL, '2025-11-15 16:18:48.546853', '2025-11-15 16:19:40.559055', NULL, NULL, NULL, NULL);
INSERT INTO public.event_ticket_transaction (id, tenant_id, email, first_name, last_name, phone, quantity, price_per_unit, total_amount, tax_amount, platform_fee_amount, discount_code_id, discount_amount, service_fee, final_amount, net_payout_amount, status, payment_method, payment_reference, stripe_checkout_session_id, stripe_payment_intent_id, purchase_date, confirmation_sent_at, refund_amount, refund_date, refund_reason, stripe_customer_id, stripe_payment_status, stripe_customer_email, stripe_payment_currency, stripe_amount_discount, stripe_amount_tax, stripe_fee_amount, qr_code_image_url, event_id, user_id, created_at, updated_at, number_of_guests_checked_in, check_in_status, check_in_time, check_out_time) VALUES (5553, 'tenant_demo_002', 'giventauser@gmail.com', NULL, NULL, NULL, 1, 20.00, 20.00, NULL, NULL, NULL, NULL, NULL, 20.00, 19.12, 'COMPLETED', NULL, 'pi_3STltdK5BrggeAHM0AvERMH4', NULL, 'pi_3STltdK5BrggeAHM0AvERMH4', '2025-11-15 16:00:18.750893', '2025-11-15 16:17:05.706599', NULL, NULL, NULL, NULL, 'succeeded', NULL, 'USD', NULL, NULL, 0.88, 'https://eventapp-media-bucket.s3.us-east-2.amazonaws.com/default/events/tenantId/tenant_demo_002/event-id/2/tickets/qrcode_5553_1763222745643_f5009a42.png', 2, NULL, '2025-11-15 16:05:05.446925', '2025-11-15 16:17:05.706599', NULL, NULL, NULL, NULL);
INSERT INTO public.event_ticket_transaction (id, tenant_id, email, first_name, last_name, phone, quantity, price_per_unit, total_amount, tax_amount, platform_fee_amount, discount_code_id, discount_amount, service_fee, final_amount, net_payout_amount, status, payment_method, payment_reference, stripe_checkout_session_id, stripe_payment_intent_id, purchase_date, confirmation_sent_at, refund_amount, refund_date, refund_reason, stripe_customer_id, stripe_payment_status, stripe_customer_email, stripe_payment_currency, stripe_amount_discount, stripe_amount_tax, stripe_fee_amount, qr_code_image_url, event_id, user_id, created_at, updated_at, number_of_guests_checked_in, check_in_status, check_in_time, check_out_time) VALUES (5552, 'tenant_demo_002', 'giventauser@gmail.com', NULL, NULL, NULL, 1, 20.00, 20.00, NULL, NULL, NULL, NULL, NULL, 20.00, 19.12, 'COMPLETED', NULL, 'pi_3STlkmK5BrggeAHM0o1iT6AC', NULL, 'pi_3STlkmK5BrggeAHM0o1iT6AC', '2025-11-15 15:51:09.049451', '2025-11-15 15:58:13.371182', NULL, NULL, NULL, NULL, 'succeeded', NULL, 'USD', NULL, NULL, 0.88, 'https://eventapp-media-bucket.s3.us-east-2.amazonaws.com/default/events/tenantId/tenant_demo_002/event-id/2/tickets/qrcode_5552_1763222281017_f6ef5463.png', 2, NULL, '2025-11-15 15:51:21.938189', '2025-11-15 15:58:13.371182', NULL, NULL, NULL, NULL);
INSERT INTO public.event_ticket_transaction (id, tenant_id, email, first_name, last_name, phone, quantity, price_per_unit, total_amount, tax_amount, platform_fee_amount, discount_code_id, discount_amount, service_fee, final_amount, net_payout_amount, status, payment_method, payment_reference, stripe_checkout_session_id, stripe_payment_intent_id, purchase_date, confirmation_sent_at, refund_amount, refund_date, refund_reason, stripe_customer_id, stripe_payment_status, stripe_customer_email, stripe_payment_currency, stripe_amount_discount, stripe_amount_tax, stripe_fee_amount, qr_code_image_url, event_id, user_id, created_at, updated_at, number_of_guests_checked_in, check_in_status, check_in_time, check_out_time) VALUES (5551, 'tenant_demo_002', 'giventauser@gmail.com', NULL, NULL, NULL, 1, 20.00, 20.00, NULL, NULL, NULL, NULL, NULL, 20.00, 19.12, 'COMPLETED', NULL, 'pi_3STldFK5BrggeAHM1fN9OiMt', NULL, 'pi_3STldFK5BrggeAHM1fN9OiMt', '2025-11-15 15:43:24.288219', '2025-11-15 15:43:41.572103', NULL, NULL, NULL, NULL, 'succeeded', NULL, 'USD', NULL, NULL, 0.88, 'https://eventapp-media-bucket.s3.us-east-2.amazonaws.com/default/events/tenantId/tenant_demo_002/event-id/2/tickets/qrcode_5551_1763221420573_cd446085.png', 2, NULL, '2025-11-15 15:43:40.115016', '2025-11-15 15:43:41.572103', NULL, NULL, NULL, NULL);
INSERT INTO public.event_ticket_transaction (id, tenant_id, email, first_name, last_name, phone, quantity, price_per_unit, total_amount, tax_amount, platform_fee_amount, discount_code_id, discount_amount, service_fee, final_amount, net_payout_amount, status, payment_method, payment_reference, stripe_checkout_session_id, stripe_payment_intent_id, purchase_date, confirmation_sent_at, refund_amount, refund_date, refund_reason, stripe_customer_id, stripe_payment_status, stripe_customer_email, stripe_payment_currency, stripe_amount_discount, stripe_amount_tax, stripe_fee_amount, qr_code_image_url, event_id, user_id, created_at, updated_at, number_of_guests_checked_in, check_in_status, check_in_time, check_out_time) VALUES (5451, 'tenant_demo_002', 'giventauser@gmail.com', NULL, NULL, NULL, 1, 20.00, 20.00, NULL, NULL, NULL, NULL, NULL, 20.00, 19.12, 'COMPLETED', NULL, 'pi_3STdjSK5BrggeAHM1XfGuqD4', NULL, 'pi_3STdjSK5BrggeAHM1XfGuqD4', '2025-11-15 07:17:15.339988', '2025-11-15 07:17:42.109082', NULL, NULL, NULL, NULL, 'succeeded', NULL, 'USD', NULL, NULL, 0.88, 'https://eventapp-media-bucket.s3.us-east-2.amazonaws.com/default/events/tenantId/tenant_demo_002/event-id/2/tickets/qrcode_5451_1763191061185_fb97bcbe.png', 2, NULL, '2025-11-15 07:17:40.886128', '2025-11-15 07:17:42.109082', NULL, NULL, NULL, NULL);
INSERT INTO public.event_ticket_transaction (id, tenant_id, email, first_name, last_name, phone, quantity, price_per_unit, total_amount, tax_amount, platform_fee_amount, discount_code_id, discount_amount, service_fee, final_amount, net_payout_amount, status, payment_method, payment_reference, stripe_checkout_session_id, stripe_payment_intent_id, purchase_date, confirmation_sent_at, refund_amount, refund_date, refund_reason, stripe_customer_id, stripe_payment_status, stripe_customer_email, stripe_payment_currency, stripe_amount_discount, stripe_amount_tax, stripe_fee_amount, qr_code_image_url, event_id, user_id, created_at, updated_at, number_of_guests_checked_in, check_in_status, check_in_time, check_out_time) VALUES (5351, 'tenant_demo_002', 'giventauser@gmail.com', NULL, NULL, NULL, 1, 20.00, 20.00, NULL, NULL, NULL, NULL, NULL, 20.00, 19.12, 'COMPLETED', NULL, 'pi_3STdgaK5BrggeAHM0QsNf6iy', NULL, 'pi_3STdgaK5BrggeAHM0QsNf6iy', '2025-11-15 07:14:17.521463', '2025-11-15 07:14:35.621114', NULL, NULL, NULL, NULL, 'succeeded', NULL, 'USD', NULL, NULL, 0.88, 'https://eventapp-media-bucket.s3.us-east-2.amazonaws.com/default/events/tenantId/tenant_demo_002/event-id/2/tickets/qrcode_5351_1763190874700_fefc5071.png', 2, NULL, '2025-11-15 07:14:34.288339', '2025-11-15 07:14:35.621114', NULL, NULL, NULL, NULL);
INSERT INTO public.event_ticket_transaction (id, tenant_id, email, first_name, last_name, phone, quantity, price_per_unit, total_amount, tax_amount, platform_fee_amount, discount_code_id, discount_amount, service_fee, final_amount, net_payout_amount, status, payment_method, payment_reference, stripe_checkout_session_id, stripe_payment_intent_id, purchase_date, confirmation_sent_at, refund_amount, refund_date, refund_reason, stripe_customer_id, stripe_payment_status, stripe_customer_email, stripe_payment_currency, stripe_amount_discount, stripe_amount_tax, stripe_fee_amount, qr_code_image_url, event_id, user_id, created_at, updated_at, number_of_guests_checked_in, check_in_status, check_in_time, check_out_time) VALUES (5251, 'tenant_demo_002', 'giventauser@gmail.com', NULL, NULL, NULL, 1, 20.00, 20.00, NULL, NULL, NULL, NULL, NULL, 20.00, 19.12, 'COMPLETED', NULL, 'pi_3STdQzK5BrggeAHM17XdPEvf', NULL, 'pi_3STdQzK5BrggeAHM17XdPEvf', '2025-11-15 06:58:11.587149', '2025-11-15 06:58:33.311163', NULL, NULL, NULL, NULL, 'succeeded', NULL, 'USD', NULL, NULL, 0.88, 'https://eventapp-media-bucket.s3.us-east-2.amazonaws.com/default/events/tenantId/tenant_demo_002/event-id/2/tickets/qrcode_5251_1763189912301_43f8a440.png', 2, NULL, '2025-11-15 06:58:31.749317', '2025-11-15 06:58:33.311163', NULL, NULL, NULL, NULL);
INSERT INTO public.event_ticket_transaction (id, tenant_id, email, first_name, last_name, phone, quantity, price_per_unit, total_amount, tax_amount, platform_fee_amount, discount_code_id, discount_amount, service_fee, final_amount, net_payout_amount, status, payment_method, payment_reference, stripe_checkout_session_id, stripe_payment_intent_id, purchase_date, confirmation_sent_at, refund_amount, refund_date, refund_reason, stripe_customer_id, stripe_payment_status, stripe_customer_email, stripe_payment_currency, stripe_amount_discount, stripe_amount_tax, stripe_fee_amount, qr_code_image_url, event_id, user_id, created_at, updated_at, number_of_guests_checked_in, check_in_status, check_in_time, check_out_time) VALUES (4203, 'tenant_demo_002', 'giventauser@gmail.com', 'Gain', 'Joseph', '', 1, 20.00, 20.00, 0.00, 0.00, NULL, 0.00, NULL, 20.00, 19.12, 'COMPLETED', 'card', 'pi_3STC0zK5BrggeAHM1oFoajIL', 'cs_test_a13JdEarexaVkc3kRZUEWz2WaNM6NCVaAC0R3HOvKJecDRIckqQcT8PcT2', 'pi_3STC0zK5BrggeAHM1oFoajIL', '2025-11-14 01:42:10.781', NULL, NULL, NULL, NULL, NULL, 'paid', 'giventauser@gmail.com', 'usd', 0.00, 0.00, 0.88, 'https://eventapp-media-bucket.s3.us-east-2.amazonaws.com/default/events/tenantId/tenant_demo_002/event-id/2/tickets/qrcode_4203_1763084543444_2699c0c9.png', 2, NULL, '2025-11-14 01:42:10.781', '2025-11-14 01:42:10.781', NULL, NULL, NULL, NULL);
INSERT INTO public.event_ticket_transaction (id, tenant_id, email, first_name, last_name, phone, quantity, price_per_unit, total_amount, tax_amount, platform_fee_amount, discount_code_id, discount_amount, service_fee, final_amount, net_payout_amount, status, payment_method, payment_reference, stripe_checkout_session_id, stripe_payment_intent_id, purchase_date, confirmation_sent_at, refund_amount, refund_date, refund_reason, stripe_customer_id, stripe_payment_status, stripe_customer_email, stripe_payment_currency, stripe_amount_discount, stripe_amount_tax, stripe_fee_amount, qr_code_image_url, event_id, user_id, created_at, updated_at, number_of_guests_checked_in, check_in_status, check_in_time, check_out_time) VALUES (4202, 'tenant_demo_002', 'giventauser@gmail.com', 'Gain', 'Joseph', '', 1, 20.00, 20.00, 0.00, 0.00, NULL, 0.00, NULL, 20.00, 19.12, 'COMPLETED', 'card', 'pi_3STBVBK5BrggeAHM1NEIe1Zs', 'cs_test_a1yi9XcmnhgwQZ7HlYAKOSnZFpZRE6UrJT29oHauzllu7JxszcNCPDakVE', 'pi_3STBVBK5BrggeAHM1NEIe1Zs', '2025-11-14 01:09:04.685', NULL, NULL, NULL, NULL, NULL, 'paid', 'giventauser@gmail.com', 'usd', 0.00, 0.00, 0.88, 'https://eventapp-media-bucket.s3.us-east-2.amazonaws.com/default/events/tenantId/tenant_demo_002/event-id/2/tickets/qrcode_4202_1763082551000_9421320d.png', 2, NULL, '2025-11-14 01:09:04.685', '2025-11-14 01:09:04.685', NULL, NULL, NULL, NULL);
INSERT INTO public.event_ticket_transaction (id, tenant_id, email, first_name, last_name, phone, quantity, price_per_unit, total_amount, tax_amount, platform_fee_amount, discount_code_id, discount_amount, service_fee, final_amount, net_payout_amount, status, payment_method, payment_reference, stripe_checkout_session_id, stripe_payment_intent_id, purchase_date, confirmation_sent_at, refund_amount, refund_date, refund_reason, stripe_customer_id, stripe_payment_status, stripe_customer_email, stripe_payment_currency, stripe_amount_discount, stripe_amount_tax, stripe_fee_amount, qr_code_image_url, event_id, user_id, created_at, updated_at, number_of_guests_checked_in, check_in_status, check_in_time, check_out_time) VALUES (4201, 'tenant_demo_002', 'giventauser@gmail.com', 'Gain', 'Joseph', '', 2, 15.00, 30.00, 0.00, 0.00, NULL, 0.00, NULL, 30.00, 28.83, 'COMPLETED', 'card', 'pi_3ST9oqK5BrggeAHM1TZB0cGi', 'cs_test_b1HmfM1OggeFdBoD2a3nnea0dmBSG1rWB9G9Xm67zVHaQF9s5wZAHqDPYv', 'pi_3ST9oqK5BrggeAHM1TZB0cGi', '2025-11-13 23:21:56.135', NULL, NULL, NULL, NULL, NULL, 'paid', 'giventauser@gmail.com', 'usd', 0.00, 0.00, 1.17, 'https://eventapp-media-bucket.s3.us-east-2.amazonaws.com/default/events/tenantId/tenant_demo_002/event-id/2/tickets/qrcode_4201_1763076128440_8abba8bb.png', 2, NULL, '2025-11-13 23:21:56.135', '2025-11-13 23:21:56.135', NULL, NULL, NULL, NULL);
INSERT INTO public.event_ticket_transaction (id, tenant_id, email, first_name, last_name, phone, quantity, price_per_unit, total_amount, tax_amount, platform_fee_amount, discount_code_id, discount_amount, service_fee, final_amount, net_payout_amount, status, payment_method, payment_reference, stripe_checkout_session_id, stripe_payment_intent_id, purchase_date, confirmation_sent_at, refund_amount, refund_date, refund_reason, stripe_customer_id, stripe_payment_status, stripe_customer_email, stripe_payment_currency, stripe_amount_discount, stripe_amount_tax, stripe_fee_amount, qr_code_image_url, event_id, user_id, created_at, updated_at, number_of_guests_checked_in, check_in_status, check_in_time, check_out_time) VALUES (4253, 'tenant_demo_002', 'giventauser@gmail.com', 'Gain', 'Joseph', NULL, 1, 0.70, 0.70, NULL, NULL, NULL, NULL, NULL, 0.70, 0.38, 'COMPLETED', 'pm_1SaTBpK5BrggeAHMDo5AHc4H', 'pi_3SaTBRK5BrggeAHM0jsC3I7T', NULL, 'pi_3SaTBRK5BrggeAHM0jsC3I7T', '2025-12-04 03:26:21.739917', '2025-12-04 03:26:55.805925', NULL, NULL, NULL, NULL, 'succeeded', NULL, 'USD', NULL, NULL, 0.32, 'https://eventapp-media-bucket.s3.us-east-2.amazonaws.com/dev/events/tenantId/tenant_demo_002/event-id/2/tickets/qrcode_4253_1764818815405_9434b918.png', 2, NULL, '2025-12-04 03:26:54.942781', '2025-12-04 03:26:55.805925', NULL, NULL, NULL, NULL);
INSERT INTO public.event_ticket_transaction (id, tenant_id, email, first_name, last_name, phone, quantity, price_per_unit, total_amount, tax_amount, platform_fee_amount, discount_code_id, discount_amount, service_fee, final_amount, net_payout_amount, status, payment_method, payment_reference, stripe_checkout_session_id, stripe_payment_intent_id, purchase_date, confirmation_sent_at, refund_amount, refund_date, refund_reason, stripe_customer_id, stripe_payment_status, stripe_customer_email, stripe_payment_currency, stripe_amount_discount, stripe_amount_tax, stripe_fee_amount, qr_code_image_url, event_id, user_id, created_at, updated_at, number_of_guests_checked_in, check_in_status, check_in_time, check_out_time) VALUES (4251, 'tenant_demo_002', 'giventauser@gmail.com', 'Gain', 'Joseph', NULL, 1, 0.70, 0.70, NULL, NULL, NULL, NULL, NULL, 0.70, 0.38, 'COMPLETED', 'pm_1SaT5BK5BrggeAHMtG624UGB', 'pi_3SaT53K5BrggeAHM01w6W6nT', NULL, 'pi_3SaT53K5BrggeAHM01w6W6nT', '2025-12-04 03:19:45.895587', '2025-12-04 03:20:38.031475', NULL, NULL, NULL, NULL, 'succeeded', NULL, 'USD', NULL, NULL, 0.32, 'https://eventapp-media-bucket.s3.us-east-2.amazonaws.com/dev/events/tenantId/tenant_demo_002/event-id/2/tickets/qrcode_4251_1764818437515_d5136ea9.png', 2, NULL, '2025-12-04 03:20:36.744148', '2025-12-04 03:20:38.031475', NULL, NULL, NULL, NULL);
INSERT INTO public.event_ticket_transaction (id, tenant_id, email, first_name, last_name, phone, quantity, price_per_unit, total_amount, tax_amount, platform_fee_amount, discount_code_id, discount_amount, service_fee, final_amount, net_payout_amount, status, payment_method, payment_reference, stripe_checkout_session_id, stripe_payment_intent_id, purchase_date, confirmation_sent_at, refund_amount, refund_date, refund_reason, stripe_customer_id, stripe_payment_status, stripe_customer_email, stripe_payment_currency, stripe_amount_discount, stripe_amount_tax, stripe_fee_amount, qr_code_image_url, event_id, user_id, created_at, updated_at, number_of_guests_checked_in, check_in_status, check_in_time, check_out_time) VALUES (7303, 'tenant_demo_002', 'giventauser@gmail.com', NULL, NULL, NULL, 1, 1.30, 1.30, NULL, NULL, NULL, NULL, NULL, 1.30, 0.96, 'COMPLETED', NULL, 'pi_3SWNwaK5BrggeAHM14SfE8mi', NULL, 'pi_3SWNwaK5BrggeAHM14SfE8mi', '2025-11-22 21:02:08.518562', '2025-11-22 21:02:30.21137', NULL, NULL, NULL, NULL, 'succeeded', NULL, 'USD', NULL, NULL, 0.34, 'https://eventapp-media-bucket.s3.us-east-2.amazonaws.com/dev/events/tenantId/tenant_demo_002/event-id/2/tickets/qrcode_7303_1763845349899_65973e60.png', 2, NULL, '2025-11-22 21:02:29.880586', '2025-11-22 21:02:30.21137', NULL, NULL, NULL, NULL);
INSERT INTO public.event_ticket_transaction (id, tenant_id, email, first_name, last_name, phone, quantity, price_per_unit, total_amount, tax_amount, platform_fee_amount, discount_code_id, discount_amount, service_fee, final_amount, net_payout_amount, status, payment_method, payment_reference, stripe_checkout_session_id, stripe_payment_intent_id, purchase_date, confirmation_sent_at, refund_amount, refund_date, refund_reason, stripe_customer_id, stripe_payment_status, stripe_customer_email, stripe_payment_currency, stripe_amount_discount, stripe_amount_tax, stripe_fee_amount, qr_code_image_url, event_id, user_id, created_at, updated_at, number_of_guests_checked_in, check_in_status, check_in_time, check_out_time) VALUES (7302, 'tenant_demo_002', 'giventauser@gmail.com', NULL, NULL, NULL, 1, 0.70, 0.70, NULL, NULL, NULL, NULL, NULL, 0.70, 0.38, 'COMPLETED', NULL, 'pi_3SWNl3K5BrggeAHM1buNcMu4', NULL, 'pi_3SWNl3K5BrggeAHM1buNcMu4', '2025-11-22 20:50:13.216592', '2025-11-22 20:51:50.159927', NULL, NULL, NULL, NULL, 'succeeded', NULL, 'USD', NULL, NULL, 0.32, 'https://eventapp-media-bucket.s3.us-east-2.amazonaws.com/dev/events/tenantId/tenant_demo_002/event-id/2/tickets/qrcode_7302_1763844709818_27330c3d.png', 2, NULL, '2025-11-22 20:51:49.795252', '2025-11-22 20:51:50.159927', NULL, NULL, NULL, NULL);
INSERT INTO public.event_ticket_transaction (id, tenant_id, email, first_name, last_name, phone, quantity, price_per_unit, total_amount, tax_amount, platform_fee_amount, discount_code_id, discount_amount, service_fee, final_amount, net_payout_amount, status, payment_method, payment_reference, stripe_checkout_session_id, stripe_payment_intent_id, purchase_date, confirmation_sent_at, refund_amount, refund_date, refund_reason, stripe_customer_id, stripe_payment_status, stripe_customer_email, stripe_payment_currency, stripe_amount_discount, stripe_amount_tax, stripe_fee_amount, qr_code_image_url, event_id, user_id, created_at, updated_at, number_of_guests_checked_in, check_in_status, check_in_time, check_out_time) VALUES (7301, 'tenant_demo_002', 'giventauser@gmail.com', NULL, NULL, NULL, 1, 0.70, 0.70, NULL, NULL, NULL, NULL, NULL, 0.70, 0.38, 'COMPLETED', NULL, 'pi_3SWNU0K5BrggeAHM0xcWF7ap', NULL, 'pi_3SWNU0K5BrggeAHM0xcWF7ap', '2025-11-22 20:32:36.739296', '2025-11-22 20:33:17.869056', NULL, NULL, NULL, NULL, 'succeeded', NULL, 'USD', NULL, NULL, 0.32, 'https://eventapp-media-bucket.s3.us-east-2.amazonaws.com/dev/events/tenantId/tenant_demo_002/event-id/2/tickets/qrcode_7301_1763843597100_5511f104.png', 2, NULL, '2025-11-22 20:33:16.684727', '2025-11-22 20:33:17.869056', NULL, NULL, NULL, NULL);
INSERT INTO public.event_ticket_transaction (id, tenant_id, email, first_name, last_name, phone, quantity, price_per_unit, total_amount, tax_amount, platform_fee_amount, discount_code_id, discount_amount, service_fee, final_amount, net_payout_amount, status, payment_method, payment_reference, stripe_checkout_session_id, stripe_payment_intent_id, purchase_date, confirmation_sent_at, refund_amount, refund_date, refund_reason, stripe_customer_id, stripe_payment_status, stripe_customer_email, stripe_payment_currency, stripe_amount_discount, stripe_amount_tax, stripe_fee_amount, qr_code_image_url, event_id, user_id, created_at, updated_at, number_of_guests_checked_in, check_in_status, check_in_time, check_out_time) VALUES (6051, 'tenant_demo_002', 'giventauser@gmail.com', NULL, NULL, NULL, 1, 20.00, 20.00, NULL, NULL, NULL, NULL, NULL, 20.00, 19.12, 'COMPLETED', NULL, 'pi_3STqSWK5BrggeAHM0Z3oML9o', NULL, 'pi_3STqSWK5BrggeAHM0Z3oML9o', '2025-11-15 20:52:38.562883', '2025-11-15 20:52:58.348832', NULL, NULL, NULL, NULL, 'succeeded', NULL, 'USD', NULL, NULL, 0.88, 'https://eventapp-media-bucket.s3.us-east-2.amazonaws.com/default/events/tenantId/tenant_demo_002/event-id/2/tickets/qrcode_6051_1763239977532_da822080.png', 2, NULL, '2025-11-15 20:52:52.564526', '2025-11-15 20:52:58.348832', NULL, NULL, NULL, NULL);
INSERT INTO public.event_ticket_transaction (id, tenant_id, email, first_name, last_name, phone, quantity, price_per_unit, total_amount, tax_amount, platform_fee_amount, discount_code_id, discount_amount, service_fee, final_amount, net_payout_amount, status, payment_method, payment_reference, stripe_checkout_session_id, stripe_payment_intent_id, purchase_date, confirmation_sent_at, refund_amount, refund_date, refund_reason, stripe_customer_id, stripe_payment_status, stripe_customer_email, stripe_payment_currency, stripe_amount_discount, stripe_amount_tax, stripe_fee_amount, qr_code_image_url, event_id, user_id, created_at, updated_at, number_of_guests_checked_in, check_in_status, check_in_time, check_out_time) VALUES (5951, 'tenant_demo_002', 'giventauser@gmail.com', NULL, NULL, NULL, 1, 20.00, 20.00, NULL, NULL, NULL, NULL, NULL, 20.00, 19.12, 'COMPLETED', NULL, 'pi_3STp8JK5BrggeAHM1XclQbjr', NULL, 'pi_3STp8JK5BrggeAHM1XclQbjr', '2025-11-15 19:27:41.119479', '2025-11-15 19:28:04.202601', NULL, NULL, NULL, NULL, 'succeeded', NULL, 'USD', NULL, NULL, 0.88, 'https://eventapp-media-bucket.s3.us-east-2.amazonaws.com/default/events/tenantId/tenant_demo_002/event-id/2/tickets/qrcode_5951_1763234883340_cfe570d4.png', 2, NULL, '2025-11-15 19:27:58.246993', '2025-11-15 19:28:04.202601', NULL, NULL, NULL, NULL);
INSERT INTO public.event_ticket_transaction (id, tenant_id, email, first_name, last_name, phone, quantity, price_per_unit, total_amount, tax_amount, platform_fee_amount, discount_code_id, discount_amount, service_fee, final_amount, net_payout_amount, status, payment_method, payment_reference, stripe_checkout_session_id, stripe_payment_intent_id, purchase_date, confirmation_sent_at, refund_amount, refund_date, refund_reason, stripe_customer_id, stripe_payment_status, stripe_customer_email, stripe_payment_currency, stripe_amount_discount, stripe_amount_tax, stripe_fee_amount, qr_code_image_url, event_id, user_id, created_at, updated_at, number_of_guests_checked_in, check_in_status, check_in_time, check_out_time) VALUES (5852, 'tenant_demo_002', 'giventauser@gmail.com', NULL, NULL, NULL, 1, 20.00, 20.00, NULL, NULL, NULL, NULL, NULL, 20.00, 19.12, 'COMPLETED', NULL, 'pi_3SToscK5BrggeAHM08Z93p4q', NULL, 'pi_3SToscK5BrggeAHM08Z93p4q', '2025-11-15 19:11:27.224948', '2025-11-15 19:11:45.960302', NULL, NULL, NULL, NULL, 'succeeded', NULL, 'USD', NULL, NULL, 0.88, 'https://eventapp-media-bucket.s3.us-east-2.amazonaws.com/default/events/tenantId/tenant_demo_002/event-id/2/tickets/qrcode_5852_1763233905608_8e8d0caa.png', 2, NULL, '2025-11-15 19:11:45.587662', '2025-11-15 19:11:45.960302', NULL, NULL, NULL, NULL);
INSERT INTO public.event_ticket_transaction (id, tenant_id, email, first_name, last_name, phone, quantity, price_per_unit, total_amount, tax_amount, platform_fee_amount, discount_code_id, discount_amount, service_fee, final_amount, net_payout_amount, status, payment_method, payment_reference, stripe_checkout_session_id, stripe_payment_intent_id, purchase_date, confirmation_sent_at, refund_amount, refund_date, refund_reason, stripe_customer_id, stripe_payment_status, stripe_customer_email, stripe_payment_currency, stripe_amount_discount, stripe_amount_tax, stripe_fee_amount, qr_code_image_url, event_id, user_id, created_at, updated_at, number_of_guests_checked_in, check_in_status, check_in_time, check_out_time) VALUES (5851, 'tenant_demo_002', 'giventauser@gmail.com', NULL, NULL, NULL, 1, 20.00, 20.00, NULL, NULL, NULL, NULL, NULL, 20.00, 19.12, 'COMPLETED', NULL, 'pi_3STonMK5BrggeAHM14X0icIi', NULL, 'pi_3STonMK5BrggeAHM14X0icIi', '2025-11-15 19:06:03.256618', '2025-11-15 19:06:55.77404', NULL, NULL, NULL, NULL, 'succeeded', NULL, 'USD', NULL, NULL, 0.88, 'https://eventapp-media-bucket.s3.us-east-2.amazonaws.com/default/events/tenantId/tenant_demo_002/event-id/2/tickets/qrcode_5851_1763233589899_0f27530c.png', 2, NULL, '2025-11-15 19:06:29.563936', '2025-11-15 19:06:55.77404', NULL, NULL, NULL, NULL);
INSERT INTO public.event_ticket_transaction (id, tenant_id, email, first_name, last_name, phone, quantity, price_per_unit, total_amount, tax_amount, platform_fee_amount, discount_code_id, discount_amount, service_fee, final_amount, net_payout_amount, status, payment_method, payment_reference, stripe_checkout_session_id, stripe_payment_intent_id, purchase_date, confirmation_sent_at, refund_amount, refund_date, refund_reason, stripe_customer_id, stripe_payment_status, stripe_customer_email, stripe_payment_currency, stripe_amount_discount, stripe_amount_tax, stripe_fee_amount, qr_code_image_url, event_id, user_id, created_at, updated_at, number_of_guests_checked_in, check_in_status, check_in_time, check_out_time) VALUES (5757, 'tenant_demo_002', 'giventauser@gmail.com', NULL, NULL, NULL, 1, 20.00, 20.00, NULL, NULL, NULL, NULL, NULL, 20.00, 19.12, 'COMPLETED', NULL, 'pi_3SToUzK5BrggeAHM1LObw64V', NULL, 'pi_3SToUzK5BrggeAHM1LObw64V', '2025-11-15 18:47:02.034106', '2025-11-15 18:47:23.209026', NULL, NULL, NULL, NULL, 'succeeded', NULL, 'USD', NULL, NULL, 0.88, 'https://eventapp-media-bucket.s3.us-east-2.amazonaws.com/default/events/tenantId/tenant_demo_002/event-id/2/tickets/qrcode_5757_1763232442858_1c0a546b.png', 2, NULL, '2025-11-15 18:47:22.840834', '2025-11-15 18:47:23.209026', NULL, NULL, NULL, NULL);
INSERT INTO public.event_ticket_transaction (id, tenant_id, email, first_name, last_name, phone, quantity, price_per_unit, total_amount, tax_amount, platform_fee_amount, discount_code_id, discount_amount, service_fee, final_amount, net_payout_amount, status, payment_method, payment_reference, stripe_checkout_session_id, stripe_payment_intent_id, purchase_date, confirmation_sent_at, refund_amount, refund_date, refund_reason, stripe_customer_id, stripe_payment_status, stripe_customer_email, stripe_payment_currency, stripe_amount_discount, stripe_amount_tax, stripe_fee_amount, qr_code_image_url, event_id, user_id, created_at, updated_at, number_of_guests_checked_in, check_in_status, check_in_time, check_out_time) VALUES (5756, 'tenant_demo_002', 'giventauser@gmail.com', NULL, NULL, NULL, 1, 20.00, 20.00, NULL, NULL, NULL, NULL, NULL, 20.00, 19.12, 'COMPLETED', NULL, 'pi_3SToKyK5BrggeAHM1arNAhzE', NULL, 'pi_3SToKyK5BrggeAHM1arNAhzE', '2025-11-15 18:36:41.411681', '2025-11-15 18:36:57.598268', NULL, NULL, NULL, NULL, 'succeeded', NULL, 'USD', NULL, NULL, 0.88, 'https://eventapp-media-bucket.s3.us-east-2.amazonaws.com/default/events/tenantId/tenant_demo_002/event-id/2/tickets/qrcode_5756_1763231817178_ee76a405.png', 2, NULL, '2025-11-15 18:36:57.161071', '2025-11-15 18:36:57.598827', NULL, NULL, NULL, NULL);
INSERT INTO public.event_ticket_transaction (id, tenant_id, email, first_name, last_name, phone, quantity, price_per_unit, total_amount, tax_amount, platform_fee_amount, discount_code_id, discount_amount, service_fee, final_amount, net_payout_amount, status, payment_method, payment_reference, stripe_checkout_session_id, stripe_payment_intent_id, purchase_date, confirmation_sent_at, refund_amount, refund_date, refund_reason, stripe_customer_id, stripe_payment_status, stripe_customer_email, stripe_payment_currency, stripe_amount_discount, stripe_amount_tax, stripe_fee_amount, qr_code_image_url, event_id, user_id, created_at, updated_at, number_of_guests_checked_in, check_in_status, check_in_time, check_out_time) VALUES (5755, 'tenant_demo_002', 'giventauser@gmail.com', NULL, NULL, NULL, 1, 20.00, 20.00, NULL, NULL, NULL, NULL, NULL, 20.00, 19.12, 'COMPLETED', NULL, 'pi_3SToDAK5BrggeAHM1XEJENR2', NULL, 'pi_3SToDAK5BrggeAHM1XEJENR2', '2025-11-15 18:28:37.634271', '2025-11-15 18:29:41.662122', NULL, NULL, NULL, NULL, 'succeeded', NULL, 'USD', NULL, NULL, 0.88, 'https://eventapp-media-bucket.s3.us-east-2.amazonaws.com/default/events/tenantId/tenant_demo_002/event-id/2/tickets/qrcode_5755_1763231337388_7bed155f.png', 2, NULL, '2025-11-15 18:28:57.368695', '2025-11-15 18:29:41.662122', NULL, NULL, NULL, NULL);
INSERT INTO public.event_ticket_transaction (id, tenant_id, email, first_name, last_name, phone, quantity, price_per_unit, total_amount, tax_amount, platform_fee_amount, discount_code_id, discount_amount, service_fee, final_amount, net_payout_amount, status, payment_method, payment_reference, stripe_checkout_session_id, stripe_payment_intent_id, purchase_date, confirmation_sent_at, refund_amount, refund_date, refund_reason, stripe_customer_id, stripe_payment_status, stripe_customer_email, stripe_payment_currency, stripe_amount_discount, stripe_amount_tax, stripe_fee_amount, qr_code_image_url, event_id, user_id, created_at, updated_at, number_of_guests_checked_in, check_in_status, check_in_time, check_out_time) VALUES (5754, 'tenant_demo_002', 'giventauser@gmail.com', NULL, NULL, NULL, 1, 20.00, 20.00, NULL, NULL, NULL, NULL, NULL, 20.00, 19.12, 'COMPLETED', NULL, 'pi_3STo6kK5BrggeAHM1A97ZLzd', NULL, 'pi_3STo6kK5BrggeAHM1A97ZLzd', '2025-11-15 18:21:59.617644', '2025-11-15 18:25:21.074876', NULL, NULL, NULL, NULL, 'succeeded', NULL, 'USD', NULL, NULL, 0.88, 'https://eventapp-media-bucket.s3.us-east-2.amazonaws.com/default/events/tenantId/tenant_demo_002/event-id/2/tickets/qrcode_5754_1763230936006_283de7b9.png', 2, NULL, '2025-11-15 18:22:15.9827', '2025-11-15 18:25:21.074876', NULL, NULL, NULL, NULL);
INSERT INTO public.event_ticket_transaction (id, tenant_id, email, first_name, last_name, phone, quantity, price_per_unit, total_amount, tax_amount, platform_fee_amount, discount_code_id, discount_amount, service_fee, final_amount, net_payout_amount, status, payment_method, payment_reference, stripe_checkout_session_id, stripe_payment_intent_id, purchase_date, confirmation_sent_at, refund_amount, refund_date, refund_reason, stripe_customer_id, stripe_payment_status, stripe_customer_email, stripe_payment_currency, stripe_amount_discount, stripe_amount_tax, stripe_fee_amount, qr_code_image_url, event_id, user_id, created_at, updated_at, number_of_guests_checked_in, check_in_status, check_in_time, check_out_time) VALUES (5753, 'tenant_demo_002', 'giventauser@gmail.com', NULL, NULL, NULL, 1, 20.00, 20.00, NULL, NULL, NULL, NULL, NULL, 20.00, 19.12, 'COMPLETED', NULL, 'pi_3STntVK5BrggeAHM0SalXUdD', NULL, 'pi_3STntVK5BrggeAHM0SalXUdD', '2025-11-15 18:08:17.837644', '2025-11-15 18:09:31.536953', NULL, NULL, NULL, NULL, 'succeeded', NULL, 'USD', NULL, NULL, 0.88, 'https://eventapp-media-bucket.s3.us-east-2.amazonaws.com/default/events/tenantId/tenant_demo_002/event-id/2/tickets/qrcode_5753_1763230115505_fe0bf365.png', 2, NULL, '2025-11-15 18:08:35.48315', '2025-11-15 18:09:31.536953', NULL, NULL, NULL, NULL);
INSERT INTO public.event_ticket_transaction (id, tenant_id, email, first_name, last_name, phone, quantity, price_per_unit, total_amount, tax_amount, platform_fee_amount, discount_code_id, discount_amount, service_fee, final_amount, net_payout_amount, status, payment_method, payment_reference, stripe_checkout_session_id, stripe_payment_intent_id, purchase_date, confirmation_sent_at, refund_amount, refund_date, refund_reason, stripe_customer_id, stripe_payment_status, stripe_customer_email, stripe_payment_currency, stripe_amount_discount, stripe_amount_tax, stripe_fee_amount, qr_code_image_url, event_id, user_id, created_at, updated_at, number_of_guests_checked_in, check_in_status, check_in_time, check_out_time) VALUES (5752, 'tenant_demo_002', 'giventauser@gmail.com', NULL, NULL, NULL, 1, 20.00, 20.00, NULL, NULL, NULL, NULL, NULL, 20.00, 19.12, 'COMPLETED', NULL, 'pi_3STnpLK5BrggeAHM0TwE0hEF', NULL, 'pi_3STnpLK5BrggeAHM0TwE0hEF', '2025-11-15 18:04:00.404786', '2025-11-15 18:04:38.022489', NULL, NULL, NULL, NULL, 'succeeded', NULL, 'USD', NULL, NULL, 0.88, 'https://eventapp-media-bucket.s3.us-east-2.amazonaws.com/default/events/tenantId/tenant_demo_002/event-id/2/tickets/qrcode_5752_1763229862982_29a5ee4e.png', 2, NULL, '2025-11-15 18:04:22.950982', '2025-11-15 18:04:38.022489', NULL, NULL, NULL, NULL);
INSERT INTO public.event_ticket_transaction (id, tenant_id, email, first_name, last_name, phone, quantity, price_per_unit, total_amount, tax_amount, platform_fee_amount, discount_code_id, discount_amount, service_fee, final_amount, net_payout_amount, status, payment_method, payment_reference, stripe_checkout_session_id, stripe_payment_intent_id, purchase_date, confirmation_sent_at, refund_amount, refund_date, refund_reason, stripe_customer_id, stripe_payment_status, stripe_customer_email, stripe_payment_currency, stripe_amount_discount, stripe_amount_tax, stripe_fee_amount, qr_code_image_url, event_id, user_id, created_at, updated_at, number_of_guests_checked_in, check_in_status, check_in_time, check_out_time) VALUES (5751, 'tenant_demo_002', 'giventauser@gmail.com', NULL, NULL, NULL, 1, 20.00, 20.00, NULL, NULL, NULL, NULL, NULL, 20.00, 19.12, 'COMPLETED', NULL, 'pi_3STnfhK5BrggeAHM0fYuCbXb', NULL, 'pi_3STnfhK5BrggeAHM0fYuCbXb', '2025-11-15 17:54:04.723965', '2025-11-15 18:00:10.469696', NULL, NULL, NULL, NULL, 'succeeded', NULL, 'USD', NULL, NULL, 0.88, 'https://eventapp-media-bucket.s3.us-east-2.amazonaws.com/default/events/tenantId/tenant_demo_002/event-id/2/tickets/qrcode_5751_1763229318654_4ebf1add.png', 2, NULL, '2025-11-15 17:55:17.849156', '2025-11-15 18:00:10.469696', NULL, NULL, NULL, NULL);
INSERT INTO public.event_ticket_transaction (id, tenant_id, email, first_name, last_name, phone, quantity, price_per_unit, total_amount, tax_amount, platform_fee_amount, discount_code_id, discount_amount, service_fee, final_amount, net_payout_amount, status, payment_method, payment_reference, stripe_checkout_session_id, stripe_payment_intent_id, purchase_date, confirmation_sent_at, refund_amount, refund_date, refund_reason, stripe_customer_id, stripe_payment_status, stripe_customer_email, stripe_payment_currency, stripe_amount_discount, stripe_amount_tax, stripe_fee_amount, qr_code_image_url, event_id, user_id, created_at, updated_at, number_of_guests_checked_in, check_in_status, check_in_time, check_out_time) VALUES (5555, 'tenant_demo_002', 'giventauser@gmail.com', NULL, NULL, NULL, 1, 20.00, 20.00, NULL, NULL, NULL, NULL, NULL, 20.00, 19.12, 'COMPLETED', NULL, 'pi_3STmDqK5BrggeAHM0YUtINHB', NULL, 'pi_3STmDqK5BrggeAHM0YUtINHB', '2025-11-15 16:21:11.136355', '2025-11-15 16:27:53.025447', NULL, NULL, NULL, NULL, 'succeeded', NULL, 'USD', NULL, NULL, 0.88, 'https://eventapp-media-bucket.s3.us-east-2.amazonaws.com/default/events/tenantId/tenant_demo_002/event-id/2/tickets/qrcode_5555_1763223687070_7844f0aa.png', 2, NULL, '2025-11-15 16:21:27.049283', '2025-11-15 16:27:53.025447', NULL, NULL, NULL, NULL);
INSERT INTO public.event_ticket_transaction (id, tenant_id, email, first_name, last_name, phone, quantity, price_per_unit, total_amount, tax_amount, platform_fee_amount, discount_code_id, discount_amount, service_fee, final_amount, net_payout_amount, status, payment_method, payment_reference, stripe_checkout_session_id, stripe_payment_intent_id, purchase_date, confirmation_sent_at, refund_amount, refund_date, refund_reason, stripe_customer_id, stripe_payment_status, stripe_customer_email, stripe_payment_currency, stripe_amount_discount, stripe_amount_tax, stripe_fee_amount, qr_code_image_url, event_id, user_id, created_at, updated_at, number_of_guests_checked_in, check_in_status, check_in_time, check_out_time) VALUES (7501, 'tenant_demo_002', 'giventauser@gmail.com', NULL, NULL, '3123430073', 1, 0.70, 0.70, NULL, NULL, NULL, NULL, NULL, 0.70, NULL, 'PENDING', NULL, NULL, NULL, NULL, '2026-01-19 06:16:28.380574', NULL, NULL, NULL, NULL, NULL, NULL, NULL, NULL, NULL, NULL, NULL, NULL, 4201, NULL, '2026-01-19 06:16:28.380574', '2026-01-19 06:16:28.380574', NULL, NULL, NULL, NULL);
INSERT INTO public.event_ticket_transaction (id, tenant_id, email, first_name, last_name, phone, quantity, price_per_unit, total_amount, tax_amount, platform_fee_amount, discount_code_id, discount_amount, service_fee, final_amount, net_payout_amount, status, payment_method, payment_reference, stripe_checkout_session_id, stripe_payment_intent_id, purchase_date, confirmation_sent_at, refund_amount, refund_date, refund_reason, stripe_customer_id, stripe_payment_status, stripe_customer_email, stripe_payment_currency, stripe_amount_discount, stripe_amount_tax, stripe_fee_amount, qr_code_image_url, event_id, user_id, created_at, updated_at, number_of_guests_checked_in, check_in_status, check_in_time, check_out_time) VALUES (7502, 'tenant_demo_002', 'giventauser@gmail.com', NULL, NULL, '3123430073', 1, 0.60, 0.60, NULL, NULL, NULL, NULL, NULL, 0.60, NULL, 'PENDING', NULL, NULL, NULL, NULL, '2026-01-19 06:29:19.829925', NULL, NULL, NULL, NULL, NULL, NULL, NULL, NULL, NULL, NULL, NULL, NULL, 4201, NULL, '2026-01-19 06:29:19.829925', '2026-01-19 06:29:19.829925', NULL, NULL, NULL, NULL);
INSERT INTO public.event_ticket_transaction (id, tenant_id, email, first_name, last_name, phone, quantity, price_per_unit, total_amount, tax_amount, platform_fee_amount, discount_code_id, discount_amount, service_fee, final_amount, net_payout_amount, status, payment_method, payment_reference, stripe_checkout_session_id, stripe_payment_intent_id, purchase_date, confirmation_sent_at, refund_amount, refund_date, refund_reason, stripe_customer_id, stripe_payment_status, stripe_customer_email, stripe_payment_currency, stripe_amount_discount, stripe_amount_tax, stripe_fee_amount, qr_code_image_url, event_id, user_id, created_at, updated_at, number_of_guests_checked_in, check_in_status, check_in_time, check_out_time) VALUES (7701, 'tenant_demo_002', 'giventauser@gmail.com', 'Gain', 'Joseph', NULL, 1, 0.70, 0.70, NULL, NULL, NULL, NULL, NULL, 0.70, NULL, 'COMPLETED', 'pm_1SsScYK5BrggeAHMriZTSpCj', 'pi_3SsScNK5BrggeAHM0xRXHn7i', NULL, 'pi_3SsScNK5BrggeAHM0xRXHn7i', '2026-01-22 18:28:31.074037', '2026-01-22 20:14:35.036197', NULL, NULL, NULL, NULL, 'succeeded', NULL, 'USD', NULL, NULL, NULL, 'https://eventapp-media-bucket.s3.us-east-2.amazonaws.com/dev/events/tenantId/tenant_demo_002/event-id/4202/tickets/qrcode_7701_1769106561066_954b5421.png', 4202, NULL, '2026-01-22 18:29:19.881207', '2026-01-22 20:14:35.036197', NULL, NULL, NULL, NULL);
INSERT INTO public.event_ticket_transaction (id, tenant_id, email, first_name, last_name, phone, quantity, price_per_unit, total_amount, tax_amount, platform_fee_amount, discount_code_id, discount_amount, service_fee, final_amount, net_payout_amount, status, payment_method, payment_reference, stripe_checkout_session_id, stripe_payment_intent_id, purchase_date, confirmation_sent_at, refund_amount, refund_date, refund_reason, stripe_customer_id, stripe_payment_status, stripe_customer_email, stripe_payment_currency, stripe_amount_discount, stripe_amount_tax, stripe_fee_amount, qr_code_image_url, event_id, user_id, created_at, updated_at, number_of_guests_checked_in, check_in_status, check_in_time, check_out_time) VALUES (7702, 'tenant_demo_002', 'giventauser@gmail.com', NULL, NULL, NULL, 1, 0.70, 0.70, NULL, NULL, NULL, NULL, NULL, 0.70, NULL, 'COMPLETED', 'pm_1SsTCyK5BrggeAHM2XVeZJtw', 'pi_3SsTCZK5BrggeAHM1xBJUS15', NULL, 'pi_3SsTCZK5BrggeAHM1xBJUS15', '2026-01-22 19:05:54.539469', '2026-01-22 20:14:34.978089', NULL, NULL, NULL, NULL, 'succeeded', NULL, 'USD', NULL, NULL, NULL, 'https://eventapp-media-bucket.s3.us-east-2.amazonaws.com/dev/events/tenantId/tenant_demo_002/event-id/4202/tickets/qrcode_7702_1769108791919_05edd379.png', 4202, NULL, '2026-01-22 19:06:31.473674', '2026-01-22 20:14:34.978089', NULL, NULL, NULL, NULL);
INSERT INTO public.event_ticket_transaction (id, tenant_id, email, first_name, last_name, phone, quantity, price_per_unit, total_amount, tax_amount, platform_fee_amount, discount_code_id, discount_amount, service_fee, final_amount, net_payout_amount, status, payment_method, payment_reference, stripe_checkout_session_id, stripe_payment_intent_id, purchase_date, confirmation_sent_at, refund_amount, refund_date, refund_reason, stripe_customer_id, stripe_payment_status, stripe_customer_email, stripe_payment_currency, stripe_amount_discount, stripe_amount_tax, stripe_fee_amount, qr_code_image_url, event_id, user_id, created_at, updated_at, number_of_guests_checked_in, check_in_status, check_in_time, check_out_time) VALUES (7703, 'tenant_demo_002', 'giventauser@gmail.com', NULL, NULL, NULL, 1, 0.70, 0.70, NULL, NULL, NULL, NULL, NULL, 0.70, NULL, 'COMPLETED', 'pm_1SsTWcK5BrggeAHMI750rW5d', 'pi_3SsTWFK5BrggeAHM1xnFIYIQ', NULL, 'pi_3SsTWFK5BrggeAHM1xnFIYIQ', '2026-01-22 19:26:14.167919', '2026-01-22 20:14:39.311342', NULL, NULL, NULL, NULL, 'succeeded', NULL, 'USD', NULL, NULL, NULL, 'https://eventapp-media-bucket.s3.us-east-2.amazonaws.com/dev/events/tenantId/tenant_demo_002/event-id/4202/tickets/qrcode_7703_1769110014339_93759ee5.png', 4202, NULL, '2026-01-22 19:26:53.608811', '2026-01-22 20:14:39.311342', NULL, NULL, NULL, NULL);
INSERT INTO public.event_ticket_transaction (id, tenant_id, email, first_name, last_name, phone, quantity, price_per_unit, total_amount, tax_amount, platform_fee_amount, discount_code_id, discount_amount, service_fee, final_amount, net_payout_amount, status, payment_method, payment_reference, stripe_checkout_session_id, stripe_payment_intent_id, purchase_date, confirmation_sent_at, refund_amount, refund_date, refund_reason, stripe_customer_id, stripe_payment_status, stripe_customer_email, stripe_payment_currency, stripe_amount_discount, stripe_amount_tax, stripe_fee_amount, qr_code_image_url, event_id, user_id, created_at, updated_at, number_of_guests_checked_in, check_in_status, check_in_time, check_out_time) VALUES (7851, 'tenant_demo_002', 'giventauser@gmail.com', NULL, NULL, NULL, 1, 0.70, 0.70, NULL, NULL, NULL, NULL, NULL, 0.70, NULL, 'COMPLETED', 'pm_1SsUcfK5BrggeAHMJBtuGFcC', 'pi_3SsUcWK5BrggeAHM1itIhato', NULL, 'pi_3SsUcWK5BrggeAHM1itIhato', '2026-01-22 20:36:47.677362', '2026-01-22 20:37:07.812897', NULL, NULL, NULL, NULL, 'succeeded', NULL, 'USD', NULL, NULL, NULL, 'https://eventapp-media-bucket.s3.us-east-2.amazonaws.com/dev/events/tenantId/tenant_demo_002/event-id/4202/tickets/qrcode_7851_1769114227315_f719371a.png', 4202, NULL, '2026-01-22 20:37:06.668316', '2026-01-22 20:37:07.812897', NULL, NULL, NULL, NULL);
INSERT INTO public.event_ticket_transaction (id, tenant_id, email, first_name, last_name, phone, quantity, price_per_unit, total_amount, tax_amount, platform_fee_amount, discount_code_id, discount_amount, service_fee, final_amount, net_payout_amount, status, payment_method, payment_reference, stripe_checkout_session_id, stripe_payment_intent_id, purchase_date, confirmation_sent_at, refund_amount, refund_date, refund_reason, stripe_customer_id, stripe_payment_status, stripe_customer_email, stripe_payment_currency, stripe_amount_discount, stripe_amount_tax, stripe_fee_amount, qr_code_image_url, event_id, user_id, created_at, updated_at, number_of_guests_checked_in, check_in_status, check_in_time, check_out_time) VALUES (8001, 'tenant_demo_002', 'giventauser@gmail.com', NULL, NULL, NULL, 2, 1.30, 1.30, NULL, NULL, NULL, NULL, NULL, 1.30, NULL, 'COMPLETED', 'pm_1SsV6GK5BrggeAHML8Lypuow', 'pi_3SsV63K5BrggeAHM1GBIUnrH', NULL, 'pi_3SsV63K5BrggeAHM1GBIUnrH', '2026-01-22 21:07:18.740541', '2026-01-22 21:07:46.331884', NULL, NULL, NULL, NULL, 'succeeded', NULL, 'USD', NULL, NULL, NULL, 'https://eventapp-media-bucket.s3.us-east-2.amazonaws.com/dev/events/tenantId/tenant_demo_002/event-id/4202/tickets/qrcode_8001_1769116065435_cc21bf1e.png', 4202, NULL, '2026-01-22 21:07:44.227848', '2026-01-22 21:07:46.331884', NULL, NULL, NULL, NULL);
INSERT INTO public.event_ticket_transaction (id, tenant_id, email, first_name, last_name, phone, quantity, price_per_unit, total_amount, tax_amount, platform_fee_amount, discount_code_id, discount_amount, service_fee, final_amount, net_payout_amount, status, payment_method, payment_reference, stripe_checkout_session_id, stripe_payment_intent_id, purchase_date, confirmation_sent_at, refund_amount, refund_date, refund_reason, stripe_customer_id, stripe_payment_status, stripe_customer_email, stripe_payment_currency, stripe_amount_discount, stripe_amount_tax, stripe_fee_amount, qr_code_image_url, event_id, user_id, created_at, updated_at, number_of_guests_checked_in, check_in_status, check_in_time, check_out_time) VALUES (8201, 'tenant_demo_002', 'giventauser@gmail.com', NULL, NULL, '3123430073', 1, 0.70, 0.70, NULL, NULL, NULL, NULL, NULL, 0.70, NULL, 'PENDING', NULL, NULL, NULL, NULL, '2026-01-22 22:54:32.954392', NULL, NULL, NULL, NULL, NULL, NULL, NULL, NULL, NULL, NULL, NULL, NULL, 4201, NULL, '2026-01-22 22:54:32.954392', '2026-01-22 22:54:32.954392', NULL, NULL, NULL, NULL);
INSERT INTO public.event_ticket_transaction (id, tenant_id, email, first_name, last_name, phone, quantity, price_per_unit, total_amount, tax_amount, platform_fee_amount, discount_code_id, discount_amount, service_fee, final_amount, net_payout_amount, status, payment_method, payment_reference, stripe_checkout_session_id, stripe_payment_intent_id, purchase_date, confirmation_sent_at, refund_amount, refund_date, refund_reason, stripe_customer_id, stripe_payment_status, stripe_customer_email, stripe_payment_currency, stripe_amount_discount, stripe_amount_tax, stripe_fee_amount, qr_code_image_url, event_id, user_id, created_at, updated_at, number_of_guests_checked_in, check_in_status, check_in_time, check_out_time) VALUES (8202, 'tenant_demo_002', 'giventauser@gmail.com', 'Gain', 'Joseph', NULL, 1, 0.70, 0.70, NULL, NULL, NULL, NULL, NULL, 0.70, NULL, 'COMPLETED', 'pm_1SsWmlK5BrggeAHMwmDl0YfQ', 'pi_3SsWmbK5BrggeAHM1TDRrtXl', NULL, 'pi_3SsWmbK5BrggeAHM1TDRrtXl', '2026-01-22 22:55:20.981687', '2026-01-22 22:55:57.65659', NULL, NULL, NULL, NULL, 'succeeded', NULL, 'USD', NULL, NULL, NULL, 'https://eventapp-media-bucket.s3.us-east-2.amazonaws.com/dev/events/tenantId/tenant_demo_002/event-id/2/tickets/qrcode_8202_1769122557126_22fb272f.png', 2, NULL, '2026-01-22 22:55:56.300113', '2026-01-22 22:55:57.65659', NULL, NULL, NULL, NULL);


--
-- Data for Name: user_payment_transaction; Type: TABLE DATA; Schema: public; Owner: event_site_admin
--

INSERT INTO public.user_payment_transaction (id, tenant_id, transaction_type, amount, currency, stripe_payment_intent_id, stripe_transfer_group, platform_fee_amount, tenant_amount, status, processing_fee, metadata, external_transaction_id, payment_method, failure_reason, reconciliation_date, event_id, ticket_transaction_id, created_at, updated_at) VALUES (1, 'tenant_demo_001', 'TICKET_SALE', 100.00, 'USD', NULL, NULL, 0.00, 0.00, 'COMPLETED', 0.00, NULL, NULL, 'CARD', NULL, NULL, 1, 1, '2025-06-22 11:31:27.614757', '2025-06-22 11:31:27.614757');
INSERT INTO public.user_payment_transaction (id, tenant_id, transaction_type, amount, currency, stripe_payment_intent_id, stripe_transfer_group, platform_fee_amount, tenant_amount, status, processing_fee, metadata, external_transaction_id, payment_method, failure_reason, reconciliation_date, event_id, ticket_transaction_id, created_at, updated_at) VALUES (2, 'tenant_demo_001', 'SUBSCRIPTION', 200.00, 'USD', NULL, NULL, 0.00, 0.00, 'COMPLETED', 0.00, NULL, NULL, 'CARD', NULL, NULL, 2, NULL, '2025-06-22 11:31:27.614757', '2025-06-22 11:31:27.614757');
INSERT INTO public.user_payment_transaction (id, tenant_id, transaction_type, amount, currency, stripe_payment_intent_id, stripe_transfer_group, platform_fee_amount, tenant_amount, status, processing_fee, metadata, external_transaction_id, payment_method, failure_reason, reconciliation_date, event_id, ticket_transaction_id, created_at, updated_at) VALUES (3, 'tenant_demo_001', 'COMMISSION', 50.00, 'USD', NULL, NULL, 0.00, 0.00, 'PENDING', 0.00, NULL, NULL, 'CASH', NULL, NULL, 3, 2, '2025-06-22 11:31:27.614757', '2025-06-22 11:31:27.614757');
INSERT INTO public.user_payment_transaction (id, tenant_id, transaction_type, amount, currency, stripe_payment_intent_id, stripe_transfer_group, platform_fee_amount, tenant_amount, status, processing_fee, metadata, external_transaction_id, payment_method, failure_reason, reconciliation_date, event_id, ticket_transaction_id, created_at, updated_at) VALUES (4, 'tenant_demo_001', 'REFUND', 75.00, 'USD', NULL, NULL, 0.00, 0.00, 'FAILED', 0.00, NULL, NULL, 'CARD', NULL, NULL, 4, 3, '2025-06-22 11:31:27.614757', '2025-06-22 11:31:27.614757');
INSERT INTO public.user_payment_transaction (id, tenant_id, transaction_type, amount, currency, stripe_payment_intent_id, stripe_transfer_group, platform_fee_amount, tenant_amount, status, processing_fee, metadata, external_transaction_id, payment_method, failure_reason, reconciliation_date, event_id, ticket_transaction_id, created_at, updated_at) VALUES (5, 'tenant_demo_001', 'TICKET_SALE', 120.00, 'USD', NULL, NULL, 0.00, 0.00, 'COMPLETED', 0.00, NULL, NULL, 'CARD', NULL, NULL, 5, 4, '2025-06-22 11:31:27.614757', '2025-06-22 11:31:27.614757');
INSERT INTO public.user_payment_transaction (id, tenant_id, transaction_type, amount, currency, stripe_payment_intent_id, stripe_transfer_group, platform_fee_amount, tenant_amount, status, processing_fee, metadata, external_transaction_id, payment_method, failure_reason, reconciliation_date, event_id, ticket_transaction_id, created_at, updated_at) VALUES (6, 'tenant_demo_001', 'SUBSCRIPTION', 60.00, 'USD', NULL, NULL, 0.00, 0.00, 'REFUNDED', 0.00, NULL, NULL, 'CASH', NULL, NULL, 6, NULL, '2025-06-22 11:31:27.614757', '2025-06-22 11:31:27.614757');
INSERT INTO public.user_payment_transaction (id, tenant_id, transaction_type, amount, currency, stripe_payment_intent_id, stripe_transfer_group, platform_fee_amount, tenant_amount, status, processing_fee, metadata, external_transaction_id, payment_method, failure_reason, reconciliation_date, event_id, ticket_transaction_id, created_at, updated_at) VALUES (4351, 'tenant_demo_002', 'TICKET_SALE', 20.00, 'USD', NULL, NULL, NULL, NULL, 'PENDING', NULL, '{"externalTransactionId":"pi_3STD6GK5BrggeAHM08f9v2YJ","stripePaymentIntentId":"pi_3STD6GK5BrggeAHM08f9v2YJ"}', 'pi_3STD6GK5BrggeAHM08f9v2YJ', NULL, NULL, NULL, NULL, NULL, '2025-11-14 02:50:59.298721', '2025-11-14 02:50:59.298721');
INSERT INTO public.user_payment_transaction (id, tenant_id, transaction_type, amount, currency, stripe_payment_intent_id, stripe_transfer_group, platform_fee_amount, tenant_amount, status, processing_fee, metadata, external_transaction_id, payment_method, failure_reason, reconciliation_date, event_id, ticket_transaction_id, created_at, updated_at) VALUES (7253, 'tenant_demo_002', 'TICKET_SALE', 0.70, 'USD', 'pi_3SWNU0K5BrggeAHM1VArVY0L', NULL, NULL, NULL, 'PENDING', NULL, '{"provider":"STRIPE","customerEmail":"giventauser@gmail.com","externalTransactionId":"pi_3SWNU0K5BrggeAHM1VArVY0L","email":"giventauser@gmail.com","customerName":"Gain Joseph","stripePaymentIntentId":"pi_3SWNU0K5BrggeAHM1VArVY0L"}', 'pi_3SWNU0K5BrggeAHM1VArVY0L', NULL, NULL, NULL, 2, NULL, '2025-11-22 20:32:36.739296', '2025-11-22 20:32:36.739296');
INSERT INTO public.user_payment_transaction (id, tenant_id, transaction_type, amount, currency, stripe_payment_intent_id, stripe_transfer_group, platform_fee_amount, tenant_amount, status, processing_fee, metadata, external_transaction_id, payment_method, failure_reason, reconciliation_date, event_id, ticket_transaction_id, created_at, updated_at) VALUES (7252, 'tenant_demo_002', 'TICKET_SALE', 0.70, 'USD', 'pi_3SWNU0K5BrggeAHM1N5flp0m', NULL, NULL, NULL, 'PENDING', NULL, '{"provider":"STRIPE","customerEmail":"giventauser@gmail.com","externalTransactionId":"pi_3SWNU0K5BrggeAHM1N5flp0m","email":"giventauser@gmail.com","customerName":"Gain","stripePaymentIntentId":"pi_3SWNU0K5BrggeAHM1N5flp0m"}', 'pi_3SWNU0K5BrggeAHM1N5flp0m', NULL, NULL, NULL, 2, NULL, '2025-11-22 20:32:36.739296', '2025-11-22 20:32:36.739296');
INSERT INTO public.user_payment_transaction (id, tenant_id, transaction_type, amount, currency, stripe_payment_intent_id, stripe_transfer_group, platform_fee_amount, tenant_amount, status, processing_fee, metadata, external_transaction_id, payment_method, failure_reason, reconciliation_date, event_id, ticket_transaction_id, created_at, updated_at) VALUES (7251, 'tenant_demo_002', 'TICKET_SALE', 0.70, 'USD', 'pi_3SWNU0K5BrggeAHM0xcWF7ap', NULL, NULL, NULL, 'PENDING', NULL, '{"provider":"STRIPE","customerEmail":"giventauser@gmail.com","externalTransactionId":"pi_3SWNU0K5BrggeAHM0xcWF7ap","email":"giventauser@gmail.com","customerName":"Gain Joseph","stripePaymentIntentId":"pi_3SWNU0K5BrggeAHM0xcWF7ap"}', 'pi_3SWNU0K5BrggeAHM0xcWF7ap', NULL, NULL, NULL, 2, NULL, '2025-11-22 20:32:36.739296', '2025-11-22 20:32:36.739296');
INSERT INTO public.user_payment_transaction (id, tenant_id, transaction_type, amount, currency, stripe_payment_intent_id, stripe_transfer_group, platform_fee_amount, tenant_amount, status, processing_fee, metadata, external_transaction_id, payment_method, failure_reason, reconciliation_date, event_id, ticket_transaction_id, created_at, updated_at) VALUES (7254, 'tenant_demo_002', 'TICKET_SALE', 0.70, 'USD', 'pi_3SWNl3K5BrggeAHM1buNcMu4', NULL, NULL, NULL, 'PENDING', NULL, '{"provider":"STRIPE","customerEmail":"giventauser@gmail.com","externalTransactionId":"pi_3SWNl3K5BrggeAHM1buNcMu4","email":"giventauser@gmail.com","customerName":"Gain Joseph","stripePaymentIntentId":"pi_3SWNl3K5BrggeAHM1buNcMu4"}', 'pi_3SWNl3K5BrggeAHM1buNcMu4', NULL, NULL, NULL, 2, NULL, '2025-11-22 20:50:13.216592', '2025-11-22 20:50:13.216592');
INSERT INTO public.user_payment_transaction (id, tenant_id, transaction_type, amount, currency, stripe_payment_intent_id, stripe_transfer_group, platform_fee_amount, tenant_amount, status, processing_fee, metadata, external_transaction_id, payment_method, failure_reason, reconciliation_date, event_id, ticket_transaction_id, created_at, updated_at) VALUES (7255, 'tenant_demo_002', 'TICKET_SALE', 0.70, 'USD', 'pi_3SWNl3K5BrggeAHM00c7JUnS', NULL, NULL, NULL, 'PENDING', NULL, '{"provider":"STRIPE","customerEmail":"giventauser@gmail.com","externalTransactionId":"pi_3SWNl3K5BrggeAHM00c7JUnS","email":"giventauser@gmail.com","customerName":"Gain","stripePaymentIntentId":"pi_3SWNl3K5BrggeAHM00c7JUnS"}', 'pi_3SWNl3K5BrggeAHM00c7JUnS', NULL, NULL, NULL, 2, NULL, '2025-11-22 20:50:13.244389', '2025-11-22 20:50:13.244389');
INSERT INTO public.user_payment_transaction (id, tenant_id, transaction_type, amount, currency, stripe_payment_intent_id, stripe_transfer_group, platform_fee_amount, tenant_amount, status, processing_fee, metadata, external_transaction_id, payment_method, failure_reason, reconciliation_date, event_id, ticket_transaction_id, created_at, updated_at) VALUES (7256, 'tenant_demo_002', 'TICKET_SALE', 0.70, 'USD', 'pi_3SWNl3K5BrggeAHM095xo7At', NULL, NULL, NULL, 'PENDING', NULL, '{"provider":"STRIPE","customerEmail":"giventauser@gmail.com","externalTransactionId":"pi_3SWNl3K5BrggeAHM095xo7At","email":"giventauser@gmail.com","customerName":"Gain Joseph","stripePaymentIntentId":"pi_3SWNl3K5BrggeAHM095xo7At"}', 'pi_3SWNl3K5BrggeAHM095xo7At', NULL, NULL, NULL, 2, NULL, '2025-11-22 20:50:13.29503', '2025-11-22 20:50:13.29503');
INSERT INTO public.user_payment_transaction (id, tenant_id, transaction_type, amount, currency, stripe_payment_intent_id, stripe_transfer_group, platform_fee_amount, tenant_amount, status, processing_fee, metadata, external_transaction_id, payment_method, failure_reason, reconciliation_date, event_id, ticket_transaction_id, created_at, updated_at) VALUES (7257, 'tenant_demo_002', 'TICKET_SALE', 1.30, 'USD', 'pi_3SWNwaK5BrggeAHM1m9puEeQ', NULL, NULL, NULL, 'PENDING', NULL, '{"provider":"STRIPE","customerEmail":"giventauser@gmail.com","externalTransactionId":"pi_3SWNwaK5BrggeAHM1m9puEeQ","email":"giventauser@gmail.com","customerName":"Gain","stripePaymentIntentId":"pi_3SWNwaK5BrggeAHM1m9puEeQ"}', 'pi_3SWNwaK5BrggeAHM1m9puEeQ', NULL, NULL, NULL, 2, NULL, '2025-11-22 21:02:08.489076', '2025-11-22 21:02:08.489076');
INSERT INTO public.user_payment_transaction (id, tenant_id, transaction_type, amount, currency, stripe_payment_intent_id, stripe_transfer_group, platform_fee_amount, tenant_amount, status, processing_fee, metadata, external_transaction_id, payment_method, failure_reason, reconciliation_date, event_id, ticket_transaction_id, created_at, updated_at) VALUES (7258, 'tenant_demo_002', 'TICKET_SALE', 1.30, 'USD', 'pi_3SWNwaK5BrggeAHM14SfE8mi', NULL, NULL, NULL, 'PENDING', NULL, '{"provider":"STRIPE","customerEmail":"giventauser@gmail.com","externalTransactionId":"pi_3SWNwaK5BrggeAHM14SfE8mi","email":"giventauser@gmail.com","customerName":"Gain Joseph","stripePaymentIntentId":"pi_3SWNwaK5BrggeAHM14SfE8mi"}', 'pi_3SWNwaK5BrggeAHM14SfE8mi', NULL, NULL, NULL, 2, NULL, '2025-11-22 21:02:08.518562', '2025-11-22 21:02:08.518562');
INSERT INTO public.user_payment_transaction (id, tenant_id, transaction_type, amount, currency, stripe_payment_intent_id, stripe_transfer_group, platform_fee_amount, tenant_amount, status, processing_fee, metadata, external_transaction_id, payment_method, failure_reason, reconciliation_date, event_id, ticket_transaction_id, created_at, updated_at) VALUES (7259, 'tenant_demo_002', 'TICKET_SALE', 1.30, 'USD', 'pi_3SWNwaK5BrggeAHM1sFs2Y00', NULL, NULL, NULL, 'PENDING', NULL, '{"provider":"STRIPE","customerEmail":"giventauser@gmail.com","externalTransactionId":"pi_3SWNwaK5BrggeAHM1sFs2Y00","email":"giventauser@gmail.com","customerName":"Gain Joseph","stripePaymentIntentId":"pi_3SWNwaK5BrggeAHM1sFs2Y00"}', 'pi_3SWNwaK5BrggeAHM1sFs2Y00', NULL, NULL, NULL, 2, NULL, '2025-11-22 21:02:08.522524', '2025-11-22 21:02:08.522524');
INSERT INTO public.user_payment_transaction (id, tenant_id, transaction_type, amount, currency, stripe_payment_intent_id, stripe_transfer_group, platform_fee_amount, tenant_amount, status, processing_fee, metadata, external_transaction_id, payment_method, failure_reason, reconciliation_date, event_id, ticket_transaction_id, created_at, updated_at) VALUES (4201, 'tenant_demo_002', 'TICKET_SALE', 0.70, 'USD', 'pi_3SaT53K5BrggeAHM01w6W6nT', NULL, NULL, NULL, 'PENDING', NULL, '{"provider":"STRIPE","customerEmail":"giventauser@gmail.com","externalTransactionId":"pi_3SaT53K5BrggeAHM01w6W6nT","email":"giventauser@gmail.com","customerName":"Gain Joseph","stripePaymentIntentId":"pi_3SaT53K5BrggeAHM01w6W6nT"}', 'pi_3SaT53K5BrggeAHM01w6W6nT', NULL, NULL, NULL, 2, NULL, '2025-12-04 03:19:45.895587', '2025-12-04 03:19:45.895587');
INSERT INTO public.user_payment_transaction (id, tenant_id, transaction_type, amount, currency, stripe_payment_intent_id, stripe_transfer_group, platform_fee_amount, tenant_amount, status, processing_fee, metadata, external_transaction_id, payment_method, failure_reason, reconciliation_date, event_id, ticket_transaction_id, created_at, updated_at) VALUES (4202, 'tenant_demo_002', 'TICKET_SALE', 0.70, 'USD', 'pi_3SaTBRK5BrggeAHM0jsC3I7T', NULL, NULL, NULL, 'PENDING', NULL, '{"provider":"STRIPE","customerEmail":"giventauser@gmail.com","externalTransactionId":"pi_3SaTBRK5BrggeAHM0jsC3I7T","email":"giventauser@gmail.com","customerName":"Gain Joseph","stripePaymentIntentId":"pi_3SaTBRK5BrggeAHM0jsC3I7T"}', 'pi_3SaTBRK5BrggeAHM0jsC3I7T', NULL, NULL, NULL, 2, NULL, '2025-12-04 03:26:21.739917', '2025-12-04 03:26:21.739917');
INSERT INTO public.user_payment_transaction (id, tenant_id, transaction_type, amount, currency, stripe_payment_intent_id, stripe_transfer_group, platform_fee_amount, tenant_amount, status, processing_fee, metadata, external_transaction_id, payment_method, failure_reason, reconciliation_date, event_id, ticket_transaction_id, created_at, updated_at) VALUES (7401, 'tenant_demo_002', 'TICKET_SALE', 0.70, 'USD', 'pi_3SrBh0K5BrggeAHM1bjWoKR5', NULL, NULL, NULL, 'PENDING', NULL, '{"provider":"STRIPE","customerEmail":"giventauser@gmail.com","externalTransactionId":"pi_3SrBh0K5BrggeAHM1bjWoKR5","email":"giventauser@gmail.com","customerName":"Gain Joseph","stripePaymentIntentId":"pi_3SrBh0K5BrggeAHM1bjWoKR5"}', 'pi_3SrBh0K5BrggeAHM1bjWoKR5', NULL, NULL, NULL, 4201, NULL, '2026-01-19 06:12:02.076253', '2026-01-19 06:12:02.076253');
INSERT INTO public.user_payment_transaction (id, tenant_id, transaction_type, amount, currency, stripe_payment_intent_id, stripe_transfer_group, platform_fee_amount, tenant_amount, status, processing_fee, metadata, external_transaction_id, payment_method, failure_reason, reconciliation_date, event_id, ticket_transaction_id, created_at, updated_at) VALUES (7651, 'tenant_demo_002', 'TICKET_SALE', 0.70, 'USD', 'pi_3SsScNK5BrggeAHM0xRXHn7i', NULL, NULL, NULL, 'PENDING', NULL, '{"provider":"STRIPE","customerEmail":"giventauser@gmail.com","externalTransactionId":"pi_3SsScNK5BrggeAHM0xRXHn7i","email":"giventauser@gmail.com","customerName":"Gain Joseph","stripePaymentIntentId":"pi_3SsScNK5BrggeAHM0xRXHn7i"}', 'pi_3SsScNK5BrggeAHM0xRXHn7i', NULL, NULL, NULL, 4202, NULL, '2026-01-22 18:28:31.074037', '2026-01-22 18:28:31.074037');
INSERT INTO public.user_payment_transaction (id, tenant_id, transaction_type, amount, currency, stripe_payment_intent_id, stripe_transfer_group, platform_fee_amount, tenant_amount, status, processing_fee, metadata, external_transaction_id, payment_method, failure_reason, reconciliation_date, event_id, ticket_transaction_id, created_at, updated_at) VALUES (7652, 'tenant_demo_002', 'TICKET_SALE', 0.70, 'USD', 'pi_3SsTCZK5BrggeAHM1xBJUS15', NULL, NULL, NULL, 'PENDING', NULL, '{"provider":"STRIPE","customerEmail":"giventauser@gmail.com","externalTransactionId":"pi_3SsTCZK5BrggeAHM1xBJUS15","email":"giventauser@gmail.com","stripePaymentIntentId":"pi_3SsTCZK5BrggeAHM1xBJUS15"}', 'pi_3SsTCZK5BrggeAHM1xBJUS15', NULL, NULL, NULL, 4202, NULL, '2026-01-22 19:05:54.539469', '2026-01-22 19:05:54.539469');
INSERT INTO public.user_payment_transaction (id, tenant_id, transaction_type, amount, currency, stripe_payment_intent_id, stripe_transfer_group, platform_fee_amount, tenant_amount, status, processing_fee, metadata, external_transaction_id, payment_method, failure_reason, reconciliation_date, event_id, ticket_transaction_id, created_at, updated_at) VALUES (7653, 'tenant_demo_002', 'TICKET_SALE', 0.70, 'USD', 'pi_3SsTWFK5BrggeAHM1xnFIYIQ', NULL, NULL, NULL, 'PENDING', NULL, '{"provider":"STRIPE","customerEmail":"giventauser@gmail.com","externalTransactionId":"pi_3SsTWFK5BrggeAHM1xnFIYIQ","email":"giventauser@gmail.com","stripePaymentIntentId":"pi_3SsTWFK5BrggeAHM1xnFIYIQ"}', 'pi_3SsTWFK5BrggeAHM1xnFIYIQ', NULL, NULL, NULL, 4202, NULL, '2026-01-22 19:26:14.167919', '2026-01-22 19:26:14.167919');
INSERT INTO public.user_payment_transaction (id, tenant_id, transaction_type, amount, currency, stripe_payment_intent_id, stripe_transfer_group, platform_fee_amount, tenant_amount, status, processing_fee, metadata, external_transaction_id, payment_method, failure_reason, reconciliation_date, event_id, ticket_transaction_id, created_at, updated_at) VALUES (7801, 'tenant_demo_002', 'TICKET_SALE', 0.70, 'USD', 'pi_3SsUcWK5BrggeAHM1itIhato', NULL, NULL, NULL, 'PENDING', NULL, '{"provider":"STRIPE","customerEmail":"giventauser@gmail.com","externalTransactionId":"pi_3SsUcWK5BrggeAHM1itIhato","email":"giventauser@gmail.com","stripePaymentIntentId":"pi_3SsUcWK5BrggeAHM1itIhato"}', 'pi_3SsUcWK5BrggeAHM1itIhato', NULL, NULL, NULL, 4202, NULL, '2026-01-22 20:36:47.677362', '2026-01-22 20:36:47.677362');
INSERT INTO public.user_payment_transaction (id, tenant_id, transaction_type, amount, currency, stripe_payment_intent_id, stripe_transfer_group, platform_fee_amount, tenant_amount, status, processing_fee, metadata, external_transaction_id, payment_method, failure_reason, reconciliation_date, event_id, ticket_transaction_id, created_at, updated_at) VALUES (7951, 'tenant_demo_002', 'TICKET_SALE', 1.30, 'USD', 'pi_3SsV63K5BrggeAHM1GBIUnrH', NULL, NULL, NULL, 'PENDING', NULL, '{"provider":"STRIPE","customerEmail":"giventauser@gmail.com","externalTransactionId":"pi_3SsV63K5BrggeAHM1GBIUnrH","email":"giventauser@gmail.com","stripePaymentIntentId":"pi_3SsV63K5BrggeAHM1GBIUnrH"}', 'pi_3SsV63K5BrggeAHM1GBIUnrH', NULL, NULL, NULL, 4202, NULL, '2026-01-22 21:07:18.740541', '2026-01-22 21:07:18.740541');
INSERT INTO public.user_payment_transaction (id, tenant_id, transaction_type, amount, currency, stripe_payment_intent_id, stripe_transfer_group, platform_fee_amount, tenant_amount, status, processing_fee, metadata, external_transaction_id, payment_method, failure_reason, reconciliation_date, event_id, ticket_transaction_id, created_at, updated_at) VALUES (8101, 'tenant_demo_002', 'TICKET_SALE', 0.70, 'USD', 'pi_3SsVydK5BrggeAHM0JpvXl0N', NULL, NULL, NULL, 'PENDING', NULL, '{"provider":"STRIPE","customerEmail":"giventauser@gmail.com","externalTransactionId":"pi_3SsVydK5BrggeAHM0JpvXl0N","email":"giventauser@gmail.com","customerName":"Gain Joseph","stripePaymentIntentId":"pi_3SsVydK5BrggeAHM0JpvXl0N"}', 'pi_3SsVydK5BrggeAHM0JpvXl0N', NULL, NULL, NULL, 4202, NULL, '2026-01-22 22:03:43.094995', '2026-01-22 22:03:43.094995');
INSERT INTO public.user_payment_transaction (id, tenant_id, transaction_type, amount, currency, stripe_payment_intent_id, stripe_transfer_group, platform_fee_amount, tenant_amount, status, processing_fee, metadata, external_transaction_id, payment_method, failure_reason, reconciliation_date, event_id, ticket_transaction_id, created_at, updated_at) VALUES (8102, 'tenant_demo_002', 'TICKET_SALE', 0.70, 'USD', 'pi_3SsVz1K5BrggeAHM0gqWFnBz', NULL, NULL, NULL, 'PENDING', NULL, '{"provider":"STRIPE","customerEmail":"giventauser@gmail.com","externalTransactionId":"pi_3SsVz1K5BrggeAHM0gqWFnBz","email":"giventauser@gmail.com","customerName":"Gain Joseph","stripePaymentIntentId":"pi_3SsVz1K5BrggeAHM0gqWFnBz"}', 'pi_3SsVz1K5BrggeAHM0gqWFnBz', NULL, NULL, NULL, 4202, NULL, '2026-01-22 22:04:06.238294', '2026-01-22 22:04:06.238294');
INSERT INTO public.user_payment_transaction (id, tenant_id, transaction_type, amount, currency, stripe_payment_intent_id, stripe_transfer_group, platform_fee_amount, tenant_amount, status, processing_fee, metadata, external_transaction_id, payment_method, failure_reason, reconciliation_date, event_id, ticket_transaction_id, created_at, updated_at) VALUES (8301, 'tenant_demo_002', 'TICKET_SALE', 0.70, 'USD', 'pi_3SsWmbK5BrggeAHM1TDRrtXl', NULL, NULL, NULL, 'PENDING', NULL, '{"provider":"STRIPE","customerEmail":"giventauser@gmail.com","externalTransactionId":"pi_3SsWmbK5BrggeAHM1TDRrtXl","email":"giventauser@gmail.com","customerName":"Gain Joseph","stripePaymentIntentId":"pi_3SsWmbK5BrggeAHM1TDRrtXl"}', 'pi_3SsWmbK5BrggeAHM1TDRrtXl', NULL, NULL, NULL, 2, NULL, '2026-01-22 22:55:20.981687', '2026-01-22 22:55:20.981687');


--
-- Data for Name: donation_transaction; Type: TABLE DATA; Schema: public; Owner: event_site_admin
--



--
-- Data for Name: email_log; Type: TABLE DATA; Schema: public; Owner: event_site_admin
--



--
-- Data for Name: event_admin; Type: TABLE DATA; Schema: public; Owner: event_site_admin
--

INSERT INTO public.event_admin (id, tenant_id, role, permissions, is_active, created_at, updated_at, user_id, created_by_id) VALUES (1, 'tenant_demo_001', 'ADMIN', '{CREATE_EVENT,EDIT_EVENT}', true, '2025-06-22 11:31:26.430806', '2025-06-22 11:31:26.430806', 2, 1);
INSERT INTO public.event_admin (id, tenant_id, role, permissions, is_active, created_at, updated_at, user_id, created_by_id) VALUES (2, 'tenant_demo_001', 'SUPER_ADMIN', '{ALL}', true, '2025-06-22 11:31:26.430806', '2025-06-22 11:31:26.430806', 5, 2);
INSERT INTO public.event_admin (id, tenant_id, role, permissions, is_active, created_at, updated_at, user_id, created_by_id) VALUES (3, 'tenant_demo_001', 'ORGANIZER', '{MANAGE_ATTENDEES}', true, '2025-06-22 11:31:26.430806', '2025-06-22 11:31:26.430806', 4, 2);
INSERT INTO public.event_admin (id, tenant_id, role, permissions, is_active, created_at, updated_at, user_id, created_by_id) VALUES (4, 'tenant_demo_001', 'VOLUNTEER', '{ASSIST}', true, '2025-06-22 11:31:26.430806', '2025-06-22 11:31:26.430806', 3, 1);
INSERT INTO public.event_admin (id, tenant_id, role, permissions, is_active, created_at, updated_at, user_id, created_by_id) VALUES (5, 'tenant_demo_001', 'MEMBER', '{VIEW}', true, '2025-06-22 11:31:26.430806', '2025-06-22 11:31:26.430806', 1, 2);
INSERT INTO public.event_admin (id, tenant_id, role, permissions, is_active, created_at, updated_at, user_id, created_by_id) VALUES (6, 'tenant_demo_001', 'ADMIN', '{CREATE_EVENT,EDIT_EVENT}', false, '2025-06-22 11:31:26.430806', '2025-06-22 11:31:26.430806', 6, 1);


--
-- Data for Name: event_admin_audit_log; Type: TABLE DATA; Schema: public; Owner: event_site_admin
--

INSERT INTO public.event_admin_audit_log (id, tenant_id, action, table_name, record_id, changes, old_values, new_values, ip_address, user_agent, session_id, created_at, admin_id) VALUES (1, 'tenant_demo_001', 'UPDATE', 'event_details', '1', '{"field": "title"}', '{"title": "Old"}', '{"title": "New"}', '192.168.1.1', 'Mozilla/5.0', 'sess1', '2025-06-22 11:31:26.48504', 1);
INSERT INTO public.event_admin_audit_log (id, tenant_id, action, table_name, record_id, changes, old_values, new_values, ip_address, user_agent, session_id, created_at, admin_id) VALUES (2, 'tenant_demo_001', 'INSERT', 'event_details', '2', '{"field": "caption"}', NULL, '{"caption": "Added"}', '192.168.1.2', 'Mozilla/5.0', 'sess2', '2025-06-22 11:31:26.48504', 2);
INSERT INTO public.event_admin_audit_log (id, tenant_id, action, table_name, record_id, changes, old_values, new_values, ip_address, user_agent, session_id, created_at, admin_id) VALUES (3, 'tenant_demo_001', 'DELETE', 'event_details', '3', NULL, '{"id": 3}', NULL, '192.168.1.3', 'Mozilla/5.0', 'sess3', '2025-06-22 11:31:26.48504', 3);
INSERT INTO public.event_admin_audit_log (id, tenant_id, action, table_name, record_id, changes, old_values, new_values, ip_address, user_agent, session_id, created_at, admin_id) VALUES (4, 'tenant_demo_001', 'UPDATE', 'event_admin', '4', '{"field": "role"}', '{"role": "MEMBER"}', '{"role": "ADMIN"}', '192.168.1.4', 'Mozilla/5.0', 'sess4', '2025-06-22 11:31:26.48504', 4);
INSERT INTO public.event_admin_audit_log (id, tenant_id, action, table_name, record_id, changes, old_values, new_values, ip_address, user_agent, session_id, created_at, admin_id) VALUES (5, 'tenant_demo_001', 'INSERT', 'event_admin', '5', '{"field": "permissions"}', NULL, '{"permissions": ["ALL"]}', '192.168.1.5', 'Mozilla/5.0', 'sess5', '2025-06-22 11:31:26.48504', 5);
INSERT INTO public.event_admin_audit_log (id, tenant_id, action, table_name, record_id, changes, old_values, new_values, ip_address, user_agent, session_id, created_at, admin_id) VALUES (6, 'tenant_demo_001', 'DELETE', 'event_admin', '6', NULL, '{"id": 6}', NULL, '192.168.1.6', 'Mozilla/5.0', 'sess6', '2025-06-22 11:31:26.48504', 6);


--
-- Data for Name: event_attendee; Type: TABLE DATA; Schema: public; Owner: event_site_admin
--

INSERT INTO public.event_attendee (id, tenant_id, event_id, user_id, registration_status, registration_date, confirmation_date, cancellation_date, cancellation_reason, attendee_type, special_requirements, dietary_restrictions, accessibility_needs, emergency_contact_name, emergency_contact_phone, emergency_contact_relationship, total_number_of_guests, number_of_guests_checked_in, check_in_status, check_in_time, check_out_time, attendance_rating, feedback, notes, admin_notes, qr_code_data, qr_code_generated, qr_code_generated_at, registration_source, waitlist_position, priority_score, created_at, updated_at, first_name, last_name, email, phone, is_member) VALUES (1, 'tenant_demo_001', 1, 1, 'CONFIRMED', '2025-06-22 11:31:26.559053', NULL, NULL, NULL, 'MEMBER', NULL, NULL, NULL, NULL, NULL, NULL, NULL, NULL, 'CHECKED_IN', NULL, NULL, NULL, NULL, NULL, NULL, 'ATTENDEE:1|EVENT:1|TENANT:tenant_demo_001|NAME:Alice Johnson|EVENT_TITLE:KHNJ Mega Onam 2025|TIMESTAMP:1773096660.090754|TYPE:MEMBER', true, '2026-03-09 22:51:00.090754', 'DIRECT', NULL, 0, '2025-06-22 11:31:26.559053', '2025-06-22 11:31:26.559053', 'Alice', 'Johnson', 'alice.johnson@example.com', '555-1001', true);
INSERT INTO public.event_attendee (id, tenant_id, event_id, user_id, registration_status, registration_date, confirmation_date, cancellation_date, cancellation_reason, attendee_type, special_requirements, dietary_restrictions, accessibility_needs, emergency_contact_name, emergency_contact_phone, emergency_contact_relationship, total_number_of_guests, number_of_guests_checked_in, check_in_status, check_in_time, check_out_time, attendance_rating, feedback, notes, admin_notes, qr_code_data, qr_code_generated, qr_code_generated_at, registration_source, waitlist_position, priority_score, created_at, updated_at, first_name, last_name, email, phone, is_member) VALUES (2, 'tenant_demo_001', 1, 2, 'CONFIRMED', '2025-06-22 11:31:26.559053', NULL, NULL, NULL, 'ADMIN', NULL, NULL, NULL, NULL, NULL, NULL, NULL, NULL, 'NOT_CHECKED_IN', NULL, NULL, NULL, NULL, NULL, NULL, 'ATTENDEE:2|EVENT:1|TENANT:tenant_demo_001|NAME:Bob Smith|EVENT_TITLE:KHNJ Mega Onam 2025|TIMESTAMP:1773096660.103295|TYPE:ADMIN', true, '2026-03-09 22:51:00.103295', 'DIRECT', NULL, 0, '2025-06-22 11:31:26.559053', '2025-06-22 11:31:26.559053', 'Bob', 'Smith', 'bob.smith@example.com', '555-1002', true);
INSERT INTO public.event_attendee (id, tenant_id, event_id, user_id, registration_status, registration_date, confirmation_date, cancellation_date, cancellation_reason, attendee_type, special_requirements, dietary_restrictions, accessibility_needs, emergency_contact_name, emergency_contact_phone, emergency_contact_relationship, total_number_of_guests, number_of_guests_checked_in, check_in_status, check_in_time, check_out_time, attendance_rating, feedback, notes, admin_notes, qr_code_data, qr_code_generated, qr_code_generated_at, registration_source, waitlist_position, priority_score, created_at, updated_at, first_name, last_name, email, phone, is_member) VALUES (3, 'tenant_demo_001', 2, 3, 'PENDING', '2025-06-22 11:31:26.559053', NULL, NULL, NULL, 'VOLUNTEER', NULL, NULL, NULL, NULL, NULL, NULL, NULL, NULL, 'NOT_CHECKED_IN', NULL, NULL, NULL, NULL, NULL, NULL, NULL, false, NULL, 'DIRECT', NULL, 0, '2025-06-22 11:31:26.559053', '2025-06-22 11:31:26.559053', 'Carol', 'Williams', 'carol.williams@example.com', '555-1003', false);
INSERT INTO public.event_attendee (id, tenant_id, event_id, user_id, registration_status, registration_date, confirmation_date, cancellation_date, cancellation_reason, attendee_type, special_requirements, dietary_restrictions, accessibility_needs, emergency_contact_name, emergency_contact_phone, emergency_contact_relationship, total_number_of_guests, number_of_guests_checked_in, check_in_status, check_in_time, check_out_time, attendance_rating, feedback, notes, admin_notes, qr_code_data, qr_code_generated, qr_code_generated_at, registration_source, waitlist_position, priority_score, created_at, updated_at, first_name, last_name, email, phone, is_member) VALUES (4, 'tenant_demo_001', 3, 4, 'WAITLISTED', '2025-06-22 11:31:26.559053', NULL, NULL, NULL, 'ORGANIZER', NULL, NULL, NULL, NULL, NULL, NULL, NULL, NULL, 'NOT_CHECKED_IN', NULL, NULL, NULL, NULL, NULL, NULL, NULL, false, NULL, 'DIRECT', NULL, 0, '2025-06-22 11:31:26.559053', '2025-06-22 11:31:26.559053', 'David', 'Brown', 'david.brown@example.com', '555-1004', true);
INSERT INTO public.event_attendee (id, tenant_id, event_id, user_id, registration_status, registration_date, confirmation_date, cancellation_date, cancellation_reason, attendee_type, special_requirements, dietary_restrictions, accessibility_needs, emergency_contact_name, emergency_contact_phone, emergency_contact_relationship, total_number_of_guests, number_of_guests_checked_in, check_in_status, check_in_time, check_out_time, attendance_rating, feedback, notes, admin_notes, qr_code_data, qr_code_generated, qr_code_generated_at, registration_source, waitlist_position, priority_score, created_at, updated_at, first_name, last_name, email, phone, is_member) VALUES (5, 'tenant_demo_001', 4, 5, 'CANCELLED', '2025-06-22 11:31:26.559053', NULL, NULL, NULL, 'SUPER_ADMIN', NULL, NULL, NULL, NULL, NULL, NULL, NULL, NULL, 'NO_SHOW', NULL, NULL, NULL, NULL, NULL, NULL, NULL, false, NULL, 'DIRECT', NULL, 0, '2025-06-22 11:31:26.559053', '2025-06-22 11:31:26.559053', 'Eve', 'Davis', 'eve.davis@example.com', '555-1005', false);
INSERT INTO public.event_attendee (id, tenant_id, event_id, user_id, registration_status, registration_date, confirmation_date, cancellation_date, cancellation_reason, attendee_type, special_requirements, dietary_restrictions, accessibility_needs, emergency_contact_name, emergency_contact_phone, emergency_contact_relationship, total_number_of_guests, number_of_guests_checked_in, check_in_status, check_in_time, check_out_time, attendance_rating, feedback, notes, admin_notes, qr_code_data, qr_code_generated, qr_code_generated_at, registration_source, waitlist_position, priority_score, created_at, updated_at, first_name, last_name, email, phone, is_member) VALUES (6, 'tenant_demo_001', 5, 6, 'CONFIRMED', '2025-06-22 11:31:26.559053', NULL, NULL, NULL, 'MEMBER', NULL, NULL, NULL, NULL, NULL, NULL, NULL, NULL, 'CHECKED_IN', NULL, NULL, NULL, NULL, NULL, NULL, 'ATTENDEE:6|EVENT:5|TENANT:tenant_demo_001|NAME:Frank Miller|EVENT_TITLE:Summer Fest|TIMESTAMP:1773096660.135782|TYPE:MEMBER', true, '2026-03-09 22:51:00.135782', 'DIRECT', NULL, 0, '2025-06-22 11:31:26.559053', '2025-06-22 11:31:26.559053', 'Frank', 'Miller', 'frank.miller@example.com', '555-1006', true);
INSERT INTO public.event_attendee (id, tenant_id, event_id, user_id, registration_status, registration_date, confirmation_date, cancellation_date, cancellation_reason, attendee_type, special_requirements, dietary_restrictions, accessibility_needs, emergency_contact_name, emergency_contact_phone, emergency_contact_relationship, total_number_of_guests, number_of_guests_checked_in, check_in_status, check_in_time, check_out_time, attendance_rating, feedback, notes, admin_notes, qr_code_data, qr_code_generated, qr_code_generated_at, registration_source, waitlist_position, priority_score, created_at, updated_at, first_name, last_name, email, phone, is_member) VALUES (4301, 'tenant_demo_002', 2, NULL, 'REGISTERED', '2025-11-13 23:21:56.135', NULL, NULL, NULL, NULL, NULL, NULL, NULL, NULL, NULL, NULL, NULL, NULL, NULL, NULL, NULL, NULL, NULL, NULL, NULL, NULL, NULL, NULL, NULL, NULL, NULL, '2025-11-13 23:21:56.135', '2025-11-13 23:21:56.135', 'Gain', 'Joseph', 'giventauser@gmail.com', '', NULL);
INSERT INTO public.event_attendee (id, tenant_id, event_id, user_id, registration_status, registration_date, confirmation_date, cancellation_date, cancellation_reason, attendee_type, special_requirements, dietary_restrictions, accessibility_needs, emergency_contact_name, emergency_contact_phone, emergency_contact_relationship, total_number_of_guests, number_of_guests_checked_in, check_in_status, check_in_time, check_out_time, attendance_rating, feedback, notes, admin_notes, qr_code_data, qr_code_generated, qr_code_generated_at, registration_source, waitlist_position, priority_score, created_at, updated_at, first_name, last_name, email, phone, is_member) VALUES (7151, 'tenant_demo_002', 7051, NULL, 'PENDING', '2025-11-22 04:21:17.89', NULL, NULL, NULL, NULL, NULL, NULL, NULL, NULL, NULL, NULL, NULL, NULL, NULL, NULL, NULL, NULL, NULL, NULL, NULL, NULL, NULL, NULL, NULL, NULL, NULL, '2025-11-22 04:21:17.89', '2025-11-22 04:21:46.608', 'Gain Joseph', 'Joseph', 'giventauser@gmail.com', '3123430073', NULL);
INSERT INTO public.event_attendee (id, tenant_id, event_id, user_id, registration_status, registration_date, confirmation_date, cancellation_date, cancellation_reason, attendee_type, special_requirements, dietary_restrictions, accessibility_needs, emergency_contact_name, emergency_contact_phone, emergency_contact_relationship, total_number_of_guests, number_of_guests_checked_in, check_in_status, check_in_time, check_out_time, attendance_rating, feedback, notes, admin_notes, qr_code_data, qr_code_generated, qr_code_generated_at, registration_source, waitlist_position, priority_score, created_at, updated_at, first_name, last_name, email, phone, is_member) VALUES (7152, 'tenant_demo_002', 7051, NULL, 'REGISTERED', '2025-11-22 04:40:54.909', NULL, NULL, NULL, NULL, '', '', '', '', '', '', 0, 0, NULL, NULL, NULL, NULL, NULL, '', NULL, NULL, NULL, NULL, NULL, NULL, NULL, '2025-11-22 04:40:54.909', '2025-11-22 00:01:19.109303', 'Gain Joseph', 'Joseph', 'giventauser@gmail.com', '3123430073', NULL);
INSERT INTO public.event_attendee (id, tenant_id, event_id, user_id, registration_status, registration_date, confirmation_date, cancellation_date, cancellation_reason, attendee_type, special_requirements, dietary_restrictions, accessibility_needs, emergency_contact_name, emergency_contact_phone, emergency_contact_relationship, total_number_of_guests, number_of_guests_checked_in, check_in_status, check_in_time, check_out_time, attendance_rating, feedback, notes, admin_notes, qr_code_data, qr_code_generated, qr_code_generated_at, registration_source, waitlist_position, priority_score, created_at, updated_at, first_name, last_name, email, phone, is_member) VALUES (8322, 'tenant_demo_002', 8321, NULL, 'PENDING', '2026-03-02 23:08:18.066', NULL, NULL, NULL, NULL, NULL, NULL, NULL, NULL, NULL, NULL, NULL, NULL, NULL, NULL, NULL, NULL, NULL, 'fgfgfgfgfgfgfgff', NULL, NULL, NULL, NULL, NULL, NULL, NULL, '2026-03-02 23:08:18.066', '2026-03-02 23:08:38.014286', 'Gain Joseph', 'Joseph', 'mosc.admin.user@keleno.com', '', NULL);


--
-- Data for Name: event_attendee_attachment; Type: TABLE DATA; Schema: public; Owner: event_site_admin
--



--
-- Data for Name: event_attendee_guest; Type: TABLE DATA; Schema: public; Owner: event_site_admin
--

INSERT INTO public.event_attendee_guest (id, tenant_id, primary_attendee_id, age_group, relationship, special_requirements, dietary_restrictions, accessibility_needs, registration_status, check_in_status, check_in_time, check_out_time, approval_status, approved_by_id, approved_at, rejection_reason, pricing_tier, fee_amount, payment_status, notes, created_at, updated_at, first_name, last_name, email, phone) VALUES (1, 'tenant_demo_001', 1, 'CHILD', 'CHILD', NULL, NULL, NULL, 'CONFIRMED', 'CHECKED_IN', NULL, NULL, 'PENDING', NULL, NULL, NULL, NULL, 0.00, 'PENDING', NULL, '2025-06-22 11:31:26.631934', '2025-06-22 11:31:26.631934', 'Sally', 'Guest', 'sally.guest@example.com', '555-2001');
INSERT INTO public.event_attendee_guest (id, tenant_id, primary_attendee_id, age_group, relationship, special_requirements, dietary_restrictions, accessibility_needs, registration_status, check_in_status, check_in_time, check_out_time, approval_status, approved_by_id, approved_at, rejection_reason, pricing_tier, fee_amount, payment_status, notes, created_at, updated_at, first_name, last_name, email, phone) VALUES (2, 'tenant_demo_001', 2, 'ADULT', 'SPOUSE', NULL, NULL, NULL, 'CONFIRMED', 'NOT_CHECKED_IN', NULL, NULL, 'PENDING', NULL, NULL, NULL, NULL, 0.00, 'PENDING', NULL, '2025-06-22 11:31:26.631934', '2025-06-22 11:31:26.631934', 'Tom', 'Guest', 'tom.guest@example.com', '555-2002');
INSERT INTO public.event_attendee_guest (id, tenant_id, primary_attendee_id, age_group, relationship, special_requirements, dietary_restrictions, accessibility_needs, registration_status, check_in_status, check_in_time, check_out_time, approval_status, approved_by_id, approved_at, rejection_reason, pricing_tier, fee_amount, payment_status, notes, created_at, updated_at, first_name, last_name, email, phone) VALUES (3, 'tenant_demo_001', 3, 'TEEN', 'FRIEND', NULL, NULL, NULL, 'PENDING', 'NOT_CHECKED_IN', NULL, NULL, 'PENDING', NULL, NULL, NULL, NULL, 0.00, 'PENDING', NULL, '2025-06-22 11:31:26.631934', '2025-06-22 11:31:26.631934', 'Jerry', 'Guest', 'jerry.guest@example.com', '555-2003');
INSERT INTO public.event_attendee_guest (id, tenant_id, primary_attendee_id, age_group, relationship, special_requirements, dietary_restrictions, accessibility_needs, registration_status, check_in_status, check_in_time, check_out_time, approval_status, approved_by_id, approved_at, rejection_reason, pricing_tier, fee_amount, payment_status, notes, created_at, updated_at, first_name, last_name, email, phone) VALUES (4, 'tenant_demo_001', 4, 'INFANT', 'CHILD', NULL, NULL, NULL, 'WAITLISTED', 'NOT_CHECKED_IN', NULL, NULL, 'PENDING', NULL, NULL, NULL, NULL, 0.00, 'PENDING', NULL, '2025-06-22 11:31:26.631934', '2025-06-22 11:31:26.631934', 'Linda', 'Guest', 'linda.guest@example.com', '555-2004');
INSERT INTO public.event_attendee_guest (id, tenant_id, primary_attendee_id, age_group, relationship, special_requirements, dietary_restrictions, accessibility_needs, registration_status, check_in_status, check_in_time, check_out_time, approval_status, approved_by_id, approved_at, rejection_reason, pricing_tier, fee_amount, payment_status, notes, created_at, updated_at, first_name, last_name, email, phone) VALUES (5, 'tenant_demo_001', 5, 'ADULT', 'COLLEAGUE', NULL, NULL, NULL, 'CANCELLED', 'NO_SHOW', NULL, NULL, 'PENDING', NULL, NULL, NULL, NULL, 0.00, 'PENDING', NULL, '2025-06-22 11:31:26.631934', '2025-06-22 11:31:26.631934', 'Sam', 'Guest', 'sam.guest@example.com', '555-2005');
INSERT INTO public.event_attendee_guest (id, tenant_id, primary_attendee_id, age_group, relationship, special_requirements, dietary_restrictions, accessibility_needs, registration_status, check_in_status, check_in_time, check_out_time, approval_status, approved_by_id, approved_at, rejection_reason, pricing_tier, fee_amount, payment_status, notes, created_at, updated_at, first_name, last_name, email, phone) VALUES (6, 'tenant_demo_001', 6, 'CHILD', 'RELATIVE', NULL, NULL, NULL, 'CONFIRMED', 'CHECKED_IN', NULL, NULL, 'PENDING', NULL, NULL, NULL, NULL, 0.00, 'PENDING', NULL, '2025-06-22 11:31:26.631934', '2025-06-22 11:31:26.631934', 'Nina', 'Guest', 'nina.guest@example.com', '555-2006');
INSERT INTO public.event_attendee_guest (id, tenant_id, primary_attendee_id, age_group, relationship, special_requirements, dietary_restrictions, accessibility_needs, registration_status, check_in_status, check_in_time, check_out_time, approval_status, approved_by_id, approved_at, rejection_reason, pricing_tier, fee_amount, payment_status, notes, created_at, updated_at, first_name, last_name, email, phone) VALUES (7201, 'tenant_demo_002', 7151, 'Child', NULL, NULL, NULL, NULL, NULL, NULL, NULL, NULL, 'PENDING', NULL, NULL, NULL, NULL, 0.00, 'PENDING', NULL, '2025-11-22 04:21:37.789', '2025-11-22 04:21:47.809', 'ghghgh', 'ghghg', 'giventauser@gmail.com', '3123430073');


--
-- Data for Name: event_calendar_entry; Type: TABLE DATA; Schema: public; Owner: event_site_admin
--

INSERT INTO public.event_calendar_entry (id, tenant_id, calendar_provider, external_event_id, calendar_link, sync_status, last_sync_at, sync_error_message, created_at, updated_at, event_id, created_by_id) VALUES (1, 'tenant_demo_001', 'Google', 'gcal_1', 'https://calendar.google.com/event1', 'PENDING', '2025-06-22 11:31:26.679295', NULL, '2025-06-22 11:31:26.679295', '2025-06-22 11:31:26.679295', 1, 1);
INSERT INTO public.event_calendar_entry (id, tenant_id, calendar_provider, external_event_id, calendar_link, sync_status, last_sync_at, sync_error_message, created_at, updated_at, event_id, created_by_id) VALUES (2, 'tenant_demo_001', 'Outlook', 'outlook_2', 'https://outlook.com/event2', 'COMPLETED', '2025-06-22 11:31:26.679295', NULL, '2025-06-22 11:31:26.679295', '2025-06-22 11:31:26.679295', 2, 2);
INSERT INTO public.event_calendar_entry (id, tenant_id, calendar_provider, external_event_id, calendar_link, sync_status, last_sync_at, sync_error_message, created_at, updated_at, event_id, created_by_id) VALUES (3, 'tenant_demo_001', 'Apple', 'apple_3', 'https://apple.com/event3', 'FAILED', '2025-06-22 11:31:26.679295', 'Error syncing', '2025-06-22 11:31:26.679295', '2025-06-22 11:31:26.679295', 3, 3);
INSERT INTO public.event_calendar_entry (id, tenant_id, calendar_provider, external_event_id, calendar_link, sync_status, last_sync_at, sync_error_message, created_at, updated_at, event_id, created_by_id) VALUES (4, 'tenant_demo_001', 'Google', 'gcal_4', 'https://calendar.google.com/event4', 'PENDING', '2025-06-22 11:31:26.679295', NULL, '2025-06-22 11:31:26.679295', '2025-06-22 11:31:26.679295', 4, 4);
INSERT INTO public.event_calendar_entry (id, tenant_id, calendar_provider, external_event_id, calendar_link, sync_status, last_sync_at, sync_error_message, created_at, updated_at, event_id, created_by_id) VALUES (5, 'tenant_demo_001', 'Outlook', 'outlook_5', 'https://outlook.com/event5', 'COMPLETED', '2025-06-22 11:31:26.679295', NULL, '2025-06-22 11:31:26.679295', '2025-06-22 11:31:26.679295', 5, 5);
INSERT INTO public.event_calendar_entry (id, tenant_id, calendar_provider, external_event_id, calendar_link, sync_status, last_sync_at, sync_error_message, created_at, updated_at, event_id, created_by_id) VALUES (6, 'tenant_demo_001', 'Apple', 'apple_6', 'https://apple.com/event6', 'FAILED', '2025-06-22 11:31:26.679295', 'Error syncing', '2025-06-22 11:31:26.679295', '2025-06-22 11:31:26.679295', 6, 6);
INSERT INTO public.event_calendar_entry (id, tenant_id, calendar_provider, external_event_id, calendar_link, sync_status, last_sync_at, sync_error_message, created_at, updated_at, event_id, created_by_id) VALUES (7101, NULL, 'GOOGLE', NULL, 'https://calendar.google.com/calendar/render?action=TEMPLATE&text=Regn%20Test&dates=20251222T082900/20251222T142900&details=&location=Grand%20Hall', 'PENDING', NULL, NULL, '2025-11-22 02:30:41.457', '2025-11-22 02:30:41.457', 7051, 4651);


--
-- Data for Name: event_contacts; Type: TABLE DATA; Schema: public; Owner: event_site_admin
--

INSERT INTO public.event_contacts (id, tenant_id, event_id, name, phone, email, created_at, updated_at) VALUES (4, 'tenant_demo_002', 2, 'David Kimm', '+1-555-0104', 'david.kim@example.com', '2025-01-10 10:00:00', '2026-01-12 11:54:14.821461');
INSERT INTO public.event_contacts (id, tenant_id, event_id, name, phone, email, created_at, updated_at) VALUES (5101, 'tenant_demo_002', NULL, 'Test1', '3123430073', 'giventauser@gmail.com', '2026-01-12 11:54:57.383755', '2026-01-12 11:57:04.305781');
INSERT INTO public.event_contacts (id, tenant_id, event_id, name, phone, email, created_at, updated_at) VALUES (5251, 'tenant_demo_002', NULL, 'David John', '3726489262', NULL, '2026-01-13 11:43:33.904064', '2026-01-13 11:43:39.759135');
INSERT INTO public.event_contacts (id, tenant_id, event_id, name, phone, email, created_at, updated_at) VALUES (1, 'tenant_demo_002', 7051, 'Sarah Johnson', '+1-555-0101', 'sarah.johnson@example.com', '2025-01-10 10:00:00', '2026-01-14 08:21:06.488182');
INSERT INTO public.event_contacts (id, tenant_id, event_id, name, phone, email, created_at, updated_at) VALUES (5102, 'tenant_demo_002', 7051, 'Testt', '2324564321', 'test@example.com', '2026-01-12 11:56:48.014063', '2026-01-14 08:21:07.237213');
INSERT INTO public.event_contacts (id, tenant_id, event_id, name, phone, email, created_at, updated_at) VALUES (4501, 'tenant_demo_002', 4201, 'David John', '3726489262', NULL, '2026-01-14 17:38:00.401513', '2026-01-14 17:38:00.401513');


--
-- Data for Name: event_emails; Type: TABLE DATA; Schema: public; Owner: event_site_admin
--

INSERT INTO public.event_emails (id, tenant_id, event_id, email, created_at, updated_at) VALUES (4, 'tenant_demo_001', 2, 'contact@culturalnight.com', '2025-01-10 10:00:00', '2025-01-10 10:00:00');
INSERT INTO public.event_emails (id, tenant_id, event_id, email, created_at, updated_at) VALUES (5, 'tenant_demo_001', 2, 'media@culturalnight.com', '2025-01-10 10:00:00', '2025-01-10 10:00:00');
INSERT INTO public.event_emails (id, tenant_id, event_id, email, created_at, updated_at) VALUES (6, 'tenant_demo_001', 3, 'admin@musicconcert.com', '2025-01-10 10:00:00', '2025-01-10 10:00:00');
INSERT INTO public.event_emails (id, tenant_id, event_id, email, created_at, updated_at) VALUES (1, 'tenant_demo_001', 2, 'info@malayaleesfestival.com', '2025-01-10 10:00:00', '2026-01-12 12:17:13.405009');
INSERT INTO public.event_emails (id, tenant_id, event_id, email, created_at, updated_at) VALUES (2, 'tenant_demo_001', 6852, 'tickets@malayaleesfestival.com', '2025-01-10 10:00:00', '2026-01-14 08:16:14.999866');
INSERT INTO public.event_emails (id, tenant_id, event_id, email, created_at, updated_at) VALUES (3, 'tenant_demo_001', 4201, 'sponsorship@malayaleesfestival.com', '2025-01-10 10:00:00', '2026-01-14 17:39:12.628876');


--
-- Data for Name: event_featured_performers; Type: TABLE DATA; Schema: public; Owner: event_site_admin
--

INSERT INTO public.event_featured_performers (id, tenant_id, event_id, name, stage_name, role, bio, nationality, date_of_birth, email, phone, website_url, portrait_image_url, performance_image_url, gallery_image_urls, performance_duration_minutes, performance_order, is_headliner, facebook_url, twitter_url, instagram_url, youtube_url, linkedin_url, tiktok_url, is_active, priority_ranking, created_at, updated_at) VALUES (1, 'tenant_demo_002', 2, 'K.J. Yesudas', 'Yesudas', 'Vocalist', 'Renowned Malayalam classical singer with over 50 years of experience in the music industry. Known for his melodious voice and classical renditions.', 'Indian', '1940-01-10', 'yesudas@example.com', '+91-9847012345', 'https://yesudas.com', 'https://s3.amazonaws.com/bucket/performers/1/portrait/yesudas_portrait.jpg', 'https://s3.amazonaws.com/bucket/performers/1/performance/yesudas_performance.jpg', '["https://s3.amazonaws.com/bucket/performers/1/gallery/img1.jpg", "https://s3.amazonaws.com/bucket/performers/1/gallery/img2.jpg"]', 45, 1, true, 'https://facebook.com/yesudas', 'https://twitter.com/yesudas', 'https://instagram.com/yesudas', 'https://youtube.com/yesudas', 'https://linkedin.com/in/yesudas', 'https://tiktok.com/@yesudas', true, 100, '2025-01-10 10:00:00', '2026-01-13 11:38:43.027916');
INSERT INTO public.event_featured_performers (id, tenant_id, event_id, name, stage_name, role, bio, nationality, date_of_birth, email, phone, website_url, portrait_image_url, performance_image_url, gallery_image_urls, performance_duration_minutes, performance_order, is_headliner, facebook_url, twitter_url, instagram_url, youtube_url, linkedin_url, tiktok_url, is_active, priority_ranking, created_at, updated_at) VALUES (3, 'tenant_demo_002', NULL, 'Zakir Hussain', 'Zakir Hussain', 'Percussionist', 'World-renowned tabla player and percussionist with international acclaim.', 'Indian', '1951-03-09', 'zakir@example.com', '+91-9847012347', 'https://zakirhussain.com', 'https://s3.amazonaws.com/bucket/performers/3/portrait/zakir_portrait.jpg', 'https://s3.amazonaws.com/bucket/performers/3/performance/zakir_performance.jpg', '["https://s3.amazonaws.com/bucket/performers/3/gallery/img1.jpg", "https://s3.amazonaws.com/bucket/performers/3/gallery/img2.jpg", "https://s3.amazonaws.com/bucket/performers/3/gallery/img3.jpg"]', 30, 3, false, 'https://facebook.com/zakirhussain', 'https://twitter.com/zakirhussain', 'https://instagram.com/zakirhussain', 'https://youtube.com/zakirhussain', 'https://linkedin.com/in/zakirhussain', NULL, true, 80, '2025-01-10 10:00:00', '2026-01-13 11:39:28.419556');
INSERT INTO public.event_featured_performers (id, tenant_id, event_id, name, stage_name, role, bio, nationality, date_of_birth, email, phone, website_url, portrait_image_url, performance_image_url, gallery_image_urls, performance_duration_minutes, performance_order, is_headliner, facebook_url, twitter_url, instagram_url, youtube_url, linkedin_url, tiktok_url, is_active, priority_ranking, created_at, updated_at) VALUES (4455, 'tenant_demo_002', 4201, 'Dhanya ', '', '', 'cvcvccvc', NULL, NULL, NULL, NULL, NULL, NULL, NULL, NULL, 1, 0, false, NULL, NULL, NULL, NULL, NULL, NULL, true, 0, '2026-01-14 17:37:33.754515', '2026-01-14 17:37:33.754515');
INSERT INTO public.event_featured_performers (id, tenant_id, event_id, name, stage_name, role, bio, nationality, date_of_birth, email, phone, website_url, portrait_image_url, performance_image_url, gallery_image_urls, performance_duration_minutes, performance_order, is_headliner, facebook_url, twitter_url, instagram_url, youtube_url, linkedin_url, tiktok_url, is_active, priority_ranking, created_at, updated_at) VALUES (2, 'tenant_demo_002', 4201, 'Kalamandalam Gopi', 'Gopi Asan', 'Kathakali Performer', 'Legendary Kathakali artist known for his exceptional performances and traditional Kerala dance form mastery.', 'Indian', '1937-05-15', 'gopi@example.com', '+91-9847012346', 'https://gopiasan.com', 'https://s3.amazonaws.com/bucket/performers/2/portrait/gopi_portrait.jpg', 'https://s3.amazonaws.com/bucket/performers/2/performance/gopi_performance.jpg', '["https://s3.amazonaws.com/bucket/performers/2/gallery/img1.jpg"]', 60, 2, false, 'https://facebook.com/gopiasan', NULL, 'https://instagram.com/gopiasan', 'https://youtube.com/gopiasan', NULL, NULL, true, 90, '2025-01-10 10:00:00', '2026-01-14 17:37:47.44856');


--
-- Data for Name: focus_group; Type: TABLE DATA; Schema: public; Owner: event_site_admin
--

INSERT INTO public.focus_group (id, tenant_id, name, slug, description, cover_image_url, is_active, created_at, updated_at) VALUES (4001, 'tenant_demo_001', 'Gain Joseph', 'dsdssds', '46182', '', true, '2025-10-28 14:14:44.123714', '2025-10-28 14:14:44.123714');
INSERT INTO public.focus_group (id, tenant_id, name, slug, description, cover_image_url, is_active, created_at, updated_at) VALUES (8312, 'tenant_demo_002', 'test2', 'test2-test2', '', '', true, '2026-02-19 09:04:30.733003', '2026-02-19 09:04:30.733003');
INSERT INTO public.focus_group (id, tenant_id, name, slug, description, cover_image_url, is_active, created_at, updated_at) VALUES (8313, 'tenant_demo_002', 'test4', 'test4-test4', '', '', true, '2026-02-19 09:05:15.146325', '2026-02-19 09:05:15.146325');
INSERT INTO public.focus_group (id, tenant_id, name, slug, description, cover_image_url, is_active, created_at, updated_at) VALUES (8314, 'tenant_demo_002', 'test5', 'test5', '', '', true, '2026-02-19 09:05:28.7327', '2026-02-19 09:05:28.7327');
INSERT INTO public.focus_group (id, tenant_id, name, slug, description, cover_image_url, is_active, created_at, updated_at) VALUES (8315, 'tenant_demo_002', 'test6', 'test6', '', '', true, '2026-02-19 09:05:42.211636', '2026-02-19 09:05:42.211636');
INSERT INTO public.focus_group (id, tenant_id, name, slug, description, cover_image_url, is_active, created_at, updated_at) VALUES (8316, 'tenant_demo_002', 'test7', 'test7', '', '', true, '2026-02-19 09:05:58.338992', '2026-02-19 09:05:58.338992');
INSERT INTO public.focus_group (id, tenant_id, name, slug, description, cover_image_url, is_active, created_at, updated_at) VALUES (8317, 'tenant_demo_002', 'test8', 'test8', '', '', true, '2026-02-19 09:06:33.177752', '2026-02-19 09:06:33.177752');
INSERT INTO public.focus_group (id, tenant_id, name, slug, description, cover_image_url, is_active, created_at, updated_at) VALUES (8318, 'tenant_demo_002', 'test9', 'test9', '', '', true, '2026-02-19 09:06:46.497638', '2026-02-19 09:06:46.497638');
INSERT INTO public.focus_group (id, tenant_id, name, slug, description, cover_image_url, is_active, created_at, updated_at) VALUES (4002, 'tenant_demo_002', 'Gain Joseph', 'rtrtrt', '56746', 'https://eventapp-media-bucket.s3.us-east-2.amazonaws.com/dev/media/tenantId/tenant_demo_002/focus-groups/focus-group-id/4002/cover_image_1772540438301_f8b17ade.jpg', true, '2025-11-04 04:10:50.575748', '2026-03-03 12:20:47.875956');
INSERT INTO public.focus_group (id, tenant_id, name, slug, description, cover_image_url, is_active, created_at, updated_at) VALUES (8310, 'tenant_demo_002', 'Test', 'test-test', '', 'https://eventapp-media-bucket.s3.us-east-2.amazonaws.com/dev/media/tenantId/tenant_demo_002/focus-groups/focus-group-id/8310/cover_image_1772632972261_f2085693.jpg', true, '2026-02-19 09:03:50.613203', '2026-03-04 14:03:00.794997');
INSERT INTO public.focus_group (id, tenant_id, name, slug, description, cover_image_url, is_active, created_at, updated_at) VALUES (8311, 'tenant_demo_002', 'Chloe', 'test1-test1', '', 'https://eventapp-media-bucket.s3.us-east-2.amazonaws.com/dev/media/tenantId/tenant_demo_002/focus-groups/focus-group-id/8311/cover_image_1772684239579_8f8a7c39.jpg', true, '2026-02-19 09:04:14.528576', '2026-03-05 04:17:32.424359');
INSERT INTO public.focus_group (id, tenant_id, name, slug, description, cover_image_url, is_active, created_at, updated_at) VALUES (8319, 'tenant_demo_002', 'GD', 'test3', '', 'https://eventapp-media-bucket.s3.us-east-2.amazonaws.com/dev/media/tenantId/tenant_demo_002/focus-groups/focus-group-id/8319/cover_image_1772711100499_be47e165.webp', true, '2026-02-19 09:07:58.352404', '2026-03-05 11:45:27.536866');


--
-- Data for Name: event_focus_groups; Type: TABLE DATA; Schema: public; Owner: event_site_admin
--

INSERT INTO public.event_focus_groups (id, tenant_id, event_id, focus_group_id, created_at, updated_at) VALUES (8399, 'tenant_demo_002', 2, 8311, '2026-03-06 21:34:44.556787', '2026-03-06 21:34:44.556787');
INSERT INTO public.event_focus_groups (id, tenant_id, event_id, focus_group_id, created_at, updated_at) VALUES (8401, 'tenant_demo_002', 4202, 8311, '2026-03-06 21:56:18.248678', '2026-03-06 21:56:18.248678');


--
-- Data for Name: event_guest_pricing; Type: TABLE DATA; Schema: public; Owner: event_site_admin
--

INSERT INTO public.event_guest_pricing (id, tenant_id, event_id, age_group, price, is_active, valid_from, valid_to, description, max_guests, pricing_tier, early_bird_price, early_bird_deadline, group_discount_threshold, group_discount_percentage, created_at, updated_at) VALUES (1, 'tenant_demo_001', 1, 'ADULT', 50.00, true, '2025-03-01', '2025-04-10', 'Adult pricing for Spring Gala', 2, 'Standard', 40.00, '2025-03-15 23:59:00', 5, 10.00, '2025-06-22 11:31:26.374558', '2025-06-22 11:31:26.374558');
INSERT INTO public.event_guest_pricing (id, tenant_id, event_id, age_group, price, is_active, valid_from, valid_to, description, max_guests, pricing_tier, early_bird_price, early_bird_deadline, group_discount_threshold, group_discount_percentage, created_at, updated_at) VALUES (2, 'tenant_demo_001', 1, 'CHILD', 25.00, true, '2025-03-01', '2025-04-10', 'Child pricing for Spring Gala', 2, 'Standard', 20.00, '2025-03-15 23:59:00', 5, 10.00, '2025-06-22 11:31:26.374558', '2025-06-22 11:31:26.374558');
INSERT INTO public.event_guest_pricing (id, tenant_id, event_id, age_group, price, is_active, valid_from, valid_to, description, max_guests, pricing_tier, early_bird_price, early_bird_deadline, group_discount_threshold, group_discount_percentage, created_at, updated_at) VALUES (3, 'tenant_demo_001', 2, 'ADULT', 100.00, true, '2025-04-01', '2025-05-15', 'Adult pricing for Tech Conference', 1, 'Premium', 80.00, '2025-04-20 23:59:00', 3, 15.00, '2025-06-22 11:31:26.374558', '2025-06-22 11:31:26.374558');
INSERT INTO public.event_guest_pricing (id, tenant_id, event_id, age_group, price, is_active, valid_from, valid_to, description, max_guests, pricing_tier, early_bird_price, early_bird_deadline, group_discount_threshold, group_discount_percentage, created_at, updated_at) VALUES (4, 'tenant_demo_001', 2, 'TEEN', 60.00, true, '2025-04-01', '2025-05-15', 'Teen pricing for Tech Conference', 1, 'Premium', 50.00, '2025-04-20 23:59:00', 3, 15.00, '2025-06-22 11:31:26.374558', '2025-06-22 11:31:26.374558');
INSERT INTO public.event_guest_pricing (id, tenant_id, event_id, age_group, price, is_active, valid_from, valid_to, description, max_guests, pricing_tier, early_bird_price, early_bird_deadline, group_discount_threshold, group_discount_percentage, created_at, updated_at) VALUES (5, 'tenant_demo_001', 3, 'ADULT', 0.00, true, '2025-05-01', '2025-06-01', 'Free for Charity Run', NULL, 'Free', NULL, NULL, NULL, NULL, '2025-06-22 11:31:26.374558', '2025-06-22 11:31:26.374558');
INSERT INTO public.event_guest_pricing (id, tenant_id, event_id, age_group, price, is_active, valid_from, valid_to, description, max_guests, pricing_tier, early_bird_price, early_bird_deadline, group_discount_threshold, group_discount_percentage, created_at, updated_at) VALUES (6, 'tenant_demo_001', 4, 'ADULT', 10.00, true, '2025-07-01', '2025-07-20', 'Adult pricing for Family Picnic', 4, 'Standard', 8.00, '2025-07-10 23:59:00', 2, 5.00, '2025-06-22 11:31:26.374558', '2025-06-22 11:31:26.374558');


--
-- Data for Name: event_live_update; Type: TABLE DATA; Schema: public; Owner: event_site_admin
--

INSERT INTO public.event_live_update (id, event_id, update_type, content_text, content_image_url, content_video_url, content_link_url, metadata, display_order, is_default, created_at, updated_at) VALUES (1, 1, 'INFO', 'Welcome to Spring Gala!', NULL, NULL, NULL, NULL, 1, true, '2025-06-22 11:31:26.727266', '2025-06-22 11:31:26.727266');
INSERT INTO public.event_live_update (id, event_id, update_type, content_text, content_image_url, content_video_url, content_link_url, metadata, display_order, is_default, created_at, updated_at) VALUES (2, 2, 'ALERT', 'Tech Conference Keynote at 10am', NULL, NULL, NULL, NULL, 2, false, '2025-06-22 11:31:26.727266', '2025-06-22 11:31:26.727266');
INSERT INTO public.event_live_update (id, event_id, update_type, content_text, content_image_url, content_video_url, content_link_url, metadata, display_order, is_default, created_at, updated_at) VALUES (3, 3, 'INFO', 'Charity Run starts at 7am', NULL, NULL, NULL, NULL, 3, false, '2025-06-22 11:31:26.727266', '2025-06-22 11:31:26.727266');
INSERT INTO public.event_live_update (id, event_id, update_type, content_text, content_image_url, content_video_url, content_link_url, metadata, display_order, is_default, created_at, updated_at) VALUES (4, 4, 'INFO', 'Family Picnic games at noon', NULL, NULL, NULL, NULL, 4, false, '2025-06-22 11:31:26.727266', '2025-06-22 11:31:26.727266');
INSERT INTO public.event_live_update (id, event_id, update_type, content_text, content_image_url, content_video_url, content_link_url, metadata, display_order, is_default, created_at, updated_at) VALUES (5, 5, 'ALERT', 'VIP Dinner seating at 7pm', NULL, NULL, NULL, NULL, 5, false, '2025-06-22 11:31:26.727266', '2025-06-22 11:31:26.727266');
INSERT INTO public.event_live_update (id, event_id, update_type, content_text, content_image_url, content_video_url, content_link_url, metadata, display_order, is_default, created_at, updated_at) VALUES (6, 6, 'INFO', 'Summer Fest parade at 5pm', NULL, NULL, NULL, NULL, 6, false, '2025-06-22 11:31:26.727266', '2025-06-22 11:31:26.727266');


--
-- Data for Name: event_live_update_attachment; Type: TABLE DATA; Schema: public; Owner: event_site_admin
--

INSERT INTO public.event_live_update_attachment (id, live_update_id, attachment_type, attachment_url, display_order, metadata, created_at, updated_at) VALUES (1, 1, 'IMAGE', 'https://example.com/image1.jpg', 1, NULL, '2025-06-22 11:31:26.770391', '2025-06-22 11:31:26.770391');
INSERT INTO public.event_live_update_attachment (id, live_update_id, attachment_type, attachment_url, display_order, metadata, created_at, updated_at) VALUES (2, 2, 'VIDEO', 'https://example.com/video2.mp4', 2, NULL, '2025-06-22 11:31:26.770391', '2025-06-22 11:31:26.770391');
INSERT INTO public.event_live_update_attachment (id, live_update_id, attachment_type, attachment_url, display_order, metadata, created_at, updated_at) VALUES (3, 3, 'IMAGE', 'https://example.com/image3.jpg', 3, NULL, '2025-06-22 11:31:26.770391', '2025-06-22 11:31:26.770391');
INSERT INTO public.event_live_update_attachment (id, live_update_id, attachment_type, attachment_url, display_order, metadata, created_at, updated_at) VALUES (4, 4, 'IMAGE', 'https://example.com/image4.jpg', 4, NULL, '2025-06-22 11:31:26.770391', '2025-06-22 11:31:26.770391');
INSERT INTO public.event_live_update_attachment (id, live_update_id, attachment_type, attachment_url, display_order, metadata, created_at, updated_at) VALUES (5, 5, 'VIDEO', 'https://example.com/video5.mp4', 5, NULL, '2025-06-22 11:31:26.770391', '2025-06-22 11:31:26.770391');
INSERT INTO public.event_live_update_attachment (id, live_update_id, attachment_type, attachment_url, display_order, metadata, created_at, updated_at) VALUES (6, 6, 'IMAGE', 'https://example.com/image6.jpg', 6, NULL, '2025-06-22 11:31:26.770391', '2025-06-22 11:31:26.770391');


--
-- Data for Name: event_sponsors; Type: TABLE DATA; Schema: public; Owner: event_site_admin
--

INSERT INTO public.event_sponsors (id, tenant_id, event_id, name, type, company_name, tagline, description, website_url, contact_email, contact_phone, logo_url, hero_image_url, banner_image_url, is_active, priority_ranking, facebook_url, instagram_url, twitter_url, linkedin_url, youtube_url, tiktok_url, created_at, updated_at) VALUES (1, 'tenant_demo_001', NULL, 'Kerala Tourism Development Corporation', 'Title Sponsor', 'KTDC', 'Explore Gods Own Country', 'Official tourism partner promoting Keralass rich cultural heritage and natural beauty.', 'https://www.ktdc.com', 'contact@ktdc.com', '+91-471-2321132', 'https://s3.amazonaws.com/bucket/sponsors/1/logo/ktdc_logo.png', 'https://s3.amazonaws.com/bucket/sponsors/1/hero/ktdc_hero.jpg', 'https://s3.amazonaws.com/bucket/sponsors/1/banner/ktdc_banner.jpg', true, 100, 'https://facebook.com/keralatourism', 'https://instagram.com/keralatourism', 'https://twitter.com/keralatourism', 'https://linkedin.com/company/kerala-tourism', NULL, NULL, '2025-01-10 10:00:00', '2025-01-10 10:00:00');
INSERT INTO public.event_sponsors (id, tenant_id, event_id, name, type, company_name, tagline, description, website_url, contact_email, contact_phone, logo_url, hero_image_url, banner_image_url, is_active, priority_ranking, facebook_url, instagram_url, twitter_url, linkedin_url, youtube_url, tiktok_url, created_at, updated_at) VALUES (2, 'tenant_demo_001', NULL, 'Tata Consultancy Services', 'Platinum Sponsor', 'TCS', 'Building on Belief', 'Leading IT services and consulting company supporting cultural events and community development.', 'https://www.tcs.com', 'sponsorship@tcs.com', '+91-22-67789999', 'https://s3.amazonaws.com/bucket/sponsors/2/logo/tcs_logo.png', 'https://s3.amazonaws.com/bucket/sponsors/2/hero/tcs_hero.jpg', 'https://s3.amazonaws.com/bucket/sponsors/2/banner/tcs_banner.jpg', true, 90, 'https://facebook.com/tcs', 'https://instagram.com/tcs', 'https://twitter.com/tcs', 'https://linkedin.com/company/tcs', NULL, NULL, '2025-01-10 10:00:00', '2025-01-10 10:00:00');
INSERT INTO public.event_sponsors (id, tenant_id, event_id, name, type, company_name, tagline, description, website_url, contact_email, contact_phone, logo_url, hero_image_url, banner_image_url, is_active, priority_ranking, facebook_url, instagram_url, twitter_url, linkedin_url, youtube_url, tiktok_url, created_at, updated_at) VALUES (3, 'tenant_demo_001', NULL, 'Federal Bank', 'Gold Sponsor', 'Federal Bank', 'Your Perfect Banking Partner', 'Premier private sector bank committed to supporting cultural and community events.', 'https://www.federalbank.co.in', 'events@federalbank.co.in', '+91-484-2630606', 'https://s3.amazonaws.com/bucket/sponsors/3/logo/federal_logo.png', 'https://s3.amazonaws.com/bucket/sponsors/3/hero/federal_hero.jpg', 'https://s3.amazonaws.com/bucket/sponsors/3/banner/federal_banner.jpg', true, 80, 'https://facebook.com/federalbank', 'https://instagram.com/federalbank', 'https://twitter.com/federalbank', 'https://linkedin.com/company/federal-bank', NULL, NULL, '2025-01-10 10:00:00', '2025-01-10 10:00:00');
INSERT INTO public.event_sponsors (id, tenant_id, event_id, name, type, company_name, tagline, description, website_url, contact_email, contact_phone, logo_url, hero_image_url, banner_image_url, is_active, priority_ranking, facebook_url, instagram_url, twitter_url, linkedin_url, youtube_url, tiktok_url, created_at, updated_at) VALUES (5, 'tenant_demo_002', NULL, 'Manorama Online', 'Media Partner', 'Manorama Online', 'Truth Above All', 'Leading Malayalam newspaper and media group promoting cultural events and community engagement.', 'https://www.manoramaonline.com', 'events@manoramaonline.com', '+91-471-2518000', 'https://s3.amazonaws.com/bucket/sponsors/5/logo/manorama_logo.png', 'https://eventapp-media-bucket.s3.us-east-2.amazonaws.com/dev/media/tenantId/tenant_demo_002/sponsor/sponsor_id/5/sponsor_hero_1773241812047_39f7984f.jpg', 'https://eventapp-media-bucket.s3.us-east-2.amazonaws.com/dev/media/tenantId/tenant_demo_002/sponsor/sponsor_id/5/sponsor_banner_1773241813711_fddb77d3.jpg', true, 1, 'https://facebook.com/manoramaonline', 'https://instagram.com/manoramaonline', 'https://twitter.com/manoramaonline', 'https://linkedin.com/company/manorama', NULL, NULL, '2025-01-10 10:00:00', '2025-11-13 21:11:49.66901');
INSERT INTO public.event_sponsors (id, tenant_id, event_id, name, type, company_name, tagline, description, website_url, contact_email, contact_phone, logo_url, hero_image_url, banner_image_url, is_active, priority_ranking, facebook_url, instagram_url, twitter_url, linkedin_url, youtube_url, tiktok_url, created_at, updated_at) VALUES (4551, 'tenant_demo_002', NULL, 'Joy Alukkas', 'Platinum', 'Joy Alukkas', 'World''s favourite jeweller', 'test', 'https://www.joyalukkas.com', 'test@joyalukkas.com', '+91-6366906990', 'https://eventapp-media-bucket.s3.us-east-2.amazonaws.com/dev/media/tenantId/tenant_demo_002/sponsor/sponsor_id/4551/sponsor_logo_1773241710100_c327fb32.png', 'https://eventapp-media-bucket.s3.us-east-2.amazonaws.com/dev/media/tenantId/tenant_demo_002/sponsor/sponsor_id/4551/sponsor_hero_1773149357452_97c6b648.jpg', 'https://eventapp-media-bucket.s3.us-east-2.amazonaws.com/dev/media/tenantId/tenant_demo_002/sponsor/sponsor_id/4551/sponsor_banner_1773241707163_8f56142a.jpg', true, 2, 'https://www.facebook.com/ConfidentGroup/about/', 'https://www.instagram.com/accounts/login/?next=https%3A%2F%2Fwww.instagram.com%2Fofficial.confidentgroup%2F&is_from_rle', 'https://x.com/ConfidentGroup1', 'https://in.linkedin.com/company/confidentgroup', NULL, NULL, '2026-01-14 17:38:32.106254', '2026-03-10 13:29:18.027614');
INSERT INTO public.event_sponsors (id, tenant_id, event_id, name, type, company_name, tagline, description, website_url, contact_email, contact_phone, logo_url, hero_image_url, banner_image_url, is_active, priority_ranking, facebook_url, instagram_url, twitter_url, linkedin_url, youtube_url, tiktok_url, created_at, updated_at) VALUES (8410, 'tenant_demo_002', NULL, 'Anna Aluminium', 'Platinum', 'Anna Aluminium Company Private Limited', NULL, 'The saga of Anna-Kitex group commenced with the launch of our key flagship company, Anna Aluminium, in 1968. Sri M.C. Jacob, one of the audacious entrepreneurs in Kerala was the man behind this venture.', 'https://annaaluminium.annagroup.net/', 'anna@annagroup.net', '91 484 253 8983', 'https://eventapp-media-bucket.s3.us-east-2.amazonaws.com/dev/media/tenantId/tenant_demo_002/sponsor/sponsor_id/8410/sponsor_logo_1773235685322_3debb9c3.jpg', 'https://eventapp-media-bucket.s3.us-east-2.amazonaws.com/dev/media/tenantId/tenant_demo_002/sponsor/sponsor_id/8410/sponsor_hero_1773235079776_30410234.jpg', 'https://eventapp-media-bucket.s3.us-east-2.amazonaws.com/dev/media/tenantId/tenant_demo_002/sponsor/sponsor_id/8410/sponsor_banner_1773242816076_0fe55ce6.jpg', true, 2, 'https://www.facebook.com/annaaluminium', NULL, 'https://twitter.com/aluminium_anna', NULL, NULL, NULL, '2026-03-10 13:22:14.28751', '2026-03-11 13:28:05.774049');


--
-- Data for Name: event_sponsors_join; Type: TABLE DATA; Schema: public; Owner: event_site_admin
--

INSERT INTO public.event_sponsors_join (id, tenant_id, event_id, sponsor_id, custom_poster_url, created_at) VALUES (1, 'tenant_demo_001', 1, 1, NULL, '2025-01-10 10:00:00');
INSERT INTO public.event_sponsors_join (id, tenant_id, event_id, sponsor_id, custom_poster_url, created_at) VALUES (2, 'tenant_demo_001', 1, 2, NULL, '2025-01-10 10:00:00');
INSERT INTO public.event_sponsors_join (id, tenant_id, event_id, sponsor_id, custom_poster_url, created_at) VALUES (3, 'tenant_demo_001', 1, 3, NULL, '2025-01-10 10:00:00');
INSERT INTO public.event_sponsors_join (id, tenant_id, event_id, sponsor_id, custom_poster_url, created_at) VALUES (6, 'tenant_demo_001', 3, 1, NULL, '2025-01-10 10:00:00');
INSERT INTO public.event_sponsors_join (id, tenant_id, event_id, sponsor_id, custom_poster_url, created_at) VALUES (7, 'tenant_demo_002', 2, 5, NULL, '2025-01-10 10:00:00');
INSERT INTO public.event_sponsors_join (id, tenant_id, event_id, sponsor_id, custom_poster_url, created_at) VALUES (4601, 'tenant_demo_002', 4201, 4551, NULL, '2026-01-14 17:38:33.05985');
INSERT INTO public.event_sponsors_join (id, tenant_id, event_id, sponsor_id, custom_poster_url, created_at) VALUES (8402, 'tenant_demo_002', 8321, 4551, NULL, '2026-03-09 04:13:47.48911');


--
-- Data for Name: gallery_album; Type: TABLE DATA; Schema: public; Owner: event_site_admin
--

INSERT INTO public.gallery_album (id, tenant_id, title, description, cover_image_url, is_public, display_order, created_at, updated_at, created_by_id) VALUES (8332, 'tenant_demo_002', 'Chicago Malayalee Association', NULL, 'https://th.bing.com/th/id/OIP.C1VGUUaJiC1q8JsCiY7ZuwHaHa?w=153&h=180&c=7&r=0&o=7&pid=1.7&rm=3', true, 0, '2026-03-03 12:57:27.329', '2026-03-03 14:09:49.192824', NULL);


--
-- Data for Name: event_media; Type: TABLE DATA; Schema: public; Owner: event_site_admin
--

INSERT INTO public.event_media (id, tenant_id, title, description, event_media_type, storage_type, file_url, file_data_content_type, content_type, file_size, is_public, event_flyer, is_email_header_image, is_event_management_official_document, pre_signed_url, pre_signed_url_expires_at, alt_text, display_order, download_count, is_featured_video, featured_video_url, is_hero_image, is_active_hero_image, start_displaying_from_date, created_at, updated_at, event_id, uploaded_by_id, sponsor_id, event_sponsors_join_id, performer_id, director_id, priority_ranking, is_home_page_hero_image, home_page_hero_display_duration_seconds, is_featured_event_image, is_live_event_image, album_id, event_focus_group_id) VALUES (4150, 'tenant_demo_001', 'music_fest.jfif', '115943', 'image/jpeg', 'S3', 'https://eventapp-media-bucket.s3.us-east-2.amazonaws.com/events/tenantId/tenant_demo_001/event-id/1/music_fest_1750026380991_16eac442.jfif', NULL, 'image/jpeg', 13369, true, false, false, false, 'https://eventapp-media-bucket.s3.us-east-2.amazonaws.com/events/tenantId/tenant_demo_001/event-id/1/music_fest_1750026380991_16eac442.jfif?X-Amz-Algorithm=AWS4-HMAC-SHA256&X-Amz-Date=20250615T222621Z&X-Amz-SignedHeaders=host&X-Amz-Expires=3600&X-Amz-Credential=AKIATIT5HARDKCWNLQMU%2F20250615%2Fus-east-2%2Fs3%2Faws4_request&X-Amz-Signature=fe05c34013a10da60e63df0cc7bcf34a493ff96dbd9a732408bebcff759afe96', NULL, NULL, NULL, NULL, false, NULL, false, false, '2025-01-12', '2025-06-15 22:26:21.112', '2025-06-15 22:26:21.112', 1, 1, NULL, NULL, NULL, NULL, 0, false, NULL, false, false, NULL, NULL);
INSERT INTO public.event_media (id, tenant_id, title, description, event_media_type, storage_type, file_url, file_data_content_type, content_type, file_size, is_public, event_flyer, is_email_header_image, is_event_management_official_document, pre_signed_url, pre_signed_url_expires_at, alt_text, display_order, download_count, is_featured_video, featured_video_url, is_hero_image, is_active_hero_image, start_displaying_from_date, created_at, updated_at, event_id, uploaded_by_id, sponsor_id, event_sponsors_join_id, performer_id, director_id, priority_ranking, is_home_page_hero_image, home_page_hero_display_duration_seconds, is_featured_event_image, is_live_event_image, album_id, event_focus_group_id) VALUES (4200, 'tenant_demo_001', 'mens_party.jfif', '115944', 'image/jpeg', 'S3', 'https://eventapp-media-bucket.s3.us-east-2.amazonaws.com/events/tenantId/tenant_demo_001/event-id/1/mens_party_1750026380857_14c08f34.jfif', NULL, 'image/jpeg', 11908, true, false, false, false, 'https://eventapp-media-bucket.s3.us-east-2.amazonaws.com/events/tenantId/tenant_demo_001/event-id/1/mens_party_1750026380857_14c08f34.jfif?X-Amz-Algorithm=AWS4-HMAC-SHA256&X-Amz-Date=20250615T222620Z&X-Amz-SignedHeaders=host&X-Amz-Expires=3599&X-Amz-Credential=AKIATIT5HARDKCWNLQMU%2F20250615%2Fus-east-2%2Fs3%2Faws4_request&X-Amz-Signature=9b8f1373e82b4c9ef900736e3955434b27150e958e7816aa6e65bd9ae42e1080', NULL, NULL, NULL, NULL, false, NULL, false, false, '2025-01-14', '2025-06-15 22:26:20.99', '2025-06-15 22:26:20.99', 1, 1, NULL, NULL, NULL, NULL, 0, false, NULL, false, false, NULL, NULL);
INSERT INTO public.event_media (id, tenant_id, title, description, event_media_type, storage_type, file_url, file_data_content_type, content_type, file_size, is_public, event_flyer, is_email_header_image, is_event_management_official_document, pre_signed_url, pre_signed_url_expires_at, alt_text, display_order, download_count, is_featured_video, featured_video_url, is_hero_image, is_active_hero_image, start_displaying_from_date, created_at, updated_at, event_id, uploaded_by_id, sponsor_id, event_sponsors_join_id, performer_id, director_id, priority_ranking, is_home_page_hero_image, home_page_hero_display_duration_seconds, is_featured_event_image, is_live_event_image, album_id, event_focus_group_id) VALUES (4250, 'tenant_demo_001', 'kanj_cine_star_nite_2025.avif', '115945', 'image/avif', 'S3', 'https://eventapp-media-bucket.s3.us-east-2.amazonaws.com/events/tenantId/tenant_demo_001/event-id/1/kanj_cine_star_nite_2025_1750026380584_8b2bfa97.avif', NULL, 'image/avif', 76564, true, false, false, false, 'https://eventapp-media-bucket.s3.us-east-2.amazonaws.com/events/tenantId/tenant_demo_001/event-id/1/kanj_cine_star_nite_2025_1750026380584_8b2bfa97.avif?X-Amz-Algorithm=AWS4-HMAC-SHA256&X-Amz-Date=20250615T222620Z&X-Amz-SignedHeaders=host&X-Amz-Expires=3599&X-Amz-Credential=AKIATIT5HARDKCWNLQMU%2F20250615%2Fus-east-2%2Fs3%2Faws4_request&X-Amz-Signature=c73013131cf421a28789e4fa611ce521b4c6d2f7998fa2e72551c10aa70e8070', NULL, NULL, NULL, NULL, false, NULL, false, false, '2025-01-16', '2025-06-15 22:26:20.856', '2025-06-15 22:26:20.856', 1, 1, NULL, NULL, NULL, NULL, 0, false, NULL, false, false, NULL, NULL);
INSERT INTO public.event_media (id, tenant_id, title, description, event_media_type, storage_type, file_url, file_data_content_type, content_type, file_size, is_public, event_flyer, is_email_header_image, is_event_management_official_document, pre_signed_url, pre_signed_url_expires_at, alt_text, display_order, download_count, is_featured_video, featured_video_url, is_hero_image, is_active_hero_image, start_displaying_from_date, created_at, updated_at, event_id, uploaded_by_id, sponsor_id, event_sponsors_join_id, performer_id, director_id, priority_ranking, is_home_page_hero_image, home_page_hero_display_duration_seconds, is_featured_event_image, is_live_event_image, album_id, event_focus_group_id) VALUES (4300, 'tenant_demo_001', 'glow_party.jfif', '115946', 'image/jpeg', 'S3', 'https://eventapp-media-bucket.s3.us-east-2.amazonaws.com/events/tenantId/tenant_demo_001/event-id/1/glow_party_1750026380446_f58e53cd.jfif', NULL, 'image/jpeg', 14345, true, false, false, false, 'https://eventapp-media-bucket.s3.us-east-2.amazonaws.com/events/tenantId/tenant_demo_001/event-id/1/glow_party_1750026380446_f58e53cd.jfif?X-Amz-Algorithm=AWS4-HMAC-SHA256&X-Amz-Date=20250615T222620Z&X-Amz-SignedHeaders=host&X-Amz-Expires=3600&X-Amz-Credential=AKIATIT5HARDKCWNLQMU%2F20250615%2Fus-east-2%2Fs3%2Faws4_request&X-Amz-Signature=67f5380e4492f8716887259519c3d1e98ac6b969079e15f80396d38c6a1a4273', NULL, NULL, NULL, NULL, false, NULL, false, false, '2025-01-18', '2025-06-15 22:26:20.583', '2025-06-15 22:26:20.583', 1, 1, NULL, NULL, NULL, NULL, 0, false, NULL, false, false, NULL, NULL);
INSERT INTO public.event_media (id, tenant_id, title, description, event_media_type, storage_type, file_url, file_data_content_type, content_type, file_size, is_public, event_flyer, is_email_header_image, is_event_management_official_document, pre_signed_url, pre_signed_url_expires_at, alt_text, display_order, download_count, is_featured_video, featured_video_url, is_hero_image, is_active_hero_image, start_displaying_from_date, created_at, updated_at, event_id, uploaded_by_id, sponsor_id, event_sponsors_join_id, performer_id, director_id, priority_ranking, is_home_page_hero_image, home_page_hero_display_duration_seconds, is_featured_event_image, is_live_event_image, album_id, event_focus_group_id) VALUES (4350, 'tenant_demo_001', 'zxz', '115947', 'image/jpeg', 'S3', 'https://eventapp-media-bucket.s3.us-east-2.amazonaws.com/events/tenantId/tenant_demo_001/event-id/1/event-poster-music-event_1749958343913_61cef052.jpg', NULL, 'image/jpeg', 26137, true, false, false, false, 'https://eventapp-media-bucket.s3.us-east-2.amazonaws.com/events/tenantId/tenant_demo_001/event-id/1/event-poster-music-event_1749958343913_61cef052.jpg?X-Amz-Algorithm=AWS4-HMAC-SHA256&X-Amz-Date=20250615T033224Z&X-Amz-SignedHeaders=host&X-Amz-Expires=3599&X-Amz-Credential=AKIATIT5HARDKCWNLQMU%2F20250615%2Fus-east-2%2Fs3%2Faws4_request&X-Amz-Signature=f4a4017dbd783d610b73d436526f49fede315bf8f99b7c11e11f765fa0bcd712', NULL, NULL, NULL, NULL, false, NULL, false, false, '2025-01-20', '2025-06-15 03:32:24.279', '2025-06-15 03:32:24.279', 1, 1, NULL, NULL, NULL, NULL, 0, false, NULL, false, false, NULL, NULL);
INSERT INTO public.event_media (id, tenant_id, title, description, event_media_type, storage_type, file_url, file_data_content_type, content_type, file_size, is_public, event_flyer, is_email_header_image, is_event_management_official_document, pre_signed_url, pre_signed_url_expires_at, alt_text, display_order, download_count, is_featured_video, featured_video_url, is_hero_image, is_active_hero_image, start_displaying_from_date, created_at, updated_at, event_id, uploaded_by_id, sponsor_id, event_sponsors_join_id, performer_id, director_id, priority_ranking, is_home_page_hero_image, home_page_hero_display_duration_seconds, is_featured_event_image, is_live_event_image, album_id, event_focus_group_id) VALUES (4400, 'tenant_demo_001', 'xcxcxcxxcxcxc', '115948', 'image/jpeg', 'S3', 'https://eventapp-media-bucket.s3.us-east-2.amazonaws.com/events/tenantId/tenant_demo_001/event-id/4500/glow_party_1750045122643_236bc54f.jfif', NULL, 'image/jpeg', 14345, true, false, false, false, 'https://eventapp-media-bucket.s3.us-east-2.amazonaws.com/events/tenantId/tenant_demo_001/event-id/4500/glow_party_1750045122643_236bc54f.jfif?X-Amz-Algorithm=AWS4-HMAC-SHA256&X-Amz-Date=20250616T033843Z&X-Amz-SignedHeaders=host&X-Amz-Expires=3600&X-Amz-Credential=AKIATIT5HARDKCWNLQMU%2F20250616%2Fus-east-2%2Fs3%2Faws4_request&X-Amz-Signature=f58364d96ff6d0a6127e70f1bd13fa54fe5dda93961360cfb8f3048cc208ee3f', NULL, NULL, NULL, NULL, false, NULL, false, false, '2025-01-22', '2025-06-16 03:38:43.045', '2025-06-16 03:38:43.045', 1, 1, NULL, NULL, NULL, NULL, 0, false, NULL, false, false, NULL, NULL);
INSERT INTO public.event_media (id, tenant_id, title, description, event_media_type, storage_type, file_url, file_data_content_type, content_type, file_size, is_public, event_flyer, is_email_header_image, is_event_management_official_document, pre_signed_url, pre_signed_url_expires_at, alt_text, display_order, download_count, is_featured_video, featured_video_url, is_hero_image, is_active_hero_image, start_displaying_from_date, created_at, updated_at, event_id, uploaded_by_id, sponsor_id, event_sponsors_join_id, performer_id, director_id, priority_ranking, is_home_page_hero_image, home_page_hero_display_duration_seconds, is_featured_event_image, is_live_event_image, album_id, event_focus_group_id) VALUES (4500, 'tenant_demo_001', 'mens_party.jfif', NULL, 'image/jpeg', 'S3', 'https://eventapp-media-bucket.s3.us-east-2.amazonaws.com/events/tenantId/tenant_demo_001/event-id/4500/mens_party_1750045123229_c2447fa3.jfif', NULL, 'image/jpeg', 11908, true, false, false, false, 'https://eventapp-media-bucket.s3.us-east-2.amazonaws.com/events/tenantId/tenant_demo_001/event-id/4500/mens_party_1750045123229_c2447fa3.jfif?X-Amz-Algorithm=AWS4-HMAC-SHA256&X-Amz-Date=20250616T033843Z&X-Amz-SignedHeaders=host&X-Amz-Expires=3599&X-Amz-Credential=AKIATIT5HARDKCWNLQMU%2F20250616%2Fus-east-2%2Fs3%2Faws4_request&X-Amz-Signature=74d7c46ca459bfa5e451dd145e63b4b845b87fb8979796ee8dfd77e77262864c', NULL, NULL, NULL, NULL, false, NULL, false, false, '2025-01-26', '2025-06-16 03:38:43.33', '2025-06-16 03:38:43.33', 1, 1, NULL, NULL, NULL, NULL, 0, false, NULL, false, false, NULL, NULL);
INSERT INTO public.event_media (id, tenant_id, title, description, event_media_type, storage_type, file_url, file_data_content_type, content_type, file_size, is_public, event_flyer, is_email_header_image, is_event_management_official_document, pre_signed_url, pre_signed_url_expires_at, alt_text, display_order, download_count, is_featured_video, featured_video_url, is_hero_image, is_active_hero_image, start_displaying_from_date, created_at, updated_at, event_id, uploaded_by_id, sponsor_id, event_sponsors_join_id, performer_id, director_id, priority_ranking, is_home_page_hero_image, home_page_hero_display_duration_seconds, is_featured_event_image, is_live_event_image, album_id, event_focus_group_id) VALUES (4650, 'tenant_demo_001', 'music_fest.jfif', '115943', 'image/jpeg', 'S3', 'https://eventapp-media-bucket.s3.us-east-2.amazonaws.com/events/tenantId/tenant_demo_001/event-id/1/music_fest_1750026380991_16eac442.jfif', NULL, 'image/jpeg', 13369, true, false, false, false, 'https://eventapp-media-bucket.s3.us-east-2.amazonaws.com/events/tenantId/tenant_demo_001/event-id/1/music_fest_1750026380991_16eac442.jfif?X-Amz-Algorithm=AWS4-HMAC-SHA256&X-Amz-Date=20250615T222621Z&X-Amz-SignedHeaders=host&X-Amz-Expires=3600&X-Amz-Credential=AKIATIT5HARDKCWNLQMU%2F20250615%2Fus-east-2%2Fs3%2Faws4_request&X-Amz-Signature=fe05c34013a10da60e63df0cc7bcf34a493ff96dbd9a732408bebcff759afe96', NULL, NULL, NULL, NULL, false, NULL, false, false, '2025-01-12', '2025-06-15 22:26:21.112', '2025-06-15 22:26:21.112', 1, 1, NULL, NULL, NULL, NULL, 0, false, NULL, false, false, NULL, NULL);
INSERT INTO public.event_media (id, tenant_id, title, description, event_media_type, storage_type, file_url, file_data_content_type, content_type, file_size, is_public, event_flyer, is_email_header_image, is_event_management_official_document, pre_signed_url, pre_signed_url_expires_at, alt_text, display_order, download_count, is_featured_video, featured_video_url, is_hero_image, is_active_hero_image, start_displaying_from_date, created_at, updated_at, event_id, uploaded_by_id, sponsor_id, event_sponsors_join_id, performer_id, director_id, priority_ranking, is_home_page_hero_image, home_page_hero_display_duration_seconds, is_featured_event_image, is_live_event_image, album_id, event_focus_group_id) VALUES (4450, 'tenant_demo_002', 'kanj_cine_star_nite_2025.avif', NULL, 'image/avif', 'S3', 'https://eventapp-media-bucket.s3.us-east-2.amazonaws.com/events/tenantId/tenant_demo_001/event-id/4500/kanj_cine_star_nite_2025_1750045123063_470db4ac.avif', NULL, 'image/avif', 76564, true, false, false, false, 'https://eventapp-media-bucket.s3.us-east-2.amazonaws.com/events/tenantId/tenant_demo_001/event-id/4500/kanj_cine_star_nite_2025_1750045123063_470db4ac.avif?X-Amz-Algorithm=AWS4-HMAC-SHA256&X-Amz-Date=20250616T033843Z&X-Amz-SignedHeaders=host&X-Amz-Expires=3599&X-Amz-Credential=AKIATIT5HARDKCWNLQMU%2F20250616%2Fus-east-2%2Fs3%2Faws4_request&X-Amz-Signature=96f8190f8b95f7185b5d7f92423c3682577db0728032abee59b781f82e280718', NULL, NULL, NULL, NULL, false, NULL, false, false, '2025-01-24', '2025-06-16 03:38:43.228', '2025-06-16 03:38:43.228', 2, 1, NULL, NULL, NULL, NULL, 0, false, NULL, false, false, NULL, NULL);
INSERT INTO public.event_media (id, tenant_id, title, description, event_media_type, storage_type, file_url, file_data_content_type, content_type, file_size, is_public, event_flyer, is_email_header_image, is_event_management_official_document, pre_signed_url, pre_signed_url_expires_at, alt_text, display_order, download_count, is_featured_video, featured_video_url, is_hero_image, is_active_hero_image, start_displaying_from_date, created_at, updated_at, event_id, uploaded_by_id, sponsor_id, event_sponsors_join_id, performer_id, director_id, priority_ranking, is_home_page_hero_image, home_page_hero_display_duration_seconds, is_featured_event_image, is_live_event_image, album_id, event_focus_group_id) VALUES (4550, 'tenant_demo_002', 'street_fair.jfif', '115941', 'image/jpeg', 'S3', 'https://eventapp-media-bucket.s3.us-east-2.amazonaws.com/events/tenantId/tenant_demo_001/event-id/1/street_fair_1750026381257_f70e40cf.jfif', NULL, 'image/jpeg', 10551, true, false, false, false, 'https://eventapp-media-bucket.s3.us-east-2.amazonaws.com/events/tenantId/tenant_demo_001/event-id/1/street_fair_1750026381257_f70e40cf.jfif?X-Amz-Algorithm=AWS4-HMAC-SHA256&X-Amz-Date=20250615T222621Z&X-Amz-SignedHeaders=host&X-Amz-Expires=3600&X-Amz-Credential=AKIATIT5HARDKCWNLQMU%2F20250615%2Fus-east-2%2Fs3%2Faws4_request&X-Amz-Signature=7b739490bda78d4127fbeb267d77856a11cc59a83b24e90c666a76783393e15d', NULL, NULL, NULL, NULL, false, NULL, false, false, '2025-01-15', '2025-06-15 22:26:21.363', '2025-06-15 22:26:21.363', 2, 1, NULL, NULL, NULL, NULL, 0, false, NULL, false, false, NULL, NULL);
INSERT INTO public.event_media (id, tenant_id, title, description, event_media_type, storage_type, file_url, file_data_content_type, content_type, file_size, is_public, event_flyer, is_email_header_image, is_event_management_official_document, pre_signed_url, pre_signed_url_expires_at, alt_text, display_order, download_count, is_featured_video, featured_video_url, is_hero_image, is_active_hero_image, start_displaying_from_date, created_at, updated_at, event_id, uploaded_by_id, sponsor_id, event_sponsors_join_id, performer_id, director_id, priority_ranking, is_home_page_hero_image, home_page_hero_display_duration_seconds, is_featured_event_image, is_live_event_image, album_id, event_focus_group_id) VALUES (4700, 'tenant_demo_001', 'mens_party.jfif', '115944', 'image/jpeg', 'S3', 'https://eventapp-media-bucket.s3.us-east-2.amazonaws.com/events/tenantId/tenant_demo_001/event-id/1/mens_party_1750026380857_14c08f34.jfif', NULL, 'image/jpeg', 11908, true, false, false, false, 'https://eventapp-media-bucket.s3.us-east-2.amazonaws.com/events/tenantId/tenant_demo_001/event-id/1/mens_party_1750026380857_14c08f34.jfif?X-Amz-Algorithm=AWS4-HMAC-SHA256&X-Amz-Date=20250615T222620Z&X-Amz-SignedHeaders=host&X-Amz-Expires=3599&X-Amz-Credential=AKIATIT5HARDKCWNLQMU%2F20250615%2Fus-east-2%2Fs3%2Faws4_request&X-Amz-Signature=9b8f1373e82b4c9ef900736e3955434b27150e958e7816aa6e65bd9ae42e1080', NULL, NULL, NULL, NULL, false, NULL, false, false, '2025-01-14', '2025-06-15 22:26:20.99', '2025-06-15 22:26:20.99', 1, 1, NULL, NULL, NULL, NULL, 0, false, NULL, false, false, NULL, NULL);
INSERT INTO public.event_media (id, tenant_id, title, description, event_media_type, storage_type, file_url, file_data_content_type, content_type, file_size, is_public, event_flyer, is_email_header_image, is_event_management_official_document, pre_signed_url, pre_signed_url_expires_at, alt_text, display_order, download_count, is_featured_video, featured_video_url, is_hero_image, is_active_hero_image, start_displaying_from_date, created_at, updated_at, event_id, uploaded_by_id, sponsor_id, event_sponsors_join_id, performer_id, director_id, priority_ranking, is_home_page_hero_image, home_page_hero_display_duration_seconds, is_featured_event_image, is_live_event_image, album_id, event_focus_group_id) VALUES (4750, 'tenant_demo_001', 'kanj_cine_star_nite_2025.avif', '115945', 'image/avif', 'S3', 'https://eventapp-media-bucket.s3.us-east-2.amazonaws.com/events/tenantId/tenant_demo_001/event-id/1/kanj_cine_star_nite_2025_1750026380584_8b2bfa97.avif', NULL, 'image/avif', 76564, true, false, false, false, 'https://eventapp-media-bucket.s3.us-east-2.amazonaws.com/events/tenantId/tenant_demo_001/event-id/1/kanj_cine_star_nite_2025_1750026380584_8b2bfa97.avif?X-Amz-Algorithm=AWS4-HMAC-SHA256&X-Amz-Date=20250615T222620Z&X-Amz-SignedHeaders=host&X-Amz-Expires=3599&X-Amz-Credential=AKIATIT5HARDKCWNLQMU%2F20250615%2Fus-east-2%2Fs3%2Faws4_request&X-Amz-Signature=c73013131cf421a28789e4fa611ce521b4c6d2f7998fa2e72551c10aa70e8070', NULL, NULL, NULL, NULL, false, NULL, false, false, '2025-01-16', '2025-06-15 22:26:20.856', '2025-06-15 22:26:20.856', 1, 1, NULL, NULL, NULL, NULL, 0, false, NULL, false, false, NULL, NULL);
INSERT INTO public.event_media (id, tenant_id, title, description, event_media_type, storage_type, file_url, file_data_content_type, content_type, file_size, is_public, event_flyer, is_email_header_image, is_event_management_official_document, pre_signed_url, pre_signed_url_expires_at, alt_text, display_order, download_count, is_featured_video, featured_video_url, is_hero_image, is_active_hero_image, start_displaying_from_date, created_at, updated_at, event_id, uploaded_by_id, sponsor_id, event_sponsors_join_id, performer_id, director_id, priority_ranking, is_home_page_hero_image, home_page_hero_display_duration_seconds, is_featured_event_image, is_live_event_image, album_id, event_focus_group_id) VALUES (4800, 'tenant_demo_001', 'glow_party.jfif', '115946', 'image/jpeg', 'S3', 'https://eventapp-media-bucket.s3.us-east-2.amazonaws.com/events/tenantId/tenant_demo_001/event-id/1/glow_party_1750026380446_f58e53cd.jfif', NULL, 'image/jpeg', 14345, true, false, false, false, 'https://eventapp-media-bucket.s3.us-east-2.amazonaws.com/events/tenantId/tenant_demo_001/event-id/1/glow_party_1750026380446_f58e53cd.jfif?X-Amz-Algorithm=AWS4-HMAC-SHA256&X-Amz-Date=20250615T222620Z&X-Amz-SignedHeaders=host&X-Amz-Expires=3600&X-Amz-Credential=AKIATIT5HARDKCWNLQMU%2F20250615%2Fus-east-2%2Fs3%2Faws4_request&X-Amz-Signature=67f5380e4492f8716887259519c3d1e98ac6b969079e15f80396d38c6a1a4273', NULL, NULL, NULL, NULL, false, NULL, false, false, '2025-01-18', '2025-06-15 22:26:20.583', '2025-06-15 22:26:20.583', 1, 1, NULL, NULL, NULL, NULL, 0, false, NULL, false, false, NULL, NULL);
INSERT INTO public.event_media (id, tenant_id, title, description, event_media_type, storage_type, file_url, file_data_content_type, content_type, file_size, is_public, event_flyer, is_email_header_image, is_event_management_official_document, pre_signed_url, pre_signed_url_expires_at, alt_text, display_order, download_count, is_featured_video, featured_video_url, is_hero_image, is_active_hero_image, start_displaying_from_date, created_at, updated_at, event_id, uploaded_by_id, sponsor_id, event_sponsors_join_id, performer_id, director_id, priority_ranking, is_home_page_hero_image, home_page_hero_display_duration_seconds, is_featured_event_image, is_live_event_image, album_id, event_focus_group_id) VALUES (4850, 'tenant_demo_001', 'zxz', '115947', 'image/jpeg', 'S3', 'https://eventapp-media-bucket.s3.us-east-2.amazonaws.com/events/tenantId/tenant_demo_001/event-id/1/event-poster-music-event_1749958343913_61cef052.jpg', NULL, 'image/jpeg', 26137, true, false, false, false, 'https://eventapp-media-bucket.s3.us-east-2.amazonaws.com/events/tenantId/tenant_demo_001/event-id/1/event-poster-music-event_1749958343913_61cef052.jpg?X-Amz-Algorithm=AWS4-HMAC-SHA256&X-Amz-Date=20250615T033224Z&X-Amz-SignedHeaders=host&X-Amz-Expires=3599&X-Amz-Credential=AKIATIT5HARDKCWNLQMU%2F20250615%2Fus-east-2%2Fs3%2Faws4_request&X-Amz-Signature=f4a4017dbd783d610b73d436526f49fede315bf8f99b7c11e11f765fa0bcd712', NULL, NULL, NULL, NULL, false, NULL, false, false, '2025-01-20', '2025-06-15 03:32:24.279', '2025-06-15 03:32:24.279', 1, 1, NULL, NULL, NULL, NULL, 0, false, NULL, false, false, NULL, NULL);
INSERT INTO public.event_media (id, tenant_id, title, description, event_media_type, storage_type, file_url, file_data_content_type, content_type, file_size, is_public, event_flyer, is_email_header_image, is_event_management_official_document, pre_signed_url, pre_signed_url_expires_at, alt_text, display_order, download_count, is_featured_video, featured_video_url, is_hero_image, is_active_hero_image, start_displaying_from_date, created_at, updated_at, event_id, uploaded_by_id, sponsor_id, event_sponsors_join_id, performer_id, director_id, priority_ranking, is_home_page_hero_image, home_page_hero_display_duration_seconds, is_featured_event_image, is_live_event_image, album_id, event_focus_group_id) VALUES (4900, 'tenant_demo_001', 'xcxcxcxxcxcxc', '115948', 'image/jpeg', 'S3', 'https://eventapp-media-bucket.s3.us-east-2.amazonaws.com/events/tenantId/tenant_demo_001/event-id/4500/glow_party_1750045122643_236bc54f.jfif', NULL, 'image/jpeg', 14345, true, false, false, false, 'https://eventapp-media-bucket.s3.us-east-2.amazonaws.com/events/tenantId/tenant_demo_001/event-id/4500/glow_party_1750045122643_236bc54f.jfif?X-Amz-Algorithm=AWS4-HMAC-SHA256&X-Amz-Date=20250616T033843Z&X-Amz-SignedHeaders=host&X-Amz-Expires=3600&X-Amz-Credential=AKIATIT5HARDKCWNLQMU%2F20250616%2Fus-east-2%2Fs3%2Faws4_request&X-Amz-Signature=f58364d96ff6d0a6127e70f1bd13fa54fe5dda93961360cfb8f3048cc208ee3f', NULL, NULL, NULL, NULL, false, NULL, false, false, '2025-01-22', '2025-06-16 03:38:43.045', '2025-06-16 03:38:43.045', 1, 1, NULL, NULL, NULL, NULL, 0, false, NULL, false, false, NULL, NULL);
INSERT INTO public.event_media (id, tenant_id, title, description, event_media_type, storage_type, file_url, file_data_content_type, content_type, file_size, is_public, event_flyer, is_email_header_image, is_event_management_official_document, pre_signed_url, pre_signed_url_expires_at, alt_text, display_order, download_count, is_featured_video, featured_video_url, is_hero_image, is_active_hero_image, start_displaying_from_date, created_at, updated_at, event_id, uploaded_by_id, sponsor_id, event_sponsors_join_id, performer_id, director_id, priority_ranking, is_home_page_hero_image, home_page_hero_display_duration_seconds, is_featured_event_image, is_live_event_image, album_id, event_focus_group_id) VALUES (5000, 'tenant_demo_001', 'mens_party.jfif', NULL, 'image/jpeg', 'S3', 'https://eventapp-media-bucket.s3.us-east-2.amazonaws.com/events/tenantId/tenant_demo_001/event-id/4500/mens_party_1750045123229_c2447fa3.jfif', NULL, 'image/jpeg', 11908, true, false, false, false, 'https://eventapp-media-bucket.s3.us-east-2.amazonaws.com/events/tenantId/tenant_demo_001/event-id/4500/mens_party_1750045123229_c2447fa3.jfif?X-Amz-Algorithm=AWS4-HMAC-SHA256&X-Amz-Date=20250616T033843Z&X-Amz-SignedHeaders=host&X-Amz-Expires=3599&X-Amz-Credential=AKIATIT5HARDKCWNLQMU%2F20250616%2Fus-east-2%2Fs3%2Faws4_request&X-Amz-Signature=74d7c46ca459bfa5e451dd145e63b4b845b87fb8979796ee8dfd77e77262864c', NULL, NULL, NULL, NULL, false, NULL, false, false, '2025-01-26', '2025-06-16 03:38:43.33', '2025-06-16 03:38:43.33', 1, 1, NULL, NULL, NULL, NULL, 0, false, NULL, false, false, NULL, NULL);
INSERT INTO public.event_media (id, tenant_id, title, description, event_media_type, storage_type, file_url, file_data_content_type, content_type, file_size, is_public, event_flyer, is_email_header_image, is_event_management_official_document, pre_signed_url, pre_signed_url_expires_at, alt_text, display_order, download_count, is_featured_video, featured_video_url, is_hero_image, is_active_hero_image, start_displaying_from_date, created_at, updated_at, event_id, uploaded_by_id, sponsor_id, event_sponsors_join_id, performer_id, director_id, priority_ranking, is_home_page_hero_image, home_page_hero_display_duration_seconds, is_featured_event_image, is_live_event_image, album_id, event_focus_group_id) VALUES (5050, 'tenant_demo_001', 'music_fest.jfif', NULL, 'image/jpeg', 'S3', 'https://eventapp-media-bucket.s3.us-east-2.amazonaws.com/events/tenantId/tenant_demo_001/event-id/4500/music_fest_1750045123331_4703ef82.jfif', NULL, 'image/jpeg', 13369, true, false, false, false, 'https://eventapp-media-bucket.s3.us-east-2.amazonaws.com/events/tenantId/tenant_demo_001/event-id/4500/music_fest_1750045123331_4703ef82.jfif?X-Amz-Algorithm=AWS4-HMAC-SHA256&X-Amz-Date=20250616T033843Z&X-Amz-SignedHeaders=host&X-Amz-Expires=3600&X-Amz-Credential=AKIATIT5HARDKCWNLQMU%2F20250616%2Fus-east-2%2Fs3%2Faws4_request&X-Amz-Signature=ccafab0578292825faf548600cc8c7b7b97623ed7dff502f5bc3da8d9be5dd2c', NULL, NULL, NULL, NULL, false, NULL, false, false, '2025-01-28', '2025-06-16 03:38:43.437', '2025-06-16 03:38:43.437', 1, 1, NULL, NULL, NULL, NULL, 0, false, NULL, false, false, NULL, NULL);
INSERT INTO public.event_media (id, tenant_id, title, description, event_media_type, storage_type, file_url, file_data_content_type, content_type, file_size, is_public, event_flyer, is_email_header_image, is_event_management_official_document, pre_signed_url, pre_signed_url_expires_at, alt_text, display_order, download_count, is_featured_video, featured_video_url, is_hero_image, is_active_hero_image, start_displaying_from_date, created_at, updated_at, event_id, uploaded_by_id, sponsor_id, event_sponsors_join_id, performer_id, director_id, priority_ranking, is_home_page_hero_image, home_page_hero_display_duration_seconds, is_featured_event_image, is_live_event_image, album_id, event_focus_group_id) VALUES (5100, 'tenant_demo_001', 'night_party.jfif', NULL, 'image/jpeg', 'S3', 'https://eventapp-media-bucket.s3.us-east-2.amazonaws.com/events/tenantId/tenant_demo_001/event-id/4500/night_party_1750045123438_59d4ca6c.jfif', NULL, 'image/jpeg', 8851, true, false, false, false, 'https://eventapp-media-bucket.s3.us-east-2.amazonaws.com/events/tenantId/tenant_demo_001/event-id/4500/night_party_1750045123438_59d4ca6c.jfif?X-Amz-Algorithm=AWS4-HMAC-SHA256&X-Amz-Date=20250616T033843Z&X-Amz-SignedHeaders=host&X-Amz-Expires=3600&X-Amz-Credential=AKIATIT5HARDKCWNLQMU%2F20250616%2Fus-east-2%2Fs3%2Faws4_request&X-Amz-Signature=89011e0a4126acad5b6e9c231c6813f3079fca0ad3a8bf3276fedb8b69b948', NULL, NULL, NULL, NULL, false, NULL, false, false, '2025-01-30', '2025-06-16 03:38:43.54', '2025-06-16 03:38:43.54', 1, 1, NULL, NULL, NULL, NULL, 0, false, NULL, false, false, NULL, NULL);
INSERT INTO public.event_media (id, tenant_id, title, description, event_media_type, storage_type, file_url, file_data_content_type, content_type, file_size, is_public, event_flyer, is_email_header_image, is_event_management_official_document, pre_signed_url, pre_signed_url_expires_at, alt_text, display_order, download_count, is_featured_video, featured_video_url, is_hero_image, is_active_hero_image, start_displaying_from_date, created_at, updated_at, event_id, uploaded_by_id, sponsor_id, event_sponsors_join_id, performer_id, director_id, priority_ranking, is_home_page_hero_image, home_page_hero_display_duration_seconds, is_featured_event_image, is_live_event_image, album_id, event_focus_group_id) VALUES (5150, 'tenant_demo_001', 'kanj_cine_star_nite_2025.avif', NULL, 'image/avif', 'S3', 'https://eventapp-media-bucket.s3.us-east-2.amazonaws.com/events/tenantId/tenant_demo_001/event-id/1/kanj_cine_star_nite_2025_1750611778776_7cd3457e.avif', NULL, 'image/avif', 76564, true, false, false, false, 'https://eventapp-media-bucket.s3.us-east-2.amazonaws.com/events/tenantId/tenant_demo_001/event-id/1/kanj_cine_star_nite_2025_1750611778776_7cd3457e.avif?X-Amz-Algorithm=AWS4-HMAC-SHA256&X-Amz-Date=20250622T170300Z&X-Amz-SignedHeaders=host&X-Amz-Expires=3600&X-Amz-Credential=AKIATIT5HARDKCWNLQMU%2F20250622%2Fus-east-2%2Fs3%2Faws4_request&X-Amz-Signature=b57df8d480ce0e14365a1fe584665d8bc32608b186c5ce0a562a8010e014b690', NULL, NULL, NULL, NULL, NULL, NULL, false, false, '2025-01-05', '2025-06-22 17:03:00.151', '2025-06-22 17:03:00.151', 1, 4651, NULL, NULL, NULL, NULL, 0, false, NULL, false, false, NULL, NULL);
INSERT INTO public.event_media (id, tenant_id, title, description, event_media_type, storage_type, file_url, file_data_content_type, content_type, file_size, is_public, event_flyer, is_email_header_image, is_event_management_official_document, pre_signed_url, pre_signed_url_expires_at, alt_text, display_order, download_count, is_featured_video, featured_video_url, is_hero_image, is_active_hero_image, start_displaying_from_date, created_at, updated_at, event_id, uploaded_by_id, sponsor_id, event_sponsors_join_id, performer_id, director_id, priority_ranking, is_home_page_hero_image, home_page_hero_display_duration_seconds, is_featured_event_image, is_live_event_image, album_id, event_focus_group_id) VALUES (5402, 'tenant_demo_001', 'khnk', NULL, 'image/png', 'S3', 'https://eventapp-media-bucket.s3.us-east-2.amazonaws.com/events/tenantId/tenant_demo_001/event-id/1/khnj_onam_2025_1920px_with_bgc_1757362420545_1f202d92.png', NULL, NULL, 610808, true, false, false, false, 'https://eventapp-media-bucket.s3.us-east-2.amazonaws.com/events/tenantId/tenant_demo_001/event-id/1/khnj_onam_2025_1920px_with_bgc_1757362420545_1f202d92.png?X-Amz-Algorithm=AWS4-HMAC-SHA256&X-Amz-Date=20250908T201341Z&X-Amz-SignedHeaders=host&X-Amz-Expires=3599&X-Amz-Credential=AKIATIT5HARDKCWNLQMU%2F20250908%2Fus-east-2%2Fs3%2Faws4_request&X-Amz-Signature=26e42a666e09bc9746d8d70b17835b513d1030ab54d5c27afcf3be9261bc3025', NULL, NULL, NULL, NULL, false, '', false, false, '2025-09-08', '2025-09-08 20:13:41.173', '2025-09-09 18:30:53.715', 1, 4651, NULL, NULL, NULL, NULL, 0, true, NULL, false, false, NULL, NULL);
INSERT INTO public.event_media (id, tenant_id, title, description, event_media_type, storage_type, file_url, file_data_content_type, content_type, file_size, is_public, event_flyer, is_email_header_image, is_event_management_official_document, pre_signed_url, pre_signed_url_expires_at, alt_text, display_order, download_count, is_featured_video, featured_video_url, is_hero_image, is_active_hero_image, start_displaying_from_date, created_at, updated_at, event_id, uploaded_by_id, sponsor_id, event_sponsors_join_id, performer_id, director_id, priority_ranking, is_home_page_hero_image, home_page_hero_display_duration_seconds, is_featured_event_image, is_live_event_image, album_id, event_focus_group_id) VALUES (5451, 'tenant_demo_001', 'khnj live and feature', '', 'image/jpeg', 'S3', 'https://eventapp-media-bucket.s3.us-east-2.amazonaws.com/events/tenantId/tenant_demo_001/event-id/1/khnj_onam_2025_1920px_1757429409289_4693cd88.jpg', NULL, NULL, 246487, true, true, false, false, 'https://eventapp-media-bucket.s3.us-east-2.amazonaws.com/events/tenantId/tenant_demo_001/event-id/1/khnj_onam_2025_1920px_1757429409289_4693cd88.jpg?X-Amz-Algorithm=AWS4-HMAC-SHA256&X-Amz-Date=20250909T145010Z&X-Amz-SignedHeaders=host&X-Amz-Expires=3599&X-Amz-Credential=AKIATIT5HARDKCWNLQMU%2F20250909%2Fus-east-2%2Fs3%2Faws4_request&X-Amz-Signature=4ee19c1217837ca7002149666f76c23868cad2d68902614eb2e24d647a693437', NULL, '', NULL, NULL, false, '', true, false, '2025-09-09', '2025-09-09 14:50:10.906', '2025-09-09 20:06:20.229', 1, 4651, NULL, NULL, NULL, NULL, 0, true, NULL, true, true, NULL, NULL);
INSERT INTO public.event_media (id, tenant_id, title, description, event_media_type, storage_type, file_url, file_data_content_type, content_type, file_size, is_public, event_flyer, is_email_header_image, is_event_management_official_document, pre_signed_url, pre_signed_url_expires_at, alt_text, display_order, download_count, is_featured_video, featured_video_url, is_hero_image, is_active_hero_image, start_displaying_from_date, created_at, updated_at, event_id, uploaded_by_id, sponsor_id, event_sponsors_join_id, performer_id, director_id, priority_ranking, is_home_page_hero_image, home_page_hero_display_duration_seconds, is_featured_event_image, is_live_event_image, album_id, event_focus_group_id) VALUES (6952, 'tenant_demo_002', 'xcxcx', 'cxcxcxcxcxc', 'image/webp', 'S3', 'https://eventapp-media-bucket.s3.us-east-2.amazonaws.com/dev/events/tenantId/tenant_demo_002/event-id/6356/event_media_1763619290070_8bef917a.webp', NULL, NULL, 169988, true, false, false, false, 'https://eventapp-media-bucket.s3.us-east-2.amazonaws.com/dev/events/tenantId/tenant_demo_002/event-id/6356/event_media_1763619290070_8bef917a.webp?X-Amz-Algorithm=AWS4-HMAC-SHA256&X-Amz-Date=20251120T061451Z&X-Amz-SignedHeaders=host&X-Amz-Expires=3599&X-Amz-Credential=AKIATIT5HARDH77LVIYW%2F20251120%2Fus-east-2%2Fs3%2Faws4_request&X-Amz-Signature=0fb6f5d87f06a599cae5affdb1d15a4d5fda6c04f6019dd6a2f844378ae267cb', NULL, NULL, NULL, NULL, NULL, NULL, false, false, '2025-11-20', '2025-11-20 06:14:51.317342', '2025-11-20 06:14:51.317342', 6852, 4651, NULL, NULL, NULL, NULL, 0, true, NULL, false, false, NULL, NULL);
INSERT INTO public.event_media (id, tenant_id, title, description, event_media_type, storage_type, file_url, file_data_content_type, content_type, file_size, is_public, event_flyer, is_email_header_image, is_event_management_official_document, pre_signed_url, pre_signed_url_expires_at, alt_text, display_order, download_count, is_featured_video, featured_video_url, is_hero_image, is_active_hero_image, start_displaying_from_date, created_at, updated_at, event_id, uploaded_by_id, sponsor_id, event_sponsors_join_id, performer_id, director_id, priority_ranking, is_home_page_hero_image, home_page_hero_display_duration_seconds, is_featured_event_image, is_live_event_image, album_id, event_focus_group_id) VALUES (4152, 'tenant_demo_002', 'hero_image_knanaya_ikcc_ny_800_X_1200_resized from_1920_width', 'hero_image_knanaya_ikcc_ny_800_X_1200_resized from_1920_width', 'image/jpeg', 'S3', 'https://eventapp-media-bucket.s3.us-east-2.amazonaws.com/events/tenantId/tenant_demo_002/event-id/3/hero_image_knanaya_ikcc_ny_800_X_1200_resized_from_1920_width_1762145367871_5cb9100b.jpeg', NULL, NULL, 174308, true, false, false, false, 'https://eventapp-media-bucket.s3.us-east-2.amazonaws.com/events/tenantId/tenant_demo_002/event-id/3/hero_image_knanaya_ikcc_ny_800_X_1200_resized_from_1920_width_1762145367871_5cb9100b.jpeg?X-Amz-Algorithm=AWS4-HMAC-SHA256&X-Amz-Date=20251103T044928Z&X-Amz-SignedHeaders=host&X-Amz-Expires=3599&X-Amz-Credential=AKIATIT5HARDH77LVIYW%2F20251103%2Fus-east-2%2Fs3%2Faws4_request&X-Amz-Signature=2d337166dcc6f1d46f90d3b70465054e76a31f1a5d0ea3058fdff05143e81df2', NULL, NULL, NULL, NULL, NULL, NULL, false, false, '2025-11-02', '2025-11-03 04:49:28.329625', '2025-11-03 04:49:28.329625', 3, 4651, NULL, NULL, NULL, NULL, 0, true, NULL, false, false, NULL, NULL);
INSERT INTO public.event_media (id, tenant_id, title, description, event_media_type, storage_type, file_url, file_data_content_type, content_type, file_size, is_public, event_flyer, is_email_header_image, is_event_management_official_document, pre_signed_url, pre_signed_url_expires_at, alt_text, display_order, download_count, is_featured_video, featured_video_url, is_hero_image, is_active_hero_image, start_displaying_from_date, created_at, updated_at, event_id, uploaded_by_id, sponsor_id, event_sponsors_join_id, performer_id, director_id, priority_ranking, is_home_page_hero_image, home_page_hero_display_duration_seconds, is_featured_event_image, is_live_event_image, album_id, event_focus_group_id) VALUES (4600, 'tenant_demo_002', 'night_party.jfif', '115942', 'image/jpeg', 'S3', 'https://eventapp-media-bucket.s3.us-east-2.amazonaws.com/events/tenantId/tenant_demo_001/event-id/1/night_party_1750026381113_69263496.jfif', NULL, 'image/jpeg', 8851, true, false, false, false, 'https://eventapp-media-bucket.s3.us-east-2.amazonaws.com/events/tenantId/tenant_demo_001/event-id/1/night_party_1750026381113_69263496.jfif?X-Amz-Algorithm=AWS4-HMAC-SHA256&X-Amz-Date=20250615T222621Z&X-Amz-SignedHeaders=host&X-Amz-Expires=3599&X-Amz-Credential=AKIATIT5HARDKCWNLQMU%2F20250615%2Fus-east-2%2Fs3%2Faws4_request&X-Amz-Signature=976a14bab785e95765850160c250285fa2408035afc3b3eb7354e497769c5ffa', NULL, NULL, NULL, NULL, false, NULL, false, false, '2025-01-10', '2025-06-15 22:26:21.256', '2025-06-15 22:26:21.256', 3, 1, NULL, NULL, NULL, NULL, 0, false, NULL, false, false, NULL, NULL);
INSERT INTO public.event_media (id, tenant_id, title, description, event_media_type, storage_type, file_url, file_data_content_type, content_type, file_size, is_public, event_flyer, is_email_header_image, is_event_management_official_document, pre_signed_url, pre_signed_url_expires_at, alt_text, display_order, download_count, is_featured_video, featured_video_url, is_hero_image, is_active_hero_image, start_displaying_from_date, created_at, updated_at, event_id, uploaded_by_id, sponsor_id, event_sponsors_join_id, performer_id, director_id, priority_ranking, is_home_page_hero_image, home_page_hero_display_duration_seconds, is_featured_event_image, is_live_event_image, album_id, event_focus_group_id) VALUES (4153, 'tenant_demo_002', 'bbccbcb', 'cbcbcbccbcbc', 'image/jpeg', 'S3', 'https://eventapp-media-bucket.s3.us-east-2.amazonaws.com/events/tenantId/tenant_demo_002/event-id/3/event_2_buy_tickets_sep_15_parsippany_1762187468850_f18ef751.jpeg', NULL, NULL, 784621, true, false, false, false, 'https://eventapp-media-bucket.s3.us-east-2.amazonaws.com/events/tenantId/tenant_demo_002/event-id/3/event_2_buy_tickets_sep_15_parsippany_1762187468850_f18ef751.jpeg?X-Amz-Algorithm=AWS4-HMAC-SHA256&X-Amz-Date=20251103T163110Z&X-Amz-SignedHeaders=host&X-Amz-Expires=3600&X-Amz-Credential=AKIATIT5HARDH77LVIYW%2F20251103%2Fus-east-2%2Fs3%2Faws4_request&X-Amz-Signature=b6cc3ae7f6a05ecda590bbf9acc131b89ea908ffe5172bed6a748fee67842ffb', NULL, NULL, NULL, NULL, NULL, NULL, false, false, '2025-11-03', '2025-11-03 16:31:10.45941', '2025-11-03 16:31:10.45941', 3, 4651, NULL, NULL, NULL, NULL, 0, false, NULL, false, false, NULL, NULL);
INSERT INTO public.event_media (id, tenant_id, title, description, event_media_type, storage_type, file_url, file_data_content_type, content_type, file_size, is_public, event_flyer, is_email_header_image, is_event_management_official_document, pre_signed_url, pre_signed_url_expires_at, alt_text, display_order, download_count, is_featured_video, featured_video_url, is_hero_image, is_active_hero_image, start_displaying_from_date, created_at, updated_at, event_id, uploaded_by_id, sponsor_id, event_sponsors_join_id, performer_id, director_id, priority_ranking, is_home_page_hero_image, home_page_hero_display_duration_seconds, is_featured_event_image, is_live_event_image, album_id, event_focus_group_id) VALUES (5250, 'tenant_demo_002', 'sdsdsdsds', NULL, 'image/jpeg', 'S3', 'https://eventapp-media-bucket.s3.us-east-2.amazonaws.com/events/tenantId/tenant_demo_001/event-id/2/buy_tickets_sep_15_parsippany_1756991584906_90744672.jpeg', NULL, NULL, 784621, true, false, false, false, 'https://eventapp-media-bucket.s3.us-east-2.amazonaws.com/events/tenantId/tenant_demo_001/event-id/2/buy_tickets_sep_15_parsippany_1756991584906_90744672.jpeg?X-Amz-Algorithm=AWS4-HMAC-SHA256&X-Amz-Date=20250904T131305Z&X-Amz-SignedHeaders=host&X-Amz-Expires=3599&X-Amz-Credential=AKIATIT5HARDKCWNLQMU%2F20250904%2Fus-east-2%2Fs3%2Faws4_request&X-Amz-Signature=2d3625454d2ece527eaa30d040cb768fee4f83dc6353bb5ff73ba2fc87992aee', NULL, NULL, NULL, NULL, NULL, NULL, false, false, '2025-01-12', '2025-09-04 13:13:05.128', '2025-09-04 13:13:05.128', 2, 4651, NULL, NULL, NULL, NULL, 0, false, NULL, false, false, NULL, NULL);
INSERT INTO public.event_media (id, tenant_id, title, description, event_media_type, storage_type, file_url, file_data_content_type, content_type, file_size, is_public, event_flyer, is_email_header_image, is_event_management_official_document, pre_signed_url, pre_signed_url_expires_at, alt_text, display_order, download_count, is_featured_video, featured_video_url, is_hero_image, is_active_hero_image, start_displaying_from_date, created_at, updated_at, event_id, uploaded_by_id, sponsor_id, event_sponsors_join_id, performer_id, director_id, priority_ranking, is_home_page_hero_image, home_page_hero_display_duration_seconds, is_featured_event_image, is_live_event_image, album_id, event_focus_group_id) VALUES (5300, 'tenant_demo_002', 'zxzxzxzx', NULL, 'image/jpeg', 'S3', 'https://eventapp-media-bucket.s3.us-east-2.amazonaws.com/events/tenantId/tenant_demo_001/event-id/2/email_header_image_1756991610137_e08b48f1.jpeg', NULL, NULL, 193978, true, false, false, false, 'https://eventapp-media-bucket.s3.us-east-2.amazonaws.com/events/tenantId/tenant_demo_001/event-id/2/email_header_image_1756991610137_e08b48f1.jpeg?X-Amz-Algorithm=AWS4-HMAC-SHA256&X-Amz-Date=20250904T131330Z&X-Amz-SignedHeaders=host&X-Amz-Expires=3600&X-Amz-Credential=AKIATIT5HARDKCWNLQMU%2F20250904%2Fus-east-2%2Fs3%2Faws4_request&X-Amz-Signature=8d7ac38ab728bbf45e195682f5d973881daa8275e91ab4100ca5c76614b4291e', NULL, NULL, NULL, NULL, NULL, NULL, false, false, '2025-01-14', '2025-09-04 13:13:30.272', '2025-09-04 13:13:30.272', 2, 4651, NULL, NULL, NULL, NULL, 0, false, NULL, false, false, NULL, NULL);
INSERT INTO public.event_media (id, tenant_id, title, description, event_media_type, storage_type, file_url, file_data_content_type, content_type, file_size, is_public, event_flyer, is_email_header_image, is_event_management_official_document, pre_signed_url, pre_signed_url_expires_at, alt_text, display_order, download_count, is_featured_video, featured_video_url, is_hero_image, is_active_hero_image, start_displaying_from_date, created_at, updated_at, event_id, uploaded_by_id, sponsor_id, event_sponsors_join_id, performer_id, director_id, priority_ranking, is_home_page_hero_image, home_page_hero_display_duration_seconds, is_featured_event_image, is_live_event_image, album_id, event_focus_group_id) VALUES (5350, 'tenant_demo_002', 'xcxcxcxcxcx', '', 'image/jpeg', 'S3', 'https://eventapp-media-bucket.s3.us-east-2.amazonaws.com/events/tenantId/tenant_demo_001/event-id/2/spark_kerala_event_2025_1756991634380_5a3890d1.jpeg', NULL, NULL, 194143, true, false, false, false, 'https://eventapp-media-bucket.s3.us-east-2.amazonaws.com/events/tenantId/tenant_demo_001/event-id/2/spark_kerala_event_2025_1756991634380_5a3890d1.jpeg?X-Amz-Algorithm=AWS4-HMAC-SHA256&X-Amz-Date=20250904T131354Z&X-Amz-SignedHeaders=host&X-Amz-Expires=3600&X-Amz-Credential=AKIATIT5HARDKCWNLQMU%2F20250904%2Fus-east-2%2Fs3%2Faws4_request&X-Amz-Signature=f969bf5b8e8a6dae8a94982f2361649a8d23dd66cf3954c01d7c1ef1297249ba', NULL, '', NULL, NULL, false, '', false, false, '2025-01-16', '2025-09-04 13:13:54.508', '2025-09-09 16:47:27.529', 2, 4651, NULL, NULL, NULL, NULL, 0, true, NULL, false, false, NULL, NULL);
INSERT INTO public.event_media (id, tenant_id, title, description, event_media_type, storage_type, file_url, file_data_content_type, content_type, file_size, is_public, event_flyer, is_email_header_image, is_event_management_official_document, pre_signed_url, pre_signed_url_expires_at, alt_text, display_order, download_count, is_featured_video, featured_video_url, is_hero_image, is_active_hero_image, start_displaying_from_date, created_at, updated_at, event_id, uploaded_by_id, sponsor_id, event_sponsors_join_id, performer_id, director_id, priority_ranking, is_home_page_hero_image, home_page_hero_display_duration_seconds, is_featured_event_image, is_live_event_image, album_id, event_focus_group_id) VALUES (4157, 'tenant_demo_002', 'bbccbcb', 'cbcbcbccbcbc', 'image/jpeg', 'S3', 'https://eventapp-media-bucket.s3.us-east-2.amazonaws.com/events/tenantId/tenant_demo_002/event-id/3/event_2_spark_kerala_event_2025_1920px_1762187471901_1b506422.jpeg', NULL, NULL, 193978, true, false, false, false, 'https://eventapp-media-bucket.s3.us-east-2.amazonaws.com/events/tenantId/tenant_demo_002/event-id/3/event_2_spark_kerala_event_2025_1920px_1762187471901_1b506422.jpeg?X-Amz-Algorithm=AWS4-HMAC-SHA256&X-Amz-Date=20251103T163112Z&X-Amz-SignedHeaders=host&X-Amz-Expires=3599&X-Amz-Credential=AKIATIT5HARDH77LVIYW%2F20251103%2Fus-east-2%2Fs3%2Faws4_request&X-Amz-Signature=eb4d221e1d74ac2964b40d664a46b10dfb68c84bbb6a9b27882ca24d19fb25c5', NULL, NULL, NULL, NULL, NULL, NULL, false, false, '2025-11-03', '2025-11-03 16:31:12.127201', '2025-11-03 16:31:12.127201', 3, 4651, NULL, NULL, NULL, NULL, 0, false, NULL, false, false, NULL, NULL);
INSERT INTO public.event_media (id, tenant_id, title, description, event_media_type, storage_type, file_url, file_data_content_type, content_type, file_size, is_public, event_flyer, is_email_header_image, is_event_management_official_document, pre_signed_url, pre_signed_url_expires_at, alt_text, display_order, download_count, is_featured_video, featured_video_url, is_hero_image, is_active_hero_image, start_displaying_from_date, created_at, updated_at, event_id, uploaded_by_id, sponsor_id, event_sponsors_join_id, performer_id, director_id, priority_ranking, is_home_page_hero_image, home_page_hero_display_duration_seconds, is_featured_event_image, is_live_event_image, album_id, event_focus_group_id) VALUES (6953, 'tenant_demo_002', 'cccvcvcvccv', 'cvccc', 'image/webp', 'S3', 'https://eventapp-media-bucket.s3.us-east-2.amazonaws.com/dev/events/tenantId/tenant_demo_002/event-id/6851/event_media_1763620116275_5b76076b.png', NULL, NULL, 5241, true, false, false, false, 'https://eventapp-media-bucket.s3.us-east-2.amazonaws.com/dev/events/tenantId/tenant_demo_002/event-id/6851/event_media_1763620116275_5b76076b.png?X-Amz-Algorithm=AWS4-HMAC-SHA256&X-Amz-Date=20251120T062837Z&X-Amz-SignedHeaders=host&X-Amz-Expires=3599&X-Amz-Credential=AKIATIT5HARDH77LVIYW%2F20251120%2Fus-east-2%2Fs3%2Faws4_request&X-Amz-Signature=f253b0e813a1e50795d93def2003082d2c8433357f4dd32f292f7224e3977d0d', NULL, NULL, NULL, NULL, NULL, NULL, false, false, '2025-11-20', '2025-11-20 06:14:51.331838', '2025-11-20 06:28:37.197957', 6851, 4651, NULL, NULL, NULL, NULL, 0, true, NULL, false, false, NULL, NULL);
INSERT INTO public.event_media (id, tenant_id, title, description, event_media_type, storage_type, file_url, file_data_content_type, content_type, file_size, is_public, event_flyer, is_email_header_image, is_event_management_official_document, pre_signed_url, pre_signed_url_expires_at, alt_text, display_order, download_count, is_featured_video, featured_video_url, is_hero_image, is_active_hero_image, start_displaying_from_date, created_at, updated_at, event_id, uploaded_by_id, sponsor_id, event_sponsors_join_id, performer_id, director_id, priority_ranking, is_home_page_hero_image, home_page_hero_display_duration_seconds, is_featured_event_image, is_live_event_image, album_id, event_focus_group_id) VALUES (6954, 'tenant_demo_002', 'cvcv', 'ccvcvc', 'image/png', 'S3', 'https://eventapp-media-bucket.s3.us-east-2.amazonaws.com/dev/events/tenantId/tenant_demo_002/event-id/6851/event_media_1763620352406_f221c21e.webp', NULL, NULL, 169988, true, false, false, false, 'https://eventapp-media-bucket.s3.us-east-2.amazonaws.com/dev/events/tenantId/tenant_demo_002/event-id/6851/event_media_1763620352406_f221c21e.webp?X-Amz-Algorithm=AWS4-HMAC-SHA256&X-Amz-Date=20251120T063232Z&X-Amz-SignedHeaders=host&X-Amz-Expires=3599&X-Amz-Credential=AKIATIT5HARDH77LVIYW%2F20251120%2Fus-east-2%2Fs3%2Faws4_request&X-Amz-Signature=593c52a28fd997cf1ff6ef28b694f9d337d213549d19e1eae0b6fba4d1a950bc', NULL, '', NULL, NULL, false, '', false, false, '2025-11-20', '2025-11-20 06:18:19.632142', '2025-11-20 06:37:16.31', 6851, 4651, NULL, NULL, NULL, NULL, 0, false, NULL, false, false, NULL, NULL);
INSERT INTO public.event_media (id, tenant_id, title, description, event_media_type, storage_type, file_url, file_data_content_type, content_type, file_size, is_public, event_flyer, is_email_header_image, is_event_management_official_document, pre_signed_url, pre_signed_url_expires_at, alt_text, display_order, download_count, is_featured_video, featured_video_url, is_hero_image, is_active_hero_image, start_displaying_from_date, created_at, updated_at, event_id, uploaded_by_id, sponsor_id, event_sponsors_join_id, performer_id, director_id, priority_ranking, is_home_page_hero_image, home_page_hero_display_duration_seconds, is_featured_event_image, is_live_event_image, album_id, event_focus_group_id) VALUES (4251, 'tenant_demo_002', 'event 3', NULL, 'image/png', 'S3', 'https://eventapp-media-bucket.s3.us-east-2.amazonaws.com/dev/events/tenantId/tenant_demo_002/event-id/4201/event_media_1768394382972_bd95e834.png', NULL, NULL, 2121735, true, false, NULL, false, 'https://eventapp-media-bucket.s3.us-east-2.amazonaws.com/dev/events/tenantId/tenant_demo_002/event-id/4201/event_media_1768394382972_bd95e834.png?X-Amz-Algorithm=AWS4-HMAC-SHA256&X-Amz-Date=20260114T123944Z&X-Amz-SignedHeaders=host&X-Amz-Expires=3600&X-Amz-Credential=AKIATIT5HARDH77LVIYW%2F20260114%2Fus-east-2%2Fs3%2Faws4_request&X-Amz-Signature=53565655fb07fb7c148802aad2206381778cc980753bde529ea49ad5641ad87b', NULL, NULL, NULL, NULL, NULL, NULL, false, false, '2026-01-14', '2026-01-14 12:39:44.493215', '2026-01-14 12:39:44.493246', 4201, 5152, NULL, NULL, NULL, NULL, 0, false, NULL, false, false, NULL, NULL);
INSERT INTO public.event_media (id, tenant_id, title, description, event_media_type, storage_type, file_url, file_data_content_type, content_type, file_size, is_public, event_flyer, is_email_header_image, is_event_management_official_document, pre_signed_url, pre_signed_url_expires_at, alt_text, display_order, download_count, is_featured_video, featured_video_url, is_hero_image, is_active_hero_image, start_displaying_from_date, created_at, updated_at, event_id, uploaded_by_id, sponsor_id, event_sponsors_join_id, performer_id, director_id, priority_ranking, is_home_page_hero_image, home_page_hero_display_duration_seconds, is_featured_event_image, is_live_event_image, album_id, event_focus_group_id) VALUES (8324, 'tenant_demo_002', 'Focus Group Cover Image', 'Cover image for focus group', 'FOCUS_GROUP_COVER_IMAGE', 'S3', 'https://eventapp-media-bucket.s3.us-east-2.amazonaws.com/dev/media/tenantId/tenant_demo_002/focus-groups/focus-group-id/8310/cover_image_1772511314212_66c06f58.jpeg', NULL, NULL, NULL, true, NULL, false, NULL, NULL, NULL, NULL, NULL, NULL, NULL, NULL, NULL, NULL, '2026-03-03', '2026-03-03 04:15:15.874721', '2026-03-03 04:15:15.874723', NULL, NULL, NULL, NULL, NULL, NULL, 0, false, NULL, false, false, NULL, NULL);
INSERT INTO public.event_media (id, tenant_id, title, description, event_media_type, storage_type, file_url, file_data_content_type, content_type, file_size, is_public, event_flyer, is_email_header_image, is_event_management_official_document, pre_signed_url, pre_signed_url_expires_at, alt_text, display_order, download_count, is_featured_video, featured_video_url, is_hero_image, is_active_hero_image, start_displaying_from_date, created_at, updated_at, event_id, uploaded_by_id, sponsor_id, event_sponsors_join_id, performer_id, director_id, priority_ranking, is_home_page_hero_image, home_page_hero_display_duration_seconds, is_featured_event_image, is_live_event_image, album_id, event_focus_group_id) VALUES (8303, 'tenant_demo_002', 'webp file animated', NULL, 'image/webp', 'S3', 'https://eventapp-media-bucket.s3.us-east-2.amazonaws.com/dev/events/tenantId/tenant_demo_002/event-id/4201/event_media_1769399303782_ef997e1e.webp', NULL, NULL, 6789620, true, false, NULL, false, 'https://eventapp-media-bucket.s3.us-east-2.amazonaws.com/dev/events/tenantId/tenant_demo_002/event-id/4201/event_media_1769399303782_ef997e1e.webp?X-Amz-Algorithm=AWS4-HMAC-SHA256&X-Amz-Date=20260126T034824Z&X-Amz-SignedHeaders=host&X-Amz-Expires=3599&X-Amz-Credential=AKIATIT5HARDH77LVIYW%2F20260126%2Fus-east-2%2Fs3%2Faws4_request&X-Amz-Signature=be6f4a4b0ce35f15e01d50097d2c3040aa0f733c0e308a3c58d34e944360c46d', NULL, NULL, NULL, NULL, NULL, NULL, false, false, '2026-01-24', '2026-01-26 03:48:24.950902', '2026-01-26 03:48:24.950902', 4201, 5152, NULL, NULL, NULL, NULL, 0, true, NULL, false, false, NULL, NULL);
INSERT INTO public.event_media (id, tenant_id, title, description, event_media_type, storage_type, file_url, file_data_content_type, content_type, file_size, is_public, event_flyer, is_email_header_image, is_event_management_official_document, pre_signed_url, pre_signed_url_expires_at, alt_text, display_order, download_count, is_featured_video, featured_video_url, is_hero_image, is_active_hero_image, start_displaying_from_date, created_at, updated_at, event_id, uploaded_by_id, sponsor_id, event_sponsors_join_id, performer_id, director_id, priority_ranking, is_home_page_hero_image, home_page_hero_display_duration_seconds, is_featured_event_image, is_live_event_image, album_id, event_focus_group_id) VALUES (8302, 'tenant_demo_002', 'dfddd', 'dfdfdfd', 'image/png', 'S3', 'https://eventapp-media-bucket.s3.us-east-2.amazonaws.com/dev/events/tenantId/tenant_demo_002/event-id/4202/event_media_1769393117291_ea184380.png', NULL, NULL, 2960, true, false, NULL, false, 'https://eventapp-media-bucket.s3.us-east-2.amazonaws.com/dev/events/tenantId/tenant_demo_002/event-id/4202/event_media_1769393117291_ea184380.png?X-Amz-Algorithm=AWS4-HMAC-SHA256&X-Amz-Date=20260126T020518Z&X-Amz-SignedHeaders=host&X-Amz-Expires=3600&X-Amz-Credential=AKIATIT5HARDH77LVIYW%2F20260126%2Fus-east-2%2Fs3%2Faws4_request&X-Amz-Signature=4a4cbee4e650faf67935fec69deb021cb0e79a7a5fa962ce6aa67339bc27b770', NULL, '', NULL, NULL, false, '', true, false, '2026-01-24', '2026-01-26 02:05:18.545223', '2026-02-07 04:43:26.278', 4202, 5152, NULL, NULL, NULL, NULL, 0, true, NULL, true, false, NULL, NULL);
INSERT INTO public.event_media (id, tenant_id, title, description, event_media_type, storage_type, file_url, file_data_content_type, content_type, file_size, is_public, event_flyer, is_email_header_image, is_event_management_official_document, pre_signed_url, pre_signed_url_expires_at, alt_text, display_order, download_count, is_featured_video, featured_video_url, is_hero_image, is_active_hero_image, start_displaying_from_date, created_at, updated_at, event_id, uploaded_by_id, sponsor_id, event_sponsors_join_id, performer_id, director_id, priority_ranking, is_home_page_hero_image, home_page_hero_display_duration_seconds, is_featured_event_image, is_live_event_image, album_id, event_focus_group_id) VALUES (4252, 'tenant_demo_002', 'vcvxcv', '', 'image/png', 'S3', 'https://eventapp-media-bucket.s3.us-east-2.amazonaws.com/dev/events/tenantId/tenant_demo_002/event-id/4201/event_media_1768394515248_ec235bf8.png', NULL, NULL, 2121735, true, false, NULL, false, 'https://eventapp-media-bucket.s3.us-east-2.amazonaws.com/dev/events/tenantId/tenant_demo_002/event-id/4201/event_media_1768394515248_ec235bf8.png?X-Amz-Algorithm=AWS4-HMAC-SHA256&X-Amz-Date=20260114T124155Z&X-Amz-SignedHeaders=host&X-Amz-Expires=3600&X-Amz-Credential=AKIATIT5HARDH77LVIYW%2F20260114%2Fus-east-2%2Fs3%2Faws4_request&X-Amz-Signature=875b6da02f12524d3f704aa7fa023b25ee5587c376cf655cf63cded77ad3cebf', NULL, '', NULL, NULL, false, '', true, true, '2026-01-14', '2026-01-14 12:41:55.608961', '2026-02-08 06:24:21.55', 4201, 5152, NULL, NULL, NULL, NULL, 0, false, NULL, true, false, NULL, NULL);
INSERT INTO public.event_media (id, tenant_id, title, description, event_media_type, storage_type, file_url, file_data_content_type, content_type, file_size, is_public, event_flyer, is_email_header_image, is_event_management_official_document, pre_signed_url, pre_signed_url_expires_at, alt_text, display_order, download_count, is_featured_video, featured_video_url, is_hero_image, is_active_hero_image, start_displaying_from_date, created_at, updated_at, event_id, uploaded_by_id, sponsor_id, event_sponsors_join_id, performer_id, director_id, priority_ranking, is_home_page_hero_image, home_page_hero_display_duration_seconds, is_featured_event_image, is_live_event_image, album_id, event_focus_group_id) VALUES (4050, 'tenant_demo_002', 'street_fair.jfif', '115941', 'image/jpeg', 'S3', 'https://eventapp-media-bucket.s3.us-east-2.amazonaws.com/events/tenantId/tenant_demo_001/event-id/1/street_fair_1750026381257_f70e40cf.jfif', NULL, 'image/jpeg', 10551, true, false, false, false, 'https://eventapp-media-bucket.s3.us-east-2.amazonaws.com/events/tenantId/tenant_demo_001/event-id/1/street_fair_1750026381257_f70e40cf.jfif?X-Amz-Algorithm=AWS4-HMAC-SHA256&X-Amz-Date=20250615T222621Z&X-Amz-SignedHeaders=host&X-Amz-Expires=3600&X-Amz-Credential=AKIATIT5HARDKCWNLQMU%2F20250615%2Fus-east-2%2Fs3%2Faws4_request&X-Amz-Signature=7b739490bda78d4127fbeb267d77856a11cc59a83b24e90c666a76783393e15d', NULL, NULL, NULL, NULL, false, NULL, false, false, '2025-01-15', '2025-06-15 22:26:21.363', '2025-06-15 22:26:21.363', 2, 1, NULL, NULL, NULL, NULL, 0, false, NULL, false, false, NULL, NULL);
INSERT INTO public.event_media (id, tenant_id, title, description, event_media_type, storage_type, file_url, file_data_content_type, content_type, file_size, is_public, event_flyer, is_email_header_image, is_event_management_official_document, pre_signed_url, pre_signed_url_expires_at, alt_text, display_order, download_count, is_featured_video, featured_video_url, is_hero_image, is_active_hero_image, start_displaying_from_date, created_at, updated_at, event_id, uploaded_by_id, sponsor_id, event_sponsors_join_id, performer_id, director_id, priority_ranking, is_home_page_hero_image, home_page_hero_display_duration_seconds, is_featured_event_image, is_live_event_image, album_id, event_focus_group_id) VALUES (4950, 'tenant_demo_002', 'kanj_cine_star_nite_2025.avif', NULL, 'image/avif', 'S3', 'https://eventapp-media-bucket.s3.us-east-2.amazonaws.com/events/tenantId/tenant_demo_001/event-id/4500/kanj_cine_star_nite_2025_1750045123063_470db4ac.avif', NULL, 'image/avif', 76564, true, false, false, false, 'https://eventapp-media-bucket.s3.us-east-2.amazonaws.com/events/tenantId/tenant_demo_001/event-id/4500/kanj_cine_star_nite_2025_1750045123063_470db4ac.avif?X-Amz-Algorithm=AWS4-HMAC-SHA256&X-Amz-Date=20250616T033843Z&X-Amz-SignedHeaders=host&X-Amz-Expires=3599&X-Amz-Credential=AKIATIT5HARDKCWNLQMU%2F20250616%2Fus-east-2%2Fs3%2Faws4_request&X-Amz-Signature=96f8190f8b95f7185b5d7f92423c3682577db0728032abee59b781f82e280718', NULL, NULL, NULL, NULL, false, NULL, false, false, '2025-01-24', '2025-06-16 03:38:43.228', '2025-06-16 03:38:43.228', 2, 1, NULL, NULL, NULL, NULL, 0, false, NULL, false, false, NULL, NULL);
INSERT INTO public.event_media (id, tenant_id, title, description, event_media_type, storage_type, file_url, file_data_content_type, content_type, file_size, is_public, event_flyer, is_email_header_image, is_event_management_official_document, pre_signed_url, pre_signed_url_expires_at, alt_text, display_order, download_count, is_featured_video, featured_video_url, is_hero_image, is_active_hero_image, start_displaying_from_date, created_at, updated_at, event_id, uploaded_by_id, sponsor_id, event_sponsors_join_id, performer_id, director_id, priority_ranking, is_home_page_hero_image, home_page_hero_display_duration_seconds, is_featured_event_image, is_live_event_image, album_id, event_focus_group_id) VALUES (5200, 'tenant_demo_002', 'spark_kerala_event_2025_1920px', 'spark_kerala_event_2025_1920px.jpeg', 'image/jpeg', 'S3', 'https://eventapp-media-bucket.s3.us-east-2.amazonaws.com/events/tenantId/tenant_demo_001/event-id/2/spark_kerala_event_2025_1756990296631_42abe2fa.jpeg', NULL, NULL, 194143, true, true, false, false, 'https://eventapp-media-bucket.s3.us-east-2.amazonaws.com/events/tenantId/tenant_demo_001/event-id/2/spark_kerala_event_2025_1756990296631_42abe2fa.jpeg?X-Amz-Algorithm=AWS4-HMAC-SHA256&X-Amz-Date=20250904T125136Z&X-Amz-SignedHeaders=host&X-Amz-Expires=3600&X-Amz-Credential=AKIATIT5HARDKCWNLQMU%2F20250904%2Fus-east-2%2Fs3%2Faws4_request&X-Amz-Signature=d99cbd7351a1a8a69e0704c007328d7f0dc931fba9f76948e97008a45a1685ce', NULL, NULL, NULL, NULL, NULL, NULL, false, false, '2025-01-08', '2025-09-04 12:51:36.975', '2025-09-04 12:51:36.975', 2, 4651, NULL, NULL, NULL, NULL, 0, false, NULL, false, false, NULL, NULL);
INSERT INTO public.event_media (id, tenant_id, title, description, event_media_type, storage_type, file_url, file_data_content_type, content_type, file_size, is_public, event_flyer, is_email_header_image, is_event_management_official_document, pre_signed_url, pre_signed_url_expires_at, alt_text, display_order, download_count, is_featured_video, featured_video_url, is_hero_image, is_active_hero_image, start_displaying_from_date, created_at, updated_at, event_id, uploaded_by_id, sponsor_id, event_sponsors_join_id, performer_id, director_id, priority_ranking, is_home_page_hero_image, home_page_hero_display_duration_seconds, is_featured_event_image, is_live_event_image, album_id, event_focus_group_id) VALUES (8319, 'tenant_demo_002', 'sdsdsdsd', 'sdssssdsds', 'image/jpeg', 'S3', 'https://eventapp-media-bucket.s3.us-east-2.amazonaws.com/dev/media/hero_image_sample_4_1771874747010_88f96e51.jpeg', NULL, NULL, 865066, true, false, NULL, false, 'https://eventapp-media-bucket.s3.us-east-2.amazonaws.com/dev/media/hero_image_sample_4_1771874747010_88f96e51.jpeg?X-Amz-Algorithm=AWS4-HMAC-SHA256&X-Amz-Date=20260223T192547Z&X-Amz-SignedHeaders=host&X-Amz-Expires=3599&X-Amz-Credential=AKIATIT5HARDH77LVIYW%2F20260223%2Fus-east-2%2Fs3%2Faws4_request&X-Amz-Signature=f133a2cbd41d897ca6b63cef3cad368974e60a495528cd4ce8d8d56fb98d659b', NULL, NULL, NULL, NULL, NULL, NULL, true, false, '2026-02-23', '2026-02-23 19:25:47.107906', '2026-02-23 19:25:47.107908', NULL, 1, NULL, NULL, NULL, NULL, 0, true, NULL, false, false, NULL, NULL);
INSERT INTO public.event_media (id, tenant_id, title, description, event_media_type, storage_type, file_url, file_data_content_type, content_type, file_size, is_public, event_flyer, is_email_header_image, is_event_management_official_document, pre_signed_url, pre_signed_url_expires_at, alt_text, display_order, download_count, is_featured_video, featured_video_url, is_hero_image, is_active_hero_image, start_displaying_from_date, created_at, updated_at, event_id, uploaded_by_id, sponsor_id, event_sponsors_join_id, performer_id, director_id, priority_ranking, is_home_page_hero_image, home_page_hero_display_duration_seconds, is_featured_event_image, is_live_event_image, album_id, event_focus_group_id) VALUES (8320, 'tenant_demo_002', 'Dinner_Fundraiser', '', 'image/jpeg', 'S3', 'https://eventapp-media-bucket.s3.us-east-2.amazonaws.com/dev/events/tenantId/tenant_demo_002/event-id/8321/event_media_1771905453380_4b492525.jpeg', NULL, NULL, 746070, true, false, NULL, false, 'https://eventapp-media-bucket.s3.us-east-2.amazonaws.com/dev/events/tenantId/tenant_demo_002/event-id/8321/event_media_1771905453380_4b492525.jpeg?X-Amz-Algorithm=AWS4-HMAC-SHA256&X-Amz-Date=20260224T035733Z&X-Amz-SignedHeaders=host&X-Amz-Expires=3600&X-Amz-Credential=AKIATIT5HARDH77LVIYW%2F20260224%2Fus-east-2%2Fs3%2Faws4_request&X-Amz-Signature=190a6d6275026ccc1f275b9fe8cd2f46706628bed3c6944e0d249be0b6d6e6e1', NULL, '', NULL, NULL, false, '', true, false, '2026-02-24', '2026-02-24 03:57:33.74501', '2026-02-24 04:08:56.917', 8321, 5152, NULL, NULL, NULL, NULL, 0, true, NULL, false, false, NULL, NULL);
INSERT INTO public.event_media (id, tenant_id, title, description, event_media_type, storage_type, file_url, file_data_content_type, content_type, file_size, is_public, event_flyer, is_email_header_image, is_event_management_official_document, pre_signed_url, pre_signed_url_expires_at, alt_text, display_order, download_count, is_featured_video, featured_video_url, is_hero_image, is_active_hero_image, start_displaying_from_date, created_at, updated_at, event_id, uploaded_by_id, sponsor_id, event_sponsors_join_id, performer_id, director_id, priority_ranking, is_home_page_hero_image, home_page_hero_display_duration_seconds, is_featured_event_image, is_live_event_image, album_id, event_focus_group_id) VALUES (8318, 'tenant_demo_002', 'sdsdsdsd', 'sdssssdsds', 'image/jpeg', 'S3', 'https://eventapp-media-bucket.s3.us-east-2.amazonaws.com/dev/media/hero_image_sample_3_1771874746745_5cd03ed0.jpeg', NULL, NULL, 983380, true, false, NULL, false, 'https://eventapp-media-bucket.s3.us-east-2.amazonaws.com/dev/media/hero_image_sample_3_1771874746745_5cd03ed0.jpeg?X-Amz-Algorithm=AWS4-HMAC-SHA256&X-Amz-Date=20260223T192546Z&X-Amz-SignedHeaders=host&X-Amz-Expires=3599&X-Amz-Credential=AKIATIT5HARDH77LVIYW%2F20260223%2Fus-east-2%2Fs3%2Faws4_request&X-Amz-Signature=3781e1244cc39356fda03122508795843aa12f46428bab756c21bbf0293e5676', NULL, '', NULL, NULL, false, '', true, false, '2026-02-23', '2026-02-23 19:25:46.85528', '2026-02-23 19:25:46.855282', NULL, 1, NULL, NULL, NULL, NULL, 0, true, NULL, false, false, NULL, NULL);
INSERT INTO public.event_media (id, tenant_id, title, description, event_media_type, storage_type, file_url, file_data_content_type, content_type, file_size, is_public, event_flyer, is_email_header_image, is_event_management_official_document, pre_signed_url, pre_signed_url_expires_at, alt_text, display_order, download_count, is_featured_video, featured_video_url, is_hero_image, is_active_hero_image, start_displaying_from_date, created_at, updated_at, event_id, uploaded_by_id, sponsor_id, event_sponsors_join_id, performer_id, director_id, priority_ranking, is_home_page_hero_image, home_page_hero_display_duration_seconds, is_featured_event_image, is_live_event_image, album_id, event_focus_group_id) VALUES (8321, 'tenant_demo_002', 'Dinner_Fundraiser_Event_Strip', 'Dinner_Fundraiser_Event_Strip', 'image/jpeg', 'S3', 'https://eventapp-media-bucket.s3.us-east-2.amazonaws.com/dev/events/tenantId/tenant_demo_002/event-id/8321/event_media_1771907029244_e982e3fd.jpeg', NULL, NULL, 916154, true, false, NULL, false, 'https://eventapp-media-bucket.s3.us-east-2.amazonaws.com/dev/events/tenantId/tenant_demo_002/event-id/8321/event_media_1771907029244_e982e3fd.jpeg?X-Amz-Algorithm=AWS4-HMAC-SHA256&X-Amz-Date=20260224T042349Z&X-Amz-SignedHeaders=host&X-Amz-Expires=3600&X-Amz-Credential=AKIATIT5HARDH77LVIYW%2F20260224%2Fus-east-2%2Fs3%2Faws4_request&X-Amz-Signature=034d7ef0816e4fcc9b9514c895f98cfe8f6efaa260d4584e73663119492a5786', NULL, NULL, NULL, NULL, NULL, NULL, false, false, '2026-02-24', '2026-02-24 04:23:49.575007', '2026-02-24 04:23:49.575018', 8321, 5152, NULL, NULL, NULL, NULL, 0, false, NULL, true, false, NULL, NULL);
INSERT INTO public.event_media (id, tenant_id, title, description, event_media_type, storage_type, file_url, file_data_content_type, content_type, file_size, is_public, event_flyer, is_email_header_image, is_event_management_official_document, pre_signed_url, pre_signed_url_expires_at, alt_text, display_order, download_count, is_featured_video, featured_video_url, is_hero_image, is_active_hero_image, start_displaying_from_date, created_at, updated_at, event_id, uploaded_by_id, sponsor_id, event_sponsors_join_id, performer_id, director_id, priority_ranking, is_home_page_hero_image, home_page_hero_display_duration_seconds, is_featured_event_image, is_live_event_image, album_id, event_focus_group_id) VALUES (8332, 'tenant_demo_002', 'Focus Group Cover Image', 'Cover image for focus group', 'FOCUS_GROUP_COVER_IMAGE', 'S3', 'https://eventapp-media-bucket.s3.us-east-2.amazonaws.com/dev/media/tenantId/tenant_demo_002/focus-groups/focus-group-id/4002/cover_image_1772540438301_f8b17ade.jpg', NULL, NULL, NULL, true, NULL, false, NULL, NULL, NULL, NULL, NULL, NULL, NULL, NULL, NULL, NULL, '2026-03-03', '2026-03-03 12:20:38.682225', '2026-03-03 12:20:38.68223', NULL, NULL, NULL, NULL, NULL, NULL, 0, false, NULL, false, false, NULL, NULL);
INSERT INTO public.event_media (id, tenant_id, title, description, event_media_type, storage_type, file_url, file_data_content_type, content_type, file_size, is_public, event_flyer, is_email_header_image, is_event_management_official_document, pre_signed_url, pre_signed_url_expires_at, alt_text, display_order, download_count, is_featured_video, featured_video_url, is_hero_image, is_active_hero_image, start_displaying_from_date, created_at, updated_at, event_id, uploaded_by_id, sponsor_id, event_sponsors_join_id, performer_id, director_id, priority_ranking, is_home_page_hero_image, home_page_hero_display_duration_seconds, is_featured_event_image, is_live_event_image, album_id, event_focus_group_id) VALUES (8333, 'tenant_demo_002', 'Chicago Malayalee Association', NULL, 'image/jpeg', 'S3', 'https://eventapp-media-bucket.s3.us-east-2.amazonaws.com/dev/media/CMA_LOGO_1772542871027_43353626.jpg', NULL, NULL, 80924, true, false, NULL, false, 'https://eventapp-media-bucket.s3.us-east-2.amazonaws.com/dev/media/CMA_LOGO_1772542871027_43353626.jpg?X-Amz-Algorithm=AWS4-HMAC-SHA256&X-Amz-Date=20260303T130111Z&X-Amz-SignedHeaders=host&X-Amz-Expires=3599&X-Amz-Credential=AKIATIT5HARDH77LVIYW%2F20260303%2Fus-east-2%2Fs3%2Faws4_request&X-Amz-Signature=a96f74d62bd8d94fd5f5e9a7c5d6e494e8dd8eaa6df584d4b1ab00c95ee74c4e', NULL, NULL, NULL, NULL, false, NULL, false, false, '2026-03-03', '2026-03-03 13:01:11.342419', '2026-03-03 13:01:11.397', NULL, 5152, NULL, NULL, NULL, NULL, 0, false, NULL, false, false, 8332, NULL);
INSERT INTO public.event_media (id, tenant_id, title, description, event_media_type, storage_type, file_url, file_data_content_type, content_type, file_size, is_public, event_flyer, is_email_header_image, is_event_management_official_document, pre_signed_url, pre_signed_url_expires_at, alt_text, display_order, download_count, is_featured_video, featured_video_url, is_hero_image, is_active_hero_image, start_displaying_from_date, created_at, updated_at, event_id, uploaded_by_id, sponsor_id, event_sponsors_join_id, performer_id, director_id, priority_ranking, is_home_page_hero_image, home_page_hero_display_duration_seconds, is_featured_event_image, is_live_event_image, album_id, event_focus_group_id) VALUES (8334, 'tenant_demo_002', 'Association', NULL, 'image/webp', 'S3', 'https://eventapp-media-bucket.s3.us-east-2.amazonaws.com/dev/media/malayalee-US-banner_1772546793151_33385d6d.webp', NULL, NULL, 14704, true, false, NULL, false, 'https://eventapp-media-bucket.s3.us-east-2.amazonaws.com/dev/media/malayalee-US-banner_1772546793151_33385d6d.webp?X-Amz-Algorithm=AWS4-HMAC-SHA256&X-Amz-Date=20260303T140633Z&X-Amz-SignedHeaders=host&X-Amz-Expires=3600&X-Amz-Credential=AKIATIT5HARDH77LVIYW%2F20260303%2Fus-east-2%2Fs3%2Faws4_request&X-Amz-Signature=3d4d47ef80ff4944a2a54f6f02639aa24deefee5c1f455bae51356864f13c632', NULL, NULL, NULL, NULL, false, NULL, false, false, '2026-03-03', '2026-03-03 14:06:33.303123', '2026-03-03 14:06:33.342', NULL, 5152, NULL, NULL, NULL, NULL, 0, false, NULL, false, false, 8332, NULL);
INSERT INTO public.event_media (id, tenant_id, title, description, event_media_type, storage_type, file_url, file_data_content_type, content_type, file_size, is_public, event_flyer, is_email_header_image, is_event_management_official_document, pre_signed_url, pre_signed_url_expires_at, alt_text, display_order, download_count, is_featured_video, featured_video_url, is_hero_image, is_active_hero_image, start_displaying_from_date, created_at, updated_at, event_id, uploaded_by_id, sponsor_id, event_sponsors_join_id, performer_id, director_id, priority_ranking, is_home_page_hero_image, home_page_hero_display_duration_seconds, is_featured_event_image, is_live_event_image, album_id, event_focus_group_id) VALUES (8336, 'tenant_demo_002', 'Association program', '', 'image/webp', 'S3', 'https://eventapp-media-bucket.s3.us-east-2.amazonaws.com/dev/media/kalamela-2024-banner-copy_1772548051961_66881753.webp', NULL, NULL, 299202, true, false, NULL, false, 'https://eventapp-media-bucket.s3.us-east-2.amazonaws.com/dev/media/kalamela-2024-banner-copy_1772548051961_66881753.webp?X-Amz-Algorithm=AWS4-HMAC-SHA256&X-Amz-Date=20260303T142732Z&X-Amz-SignedHeaders=host&X-Amz-Expires=3600&X-Amz-Credential=AKIATIT5HARDH77LVIYW%2F20260303%2Fus-east-2%2Fs3%2Faws4_request&X-Amz-Signature=d2e758dff93bd884304eef0cbc9466e583820337fd8706b59269f45eae8a7811', NULL, NULL, NULL, NULL, false, NULL, false, false, '2026-03-03', '2026-03-03 14:27:32.070316', '2026-03-03 14:27:32.945', NULL, 5152, NULL, NULL, NULL, NULL, 0, false, NULL, false, false, 8332, NULL);
INSERT INTO public.event_media (id, tenant_id, title, description, event_media_type, storage_type, file_url, file_data_content_type, content_type, file_size, is_public, event_flyer, is_email_header_image, is_event_management_official_document, pre_signed_url, pre_signed_url_expires_at, alt_text, display_order, download_count, is_featured_video, featured_video_url, is_hero_image, is_active_hero_image, start_displaying_from_date, created_at, updated_at, event_id, uploaded_by_id, sponsor_id, event_sponsors_join_id, performer_id, director_id, priority_ranking, is_home_page_hero_image, home_page_hero_display_duration_seconds, is_featured_event_image, is_live_event_image, album_id, event_focus_group_id) VALUES (8323, 'tenant_demo_002', 'hero_sample_1', 'hero sample description', 'image/jpeg', 'S3', 'https://eventapp-media-bucket.s3.us-east-2.amazonaws.com/dev/media/hero_image_new_1772435983975_f9c040bd.jpeg', NULL, NULL, 2335105, true, false, NULL, false, 'https://eventapp-media-bucket.s3.us-east-2.amazonaws.com/dev/media/hero_image_new_1772435983975_f9c040bd.jpeg?X-Amz-Algorithm=AWS4-HMAC-SHA256&X-Amz-Date=20260302T071945Z&X-Amz-SignedHeaders=host&X-Amz-Expires=3600&X-Amz-Credential=AKIATIT5HARDH77LVIYW%2F20260302%2Fus-east-2%2Fs3%2Faws4_request&X-Amz-Signature=7c81eb12c659dc45e362f3eb8434ccb5a4345794927ec8be3759a65dff4c2fd6', NULL, '', NULL, NULL, false, '', true, false, '2026-03-01', '2026-03-02 07:19:45.861239', '2026-03-02 07:19:45.861243', NULL, 1, NULL, NULL, NULL, NULL, 0, true, NULL, false, false, NULL, NULL);
INSERT INTO public.event_media (id, tenant_id, title, description, event_media_type, storage_type, file_url, file_data_content_type, content_type, file_size, is_public, event_flyer, is_email_header_image, is_event_management_official_document, pre_signed_url, pre_signed_url_expires_at, alt_text, display_order, download_count, is_featured_video, featured_video_url, is_hero_image, is_active_hero_image, start_displaying_from_date, created_at, updated_at, event_id, uploaded_by_id, sponsor_id, event_sponsors_join_id, performer_id, director_id, priority_ranking, is_home_page_hero_image, home_page_hero_display_duration_seconds, is_featured_event_image, is_live_event_image, album_id, event_focus_group_id) VALUES (8335, 'tenant_demo_002', 'Association program', '', 'image/webp', 'S3', 'https://eventapp-media-bucket.s3.us-east-2.amazonaws.com/dev/media/chicago-malayalee-association_1772548051712_77915901.webp', NULL, NULL, 3988, true, false, NULL, false, 'https://eventapp-media-bucket.s3.us-east-2.amazonaws.com/dev/media/chicago-malayalee-association_1772548051712_77915901.webp?X-Amz-Algorithm=AWS4-HMAC-SHA256&X-Amz-Date=20260303T142731Z&X-Amz-SignedHeaders=host&X-Amz-Expires=3599&X-Amz-Credential=AKIATIT5HARDH77LVIYW%2F20260303%2Fus-east-2%2Fs3%2Faws4_request&X-Amz-Signature=d8c07ed56547b3dfbfcc02a23dfe1986f7c1c934dad86263354bd2d2002fae68', NULL, NULL, NULL, NULL, false, NULL, false, false, '2026-03-03', '2026-03-03 14:27:31.959995', '2026-03-03 14:27:32.112', NULL, 5152, NULL, NULL, NULL, NULL, 0, false, NULL, false, false, 8332, NULL);
INSERT INTO public.event_media (id, tenant_id, title, description, event_media_type, storage_type, file_url, file_data_content_type, content_type, file_size, is_public, event_flyer, is_email_header_image, is_event_management_official_document, pre_signed_url, pre_signed_url_expires_at, alt_text, display_order, download_count, is_featured_video, featured_video_url, is_hero_image, is_active_hero_image, start_displaying_from_date, created_at, updated_at, event_id, uploaded_by_id, sponsor_id, event_sponsors_join_id, performer_id, director_id, priority_ranking, is_home_page_hero_image, home_page_hero_display_duration_seconds, is_featured_event_image, is_live_event_image, album_id, event_focus_group_id) VALUES (8337, 'tenant_demo_002', 'Chicago Malayalee Association glimpse', NULL, 'image/webp', 'S3', 'https://eventapp-media-bucket.s3.us-east-2.amazonaws.com/dev/media/chicago-malayalee-association_1772550817389_98c54c6a.webp', NULL, NULL, 3988, true, false, NULL, false, 'https://eventapp-media-bucket.s3.us-east-2.amazonaws.com/dev/media/chicago-malayalee-association_1772550817389_98c54c6a.webp?X-Amz-Algorithm=AWS4-HMAC-SHA256&X-Amz-Date=20260303T151337Z&X-Amz-SignedHeaders=host&X-Amz-Expires=3599&X-Amz-Credential=AKIATIT5HARDH77LVIYW%2F20260303%2Fus-east-2%2Fs3%2Faws4_request&X-Amz-Signature=1c2f5367e27aae8952c32918ca147c62135a8f7508ddcd024e0114d3233dacdd', NULL, NULL, NULL, NULL, NULL, NULL, false, false, '2026-03-03', '2026-03-03 15:13:37.590163', '2026-03-03 15:13:37.590184', NULL, 1, NULL, NULL, NULL, NULL, 0, false, NULL, false, false, NULL, NULL);
INSERT INTO public.event_media (id, tenant_id, title, description, event_media_type, storage_type, file_url, file_data_content_type, content_type, file_size, is_public, event_flyer, is_email_header_image, is_event_management_official_document, pre_signed_url, pre_signed_url_expires_at, alt_text, display_order, download_count, is_featured_video, featured_video_url, is_hero_image, is_active_hero_image, start_displaying_from_date, created_at, updated_at, event_id, uploaded_by_id, sponsor_id, event_sponsors_join_id, performer_id, director_id, priority_ranking, is_home_page_hero_image, home_page_hero_display_duration_seconds, is_featured_event_image, is_live_event_image, album_id, event_focus_group_id) VALUES (8340, 'tenant_demo_002', 'Chicago Malayalee Association glimpse', NULL, 'image/webp', 'S3', 'https://eventapp-media-bucket.s3.us-east-2.amazonaws.com/dev/media/malayalee-US-banner_1772550818491_3ccc7a41.webp', NULL, NULL, 14704, true, false, NULL, false, 'https://eventapp-media-bucket.s3.us-east-2.amazonaws.com/dev/media/malayalee-US-banner_1772550818491_3ccc7a41.webp?X-Amz-Algorithm=AWS4-HMAC-SHA256&X-Amz-Date=20260303T151338Z&X-Amz-SignedHeaders=host&X-Amz-Expires=3599&X-Amz-Credential=AKIATIT5HARDH77LVIYW%2F20260303%2Fus-east-2%2Fs3%2Faws4_request&X-Amz-Signature=72f299ff8f6c69fcdfd18b37a5411c79d6d9a6ccf90a1c5226d3919a92e68bed', NULL, NULL, NULL, NULL, NULL, NULL, false, false, '2026-03-03', '2026-03-03 15:13:38.554729', '2026-03-03 15:13:38.554731', NULL, 1, NULL, NULL, NULL, NULL, 0, false, NULL, false, false, NULL, NULL);
INSERT INTO public.event_media (id, tenant_id, title, description, event_media_type, storage_type, file_url, file_data_content_type, content_type, file_size, is_public, event_flyer, is_email_header_image, is_event_management_official_document, pre_signed_url, pre_signed_url_expires_at, alt_text, display_order, download_count, is_featured_video, featured_video_url, is_hero_image, is_active_hero_image, start_displaying_from_date, created_at, updated_at, event_id, uploaded_by_id, sponsor_id, event_sponsors_join_id, performer_id, director_id, priority_ranking, is_home_page_hero_image, home_page_hero_display_duration_seconds, is_featured_event_image, is_live_event_image, album_id, event_focus_group_id) VALUES (8342, 'tenant_demo_002', 'Focus Group Cover Image', 'Cover image for focus group', 'FOCUS_GROUP_COVER_IMAGE', 'S3', 'https://eventapp-media-bucket.s3.us-east-2.amazonaws.com/dev/media/tenantId/tenant_demo_002/focus-groups/focus-group-id/8310/cover_image_1772632972261_f2085693.jpg', NULL, NULL, NULL, true, NULL, false, NULL, NULL, NULL, NULL, NULL, NULL, NULL, NULL, NULL, NULL, '2026-03-04', '2026-03-04 14:02:52.667844', '2026-03-04 14:02:52.667846', NULL, NULL, NULL, NULL, NULL, NULL, 0, false, NULL, false, false, NULL, NULL);
INSERT INTO public.event_media (id, tenant_id, title, description, event_media_type, storage_type, file_url, file_data_content_type, content_type, file_size, is_public, event_flyer, is_email_header_image, is_event_management_official_document, pre_signed_url, pre_signed_url_expires_at, alt_text, display_order, download_count, is_featured_video, featured_video_url, is_hero_image, is_active_hero_image, start_displaying_from_date, created_at, updated_at, event_id, uploaded_by_id, sponsor_id, event_sponsors_join_id, performer_id, director_id, priority_ranking, is_home_page_hero_image, home_page_hero_display_duration_seconds, is_featured_event_image, is_live_event_image, album_id, event_focus_group_id) VALUES (8343, 'tenant_demo_002', 'Focus Group Cover Image', 'Cover image for focus group', 'FOCUS_GROUP_COVER_IMAGE', 'S3', 'https://eventapp-media-bucket.s3.us-east-2.amazonaws.com/dev/media/tenantId/tenant_demo_002/focus-groups/focus-group-id/8311/cover_image_1772633054060_219b0d63.jpg', NULL, NULL, NULL, true, NULL, false, NULL, NULL, NULL, NULL, NULL, NULL, NULL, NULL, NULL, NULL, '2026-03-04', '2026-03-04 14:04:14.351091', '2026-03-04 14:04:14.3512', NULL, NULL, NULL, NULL, NULL, NULL, 0, false, NULL, false, false, NULL, NULL);
INSERT INTO public.event_media (id, tenant_id, title, description, event_media_type, storage_type, file_url, file_data_content_type, content_type, file_size, is_public, event_flyer, is_email_header_image, is_event_management_official_document, pre_signed_url, pre_signed_url_expires_at, alt_text, display_order, download_count, is_featured_video, featured_video_url, is_hero_image, is_active_hero_image, start_displaying_from_date, created_at, updated_at, event_id, uploaded_by_id, sponsor_id, event_sponsors_join_id, performer_id, director_id, priority_ranking, is_home_page_hero_image, home_page_hero_display_duration_seconds, is_featured_event_image, is_live_event_image, album_id, event_focus_group_id) VALUES (8338, 'tenant_demo_002', 'Chicago Malayalee Association glimpse', '', 'image/webp', 'S3', 'https://eventapp-media-bucket.s3.us-east-2.amazonaws.com/dev/media/kalamela-2024-banner-copy_1772550817875_445044d9.webp', NULL, NULL, 299202, true, false, NULL, false, 'https://eventapp-media-bucket.s3.us-east-2.amazonaws.com/dev/media/kalamela-2024-banner-copy_1772550817875_445044d9.webp?X-Amz-Algorithm=AWS4-HMAC-SHA256&X-Amz-Date=20260303T151337Z&X-Amz-SignedHeaders=host&X-Amz-Expires=3599&X-Amz-Credential=AKIATIT5HARDH77LVIYW%2F20260303%2Fus-east-2%2Fs3%2Faws4_request&X-Amz-Signature=541fe650433f9ff2be215f713264dd131aa06668345ccca103bcd4c28f9ef762', NULL, '', NULL, NULL, false, '', true, true, '2026-03-03', '2026-03-03 15:13:37.989951', '2026-03-03 15:13:37.989953', NULL, 1, NULL, NULL, NULL, NULL, 0, true, NULL, false, false, NULL, NULL);
INSERT INTO public.event_media (id, tenant_id, title, description, event_media_type, storage_type, file_url, file_data_content_type, content_type, file_size, is_public, event_flyer, is_email_header_image, is_event_management_official_document, pre_signed_url, pre_signed_url_expires_at, alt_text, display_order, download_count, is_featured_video, featured_video_url, is_hero_image, is_active_hero_image, start_displaying_from_date, created_at, updated_at, event_id, uploaded_by_id, sponsor_id, event_sponsors_join_id, performer_id, director_id, priority_ranking, is_home_page_hero_image, home_page_hero_display_duration_seconds, is_featured_event_image, is_live_event_image, album_id, event_focus_group_id) VALUES (8344, 'tenant_demo_002', 'Focus Group Cover Image', 'Cover image for focus group', 'FOCUS_GROUP_COVER_IMAGE', 'S3', 'https://eventapp-media-bucket.s3.us-east-2.amazonaws.com/dev/media/tenantId/tenant_demo_002/focus-groups/focus-group-id/8311/cover_image_1772633307047_00c88aae.png', NULL, NULL, NULL, true, false, false, false, '', NULL, '', NULL, NULL, false, '', true, false, '2026-03-04', '2026-03-04 14:08:27.292667', '2026-03-04 14:08:27.292673', NULL, NULL, NULL, NULL, NULL, NULL, 0, false, NULL, false, false, NULL, NULL);
INSERT INTO public.event_media (id, tenant_id, title, description, event_media_type, storage_type, file_url, file_data_content_type, content_type, file_size, is_public, event_flyer, is_email_header_image, is_event_management_official_document, pre_signed_url, pre_signed_url_expires_at, alt_text, display_order, download_count, is_featured_video, featured_video_url, is_hero_image, is_active_hero_image, start_displaying_from_date, created_at, updated_at, event_id, uploaded_by_id, sponsor_id, event_sponsors_join_id, performer_id, director_id, priority_ranking, is_home_page_hero_image, home_page_hero_display_duration_seconds, is_featured_event_image, is_live_event_image, album_id, event_focus_group_id) VALUES (8345, 'tenant_demo_002', 'Focus Group Cover Image', 'Cover image for focus group', 'FOCUS_GROUP_COVER_IMAGE', 'S3', 'https://eventapp-media-bucket.s3.us-east-2.amazonaws.com/dev/media/tenantId/tenant_demo_002/focus-groups/focus-group-id/8311/cover_image_1772684239579_8f8a7c39.jpg', NULL, NULL, NULL, true, NULL, false, NULL, NULL, NULL, NULL, NULL, NULL, NULL, NULL, NULL, NULL, '2026-03-05', '2026-03-05 04:17:20.7633', '2026-03-05 04:17:20.763304', NULL, NULL, NULL, NULL, NULL, NULL, 0, false, NULL, false, false, NULL, NULL);
INSERT INTO public.event_media (id, tenant_id, title, description, event_media_type, storage_type, file_url, file_data_content_type, content_type, file_size, is_public, event_flyer, is_email_header_image, is_event_management_official_document, pre_signed_url, pre_signed_url_expires_at, alt_text, display_order, download_count, is_featured_video, featured_video_url, is_hero_image, is_active_hero_image, start_displaying_from_date, created_at, updated_at, event_id, uploaded_by_id, sponsor_id, event_sponsors_join_id, performer_id, director_id, priority_ranking, is_home_page_hero_image, home_page_hero_display_duration_seconds, is_featured_event_image, is_live_event_image, album_id, event_focus_group_id) VALUES (8346, 'tenant_demo_002', 'Focus Group Cover Image', 'Cover image for focus group', 'FOCUS_GROUP_COVER_IMAGE', 'S3', 'https://eventapp-media-bucket.s3.us-east-2.amazonaws.com/dev/media/tenantId/tenant_demo_002/focus-groups/focus-group-id/8319/cover_image_1772711100499_be47e165.webp', NULL, NULL, NULL, true, NULL, false, NULL, NULL, NULL, NULL, NULL, NULL, NULL, NULL, NULL, NULL, '2026-03-05', '2026-03-05 11:45:00.795227', '2026-03-05 11:45:00.795231', NULL, NULL, NULL, NULL, NULL, NULL, 0, false, NULL, false, false, NULL, NULL);
INSERT INTO public.event_media (id, tenant_id, title, description, event_media_type, storage_type, file_url, file_data_content_type, content_type, file_size, is_public, event_flyer, is_email_header_image, is_event_management_official_document, pre_signed_url, pre_signed_url_expires_at, alt_text, display_order, download_count, is_featured_video, featured_video_url, is_hero_image, is_active_hero_image, start_displaying_from_date, created_at, updated_at, event_id, uploaded_by_id, sponsor_id, event_sponsors_join_id, performer_id, director_id, priority_ranking, is_home_page_hero_image, home_page_hero_display_duration_seconds, is_featured_event_image, is_live_event_image, album_id, event_focus_group_id) VALUES (8406, 'tenant_demo_002', 'Sponsor hero - 4551', 'Sponsor hero image', 'SPONSOR_HERO', 'S3', 'https://eventapp-media-bucket.s3.us-east-2.amazonaws.com/dev/media/tenantId/tenant_demo_002/sponsor/sponsor_id/4551/sponsor_hero_1773114806450_4c434cef.jpg', NULL, NULL, 720004, true, false, NULL, false, 'https://eventapp-media-bucket.s3.us-east-2.amazonaws.com/dev/media/tenantId/tenant_demo_002/sponsor/sponsor_id/4551/sponsor_hero_1773114806450_4c434cef.jpg?X-Amz-Algorithm=AWS4-HMAC-SHA256&X-Amz-Date=20260310T035326Z&X-Amz-SignedHeaders=host&X-Amz-Expires=3600&X-Amz-Credential=AKIATIT5HARDH77LVIYW%2F20260310%2Fus-east-2%2Fs3%2Faws4_request&X-Amz-Signature=f59c9735bc4e34a0ae2dff22f3d8a6c62bbe4a95e4aaace211fc290f56fcb4e7', NULL, '', NULL, NULL, false, '', false, false, '2026-03-10', '2026-03-10 03:53:26.829462', '2026-03-10 13:39:17.545', NULL, 1, 4551, NULL, NULL, NULL, 2, false, NULL, false, false, NULL, NULL);
INSERT INTO public.event_media (id, tenant_id, title, description, event_media_type, storage_type, file_url, file_data_content_type, content_type, file_size, is_public, event_flyer, is_email_header_image, is_event_management_official_document, pre_signed_url, pre_signed_url_expires_at, alt_text, display_order, download_count, is_featured_video, featured_video_url, is_hero_image, is_active_hero_image, start_displaying_from_date, created_at, updated_at, event_id, uploaded_by_id, sponsor_id, event_sponsors_join_id, performer_id, director_id, priority_ranking, is_home_page_hero_image, home_page_hero_display_duration_seconds, is_featured_event_image, is_live_event_image, album_id, event_focus_group_id) VALUES (8410, 'tenant_demo_002', 'Sponsor hero - 4551', 'Sponsor hero image', 'SPONSOR_HERO', 'S3', 'https://eventapp-media-bucket.s3.us-east-2.amazonaws.com/dev/media/tenantId/tenant_demo_002/sponsor/sponsor_id/4551/sponsor_hero_1773149357452_97c6b648.jpg', NULL, NULL, 298571, true, false, NULL, false, 'https://eventapp-media-bucket.s3.us-east-2.amazonaws.com/dev/media/tenantId/tenant_demo_002/sponsor/sponsor_id/4551/sponsor_hero_1773149357452_97c6b648.jpg?X-Amz-Algorithm=AWS4-HMAC-SHA256&X-Amz-Date=20260310T132917Z&X-Amz-SignedHeaders=host&X-Amz-Expires=3599&X-Amz-Credential=AKIATIT5HARDH77LVIYW%2F20260310%2Fus-east-2%2Fs3%2Faws4_request&X-Amz-Signature=c2949453f5f4df558f5b5606fd3d8ab288588c6526f15aefa66e9ddf6614f34f', NULL, '', NULL, NULL, false, '', false, false, '2026-03-10', '2026-03-10 13:29:17.966375', '2026-03-10 13:40:49.194', NULL, 1, 4551, NULL, NULL, NULL, 6, false, NULL, false, false, NULL, NULL);
INSERT INTO public.event_media (id, tenant_id, title, description, event_media_type, storage_type, file_url, file_data_content_type, content_type, file_size, is_public, event_flyer, is_email_header_image, is_event_management_official_document, pre_signed_url, pre_signed_url_expires_at, alt_text, display_order, download_count, is_featured_video, featured_video_url, is_hero_image, is_active_hero_image, start_displaying_from_date, created_at, updated_at, event_id, uploaded_by_id, sponsor_id, event_sponsors_join_id, performer_id, director_id, priority_ranking, is_home_page_hero_image, home_page_hero_display_duration_seconds, is_featured_event_image, is_live_event_image, album_id, event_focus_group_id) VALUES (8408, 'tenant_demo_002', 'Sponsor logo - 4551', 'Sponsor logo image', 'SPONSOR_LOGO', 'S3', 'https://eventapp-media-bucket.s3.us-east-2.amazonaws.com/dev/media/tenantId/tenant_demo_002/sponsor/sponsor_id/4551/sponsor_logo_1773119801667_de1033bb.jpg', NULL, NULL, 833559, true, false, NULL, false, 'https://eventapp-media-bucket.s3.us-east-2.amazonaws.com/dev/media/tenantId/tenant_demo_002/sponsor/sponsor_id/4551/sponsor_logo_1773119801667_de1033bb.jpg?X-Amz-Algorithm=AWS4-HMAC-SHA256&X-Amz-Date=20260310T051642Z&X-Amz-SignedHeaders=host&X-Amz-Expires=3599&X-Amz-Credential=AKIATIT5HARDH77LVIYW%2F20260310%2Fus-east-2%2Fs3%2Faws4_request&X-Amz-Signature=18dae6caa8822e9349c5c60cf4474dc9fcd8ebfbf1ea46648b59ab95333e7f09', NULL, '', NULL, NULL, false, '', false, false, '2026-03-10', '2026-03-10 05:16:42.043365', '2026-03-10 13:43:14.767', NULL, 1, 4551, NULL, NULL, NULL, 10, false, NULL, false, false, NULL, NULL);
INSERT INTO public.event_media (id, tenant_id, title, description, event_media_type, storage_type, file_url, file_data_content_type, content_type, file_size, is_public, event_flyer, is_email_header_image, is_event_management_official_document, pre_signed_url, pre_signed_url_expires_at, alt_text, display_order, download_count, is_featured_video, featured_video_url, is_hero_image, is_active_hero_image, start_displaying_from_date, created_at, updated_at, event_id, uploaded_by_id, sponsor_id, event_sponsors_join_id, performer_id, director_id, priority_ranking, is_home_page_hero_image, home_page_hero_display_duration_seconds, is_featured_event_image, is_live_event_image, album_id, event_focus_group_id) VALUES (8407, 'tenant_demo_002', 'Sponsor banner - 4551', 'Sponsor banner image', 'SPONSOR_BANNER', 'S3', 'https://eventapp-media-bucket.s3.us-east-2.amazonaws.com/dev/media/tenantId/tenant_demo_002/sponsor/sponsor_id/4551/sponsor_banner_1773114808998_2b35b3eb.jpg', NULL, NULL, 870575, true, false, NULL, false, 'https://eventapp-media-bucket.s3.us-east-2.amazonaws.com/dev/media/tenantId/tenant_demo_002/sponsor/sponsor_id/4551/sponsor_banner_1773114808998_2b35b3eb.jpg?X-Amz-Algorithm=AWS4-HMAC-SHA256&X-Amz-Date=20260310T035329Z&X-Amz-SignedHeaders=host&X-Amz-Expires=3600&X-Amz-Credential=AKIATIT5HARDH77LVIYW%2F20260310%2Fus-east-2%2Fs3%2Faws4_request&X-Amz-Signature=06748b226445e2ec9d6c14b3793f8dc3f7b966906d10c870393e9b2c35e88dd9', NULL, '', NULL, NULL, false, '', false, false, '2026-03-10', '2026-03-10 03:53:29.124265', '2026-03-10 14:35:28.51', NULL, 1, 4551, NULL, NULL, NULL, 8, false, NULL, false, false, NULL, NULL);
INSERT INTO public.event_media (id, tenant_id, title, description, event_media_type, storage_type, file_url, file_data_content_type, content_type, file_size, is_public, event_flyer, is_email_header_image, is_event_management_official_document, pre_signed_url, pre_signed_url_expires_at, alt_text, display_order, download_count, is_featured_video, featured_video_url, is_hero_image, is_active_hero_image, start_displaying_from_date, created_at, updated_at, event_id, uploaded_by_id, sponsor_id, event_sponsors_join_id, performer_id, director_id, priority_ranking, is_home_page_hero_image, home_page_hero_display_duration_seconds, is_featured_event_image, is_live_event_image, album_id, event_focus_group_id) VALUES (8405, 'tenant_demo_002', 'Sponsor banner - 4551', 'Sponsor banner image', 'SPONSOR_BANNER', 'S3', 'https://eventapp-media-bucket.s3.us-east-2.amazonaws.com/dev/media/tenantId/tenant_demo_002/sponsor/sponsor_id/4551/sponsor_banner_1773114132103_6fd5928d.jpg', NULL, NULL, 298571, true, false, NULL, false, 'https://eventapp-media-bucket.s3.us-east-2.amazonaws.com/dev/media/tenantId/tenant_demo_002/sponsor/sponsor_id/4551/sponsor_banner_1773114132103_6fd5928d.jpg?X-Amz-Algorithm=AWS4-HMAC-SHA256&X-Amz-Date=20260310T034212Z&X-Amz-SignedHeaders=host&X-Amz-Expires=3600&X-Amz-Credential=AKIATIT5HARDH77LVIYW%2F20260310%2Fus-east-2%2Fs3%2Faws4_request&X-Amz-Signature=d2b8559387def35fa83d6979e14f15a37120f2e532007af92aff41428d62c2db', NULL, '', NULL, NULL, false, '', false, false, '2026-03-10', '2026-03-10 03:42:12.223431', '2026-03-10 14:36:30.168', NULL, 1, 4551, NULL, NULL, NULL, 9, false, NULL, false, false, NULL, NULL);
INSERT INTO public.event_media (id, tenant_id, title, description, event_media_type, storage_type, file_url, file_data_content_type, content_type, file_size, is_public, event_flyer, is_email_header_image, is_event_management_official_document, pre_signed_url, pre_signed_url_expires_at, alt_text, display_order, download_count, is_featured_video, featured_video_url, is_hero_image, is_active_hero_image, start_displaying_from_date, created_at, updated_at, event_id, uploaded_by_id, sponsor_id, event_sponsors_join_id, performer_id, director_id, priority_ranking, is_home_page_hero_image, home_page_hero_display_duration_seconds, is_featured_event_image, is_live_event_image, album_id, event_focus_group_id) VALUES (8316, 'tenant_demo_002', 'sdsdsdsd', 'sdssssdsds', 'image/jpeg', 'S3', 'https://eventapp-media-bucket.s3.us-east-2.amazonaws.com/dev/media/hero_image_sample_1_1771874745852_d50ac846.jpeg', NULL, NULL, 715919, true, false, NULL, false, 'https://eventapp-media-bucket.s3.us-east-2.amazonaws.com/dev/media/hero_image_sample_1_1771874745852_d50ac846.jpeg?X-Amz-Algorithm=AWS4-HMAC-SHA256&X-Amz-Date=20260223T192546Z&X-Amz-SignedHeaders=host&X-Amz-Expires=3600&X-Amz-Credential=AKIATIT5HARDH77LVIYW%2F20260223%2Fus-east-2%2Fs3%2Faws4_request&X-Amz-Signature=8bcbbd2c64bb79df39075d77540f2705bee388194f796e1c34ba4c4e0993a1ce', NULL, '', NULL, NULL, false, '', false, false, '2026-02-23', '2026-02-23 19:25:46.282637', '2026-02-23 19:25:46.282665', NULL, 1, NULL, NULL, NULL, NULL, 0, false, NULL, false, false, NULL, NULL);
INSERT INTO public.event_media (id, tenant_id, title, description, event_media_type, storage_type, file_url, file_data_content_type, content_type, file_size, is_public, event_flyer, is_email_header_image, is_event_management_official_document, pre_signed_url, pre_signed_url_expires_at, alt_text, display_order, download_count, is_featured_video, featured_video_url, is_hero_image, is_active_hero_image, start_displaying_from_date, created_at, updated_at, event_id, uploaded_by_id, sponsor_id, event_sponsors_join_id, performer_id, director_id, priority_ranking, is_home_page_hero_image, home_page_hero_display_duration_seconds, is_featured_event_image, is_live_event_image, album_id, event_focus_group_id) VALUES (8411, 'tenant_demo_002', 'Hero_sample2', NULL, 'image/jpeg', 'S3', 'https://eventapp-media-bucket.s3.us-east-2.amazonaws.com/dev/media/hero_image_new2_1773156610107_4ed56c4c.jpeg', NULL, NULL, 5569775, true, false, NULL, false, 'https://eventapp-media-bucket.s3.us-east-2.amazonaws.com/dev/media/hero_image_new2_1773156610107_4ed56c4c.jpeg?X-Amz-Algorithm=AWS4-HMAC-SHA256&X-Amz-Date=20260310T153010Z&X-Amz-SignedHeaders=host&X-Amz-Expires=3600&X-Amz-Credential=AKIATIT5HARDH77LVIYW%2F20260310%2Fus-east-2%2Fs3%2Faws4_request&X-Amz-Signature=bc7634eddf779fd8c64c5daf28091aede0c9393b4de132566169af1c95ee758e', NULL, NULL, NULL, NULL, NULL, NULL, true, false, '2026-03-09', '2026-03-10 15:30:10.574088', '2026-03-10 15:30:10.574127', NULL, 1, NULL, NULL, NULL, NULL, 0, true, NULL, false, false, NULL, NULL);
INSERT INTO public.event_media (id, tenant_id, title, description, event_media_type, storage_type, file_url, file_data_content_type, content_type, file_size, is_public, event_flyer, is_email_header_image, is_event_management_official_document, pre_signed_url, pre_signed_url_expires_at, alt_text, display_order, download_count, is_featured_video, featured_video_url, is_hero_image, is_active_hero_image, start_displaying_from_date, created_at, updated_at, event_id, uploaded_by_id, sponsor_id, event_sponsors_join_id, performer_id, director_id, priority_ranking, is_home_page_hero_image, home_page_hero_display_duration_seconds, is_featured_event_image, is_live_event_image, album_id, event_focus_group_id) VALUES (8317, 'tenant_demo_002', 'Hero_sample_2', 'Hero sample', 'image/jpeg', 'S3', 'https://eventapp-media-bucket.s3.us-east-2.amazonaws.com/dev/media/hero_image_sample_2_1771874746491_9d9f7371.jpeg', NULL, NULL, 830015, true, false, NULL, false, 'https://eventapp-media-bucket.s3.us-east-2.amazonaws.com/dev/media/hero_image_sample_2_1771874746491_9d9f7371.jpeg?X-Amz-Algorithm=AWS4-HMAC-SHA256&X-Amz-Date=20260223T192546Z&X-Amz-SignedHeaders=host&X-Amz-Expires=3600&X-Amz-Credential=AKIATIT5HARDH77LVIYW%2F20260223%2Fus-east-2%2Fs3%2Faws4_request&X-Amz-Signature=26da495b9ca070cc633c74b38db0ae58091f31da8e519977a810adbc8a2604c4', NULL, '', NULL, NULL, false, '', false, false, '2026-02-24', '2026-02-23 19:25:46.594557', '2026-02-23 19:25:46.594559', NULL, 1, NULL, NULL, NULL, NULL, 0, false, NULL, false, false, NULL, NULL);
INSERT INTO public.event_media (id, tenant_id, title, description, event_media_type, storage_type, file_url, file_data_content_type, content_type, file_size, is_public, event_flyer, is_email_header_image, is_event_management_official_document, pre_signed_url, pre_signed_url_expires_at, alt_text, display_order, download_count, is_featured_video, featured_video_url, is_hero_image, is_active_hero_image, start_displaying_from_date, created_at, updated_at, event_id, uploaded_by_id, sponsor_id, event_sponsors_join_id, performer_id, director_id, priority_ranking, is_home_page_hero_image, home_page_hero_display_duration_seconds, is_featured_event_image, is_live_event_image, album_id, event_focus_group_id) VALUES (8409, 'tenant_demo_002', 'Amitab Bachan ad', 'Sponsor banner image', 'SPONSOR_BANNER', 'S3', 'https://eventapp-media-bucket.s3.us-east-2.amazonaws.com/dev/media/tenantId/tenant_demo_002/sponsor/sponsor_id/4551/sponsor_banner_1773120268023_aba89026.jpg', NULL, NULL, 720004, true, false, NULL, false, 'https://eventapp-media-bucket.s3.us-east-2.amazonaws.com/dev/media/tenantId/tenant_demo_002/sponsor/sponsor_id/4551/sponsor_banner_1773120268023_aba89026.jpg?X-Amz-Algorithm=AWS4-HMAC-SHA256&X-Amz-Date=20260310T052428Z&X-Amz-SignedHeaders=host&X-Amz-Expires=3599&X-Amz-Credential=AKIATIT5HARDH77LVIYW%2F20260310%2Fus-east-2%2Fs3%2Faws4_request&X-Amz-Signature=f9f228f28950bdacae53d17c388ab0e2575a791f5da2d7cb07950131de0b0392', NULL, '', NULL, NULL, false, '', false, false, '2026-03-10', '2026-03-10 05:24:28.419205', '2026-03-11 03:44:51.96', NULL, 1, 4551, NULL, NULL, NULL, 5, false, NULL, false, false, NULL, NULL);
INSERT INTO public.event_media (id, tenant_id, title, description, event_media_type, storage_type, file_url, file_data_content_type, content_type, file_size, is_public, event_flyer, is_email_header_image, is_event_management_official_document, pre_signed_url, pre_signed_url_expires_at, alt_text, display_order, download_count, is_featured_video, featured_video_url, is_hero_image, is_active_hero_image, start_displaying_from_date, created_at, updated_at, event_id, uploaded_by_id, sponsor_id, event_sponsors_join_id, performer_id, director_id, priority_ranking, is_home_page_hero_image, home_page_hero_display_duration_seconds, is_featured_event_image, is_live_event_image, album_id, event_focus_group_id) VALUES (8414, 'tenant_demo_002', 'Sponsor hero - 8410', 'Sponsor hero image', 'SPONSOR_HERO', 'S3', 'https://eventapp-media-bucket.s3.us-east-2.amazonaws.com/dev/media/tenantId/tenant_demo_002/sponsor/sponsor_id/8410/sponsor_hero_1773235079776_30410234.jpg', NULL, NULL, 2178500, true, NULL, NULL, NULL, 'https://eventapp-media-bucket.s3.us-east-2.amazonaws.com/dev/media/tenantId/tenant_demo_002/sponsor/sponsor_id/8410/sponsor_hero_1773235079776_30410234.jpg?X-Amz-Algorithm=AWS4-HMAC-SHA256&X-Amz-Date=20260311T131800Z&X-Amz-SignedHeaders=host&X-Amz-Expires=3600&X-Amz-Credential=AKIATIT5HARDH77LVIYW%2F20260311%2Fus-east-2%2Fs3%2Faws4_request&X-Amz-Signature=54e89e8ca1357be469731a35992361db1666af676bb86edfc95150f12097ff88', NULL, NULL, NULL, NULL, NULL, NULL, NULL, NULL, '2026-03-11', '2026-03-11 13:18:00.139683', '2026-03-11 13:18:00.139686', NULL, 1, 8410, NULL, NULL, NULL, 0, false, NULL, false, false, NULL, NULL);
INSERT INTO public.event_media (id, tenant_id, title, description, event_media_type, storage_type, file_url, file_data_content_type, content_type, file_size, is_public, event_flyer, is_email_header_image, is_event_management_official_document, pre_signed_url, pre_signed_url_expires_at, alt_text, display_order, download_count, is_featured_video, featured_video_url, is_hero_image, is_active_hero_image, start_displaying_from_date, created_at, updated_at, event_id, uploaded_by_id, sponsor_id, event_sponsors_join_id, performer_id, director_id, priority_ranking, is_home_page_hero_image, home_page_hero_display_duration_seconds, is_featured_event_image, is_live_event_image, album_id, event_focus_group_id) VALUES (8416, 'tenant_demo_002', 'Sponsor logo - 8410', 'Sponsor logo image', 'SPONSOR_LOGO', 'S3', 'https://eventapp-media-bucket.s3.us-east-2.amazonaws.com/dev/media/tenantId/tenant_demo_002/sponsor/sponsor_id/8410/sponsor_logo_1773235685322_3debb9c3.jpg', NULL, NULL, 2443794, true, NULL, NULL, NULL, 'https://eventapp-media-bucket.s3.us-east-2.amazonaws.com/dev/media/tenantId/tenant_demo_002/sponsor/sponsor_id/8410/sponsor_logo_1773235685322_3debb9c3.jpg?X-Amz-Algorithm=AWS4-HMAC-SHA256&X-Amz-Date=20260311T132805Z&X-Amz-SignedHeaders=host&X-Amz-Expires=3600&X-Amz-Credential=AKIATIT5HARDH77LVIYW%2F20260311%2Fus-east-2%2Fs3%2Faws4_request&X-Amz-Signature=553e1171d78681e0e539d706e3b4ddea54d8ce013fc5f013873e11d1ea3c8f82', NULL, NULL, NULL, NULL, NULL, NULL, NULL, NULL, '2026-03-11', '2026-03-11 13:28:05.745253', '2026-03-11 13:28:05.745258', NULL, 1, 8410, NULL, NULL, NULL, 0, false, NULL, false, false, NULL, NULL);
INSERT INTO public.event_media (id, tenant_id, title, description, event_media_type, storage_type, file_url, file_data_content_type, content_type, file_size, is_public, event_flyer, is_email_header_image, is_event_management_official_document, pre_signed_url, pre_signed_url_expires_at, alt_text, display_order, download_count, is_featured_video, featured_video_url, is_hero_image, is_active_hero_image, start_displaying_from_date, created_at, updated_at, event_id, uploaded_by_id, sponsor_id, event_sponsors_join_id, performer_id, director_id, priority_ranking, is_home_page_hero_image, home_page_hero_display_duration_seconds, is_featured_event_image, is_live_event_image, album_id, event_focus_group_id) VALUES (8417, 'tenant_demo_002', 'Sponsor banner - 4551', 'Sponsor banner image', 'SPONSOR_BANNER', 'S3', 'https://eventapp-media-bucket.s3.us-east-2.amazonaws.com/dev/media/tenantId/tenant_demo_002/sponsor/sponsor_id/4551/sponsor_banner_1773241707163_8f56142a.jpg', NULL, NULL, 298571, true, NULL, NULL, NULL, 'https://eventapp-media-bucket.s3.us-east-2.amazonaws.com/dev/media/tenantId/tenant_demo_002/sponsor/sponsor_id/4551/sponsor_banner_1773241707163_8f56142a.jpg?X-Amz-Algorithm=AWS4-HMAC-SHA256&X-Amz-Date=20260311T150827Z&X-Amz-SignedHeaders=host&X-Amz-Expires=3599&X-Amz-Credential=AKIATIT5HARDH77LVIYW%2F20260311%2Fus-east-2%2Fs3%2Faws4_request&X-Amz-Signature=31cedfe8e8b7b779e7154645fb3b6ab09314e00da11c0a3af2b0d8592fc1f22d', NULL, NULL, NULL, NULL, NULL, NULL, NULL, NULL, '2026-03-11', '2026-03-11 15:08:27.397974', '2026-03-11 15:08:27.397979', NULL, 1, 4551, NULL, NULL, NULL, 0, false, NULL, false, false, NULL, NULL);
INSERT INTO public.event_media (id, tenant_id, title, description, event_media_type, storage_type, file_url, file_data_content_type, content_type, file_size, is_public, event_flyer, is_email_header_image, is_event_management_official_document, pre_signed_url, pre_signed_url_expires_at, alt_text, display_order, download_count, is_featured_video, featured_video_url, is_hero_image, is_active_hero_image, start_displaying_from_date, created_at, updated_at, event_id, uploaded_by_id, sponsor_id, event_sponsors_join_id, performer_id, director_id, priority_ranking, is_home_page_hero_image, home_page_hero_display_duration_seconds, is_featured_event_image, is_live_event_image, album_id, event_focus_group_id) VALUES (8418, 'tenant_demo_002', 'Sponsor logo - 4551', 'Sponsor logo image', 'SPONSOR_LOGO', 'S3', 'https://eventapp-media-bucket.s3.us-east-2.amazonaws.com/dev/media/tenantId/tenant_demo_002/sponsor/sponsor_id/4551/sponsor_logo_1773241710100_c327fb32.png', NULL, NULL, 214741, true, NULL, NULL, NULL, 'https://eventapp-media-bucket.s3.us-east-2.amazonaws.com/dev/media/tenantId/tenant_demo_002/sponsor/sponsor_id/4551/sponsor_logo_1773241710100_c327fb32.png?X-Amz-Algorithm=AWS4-HMAC-SHA256&X-Amz-Date=20260311T150830Z&X-Amz-SignedHeaders=host&X-Amz-Expires=3599&X-Amz-Credential=AKIATIT5HARDH77LVIYW%2F20260311%2Fus-east-2%2Fs3%2Faws4_request&X-Amz-Signature=6f99f8d5f19c461b47f96bd9cebc1917d4269afa2da33d87f4c9d191c2a894a4', NULL, NULL, NULL, NULL, NULL, NULL, NULL, NULL, '2026-03-11', '2026-03-11 15:08:30.176213', '2026-03-11 15:08:30.176215', NULL, 1, 4551, NULL, NULL, NULL, 0, false, NULL, false, false, NULL, NULL);
INSERT INTO public.event_media (id, tenant_id, title, description, event_media_type, storage_type, file_url, file_data_content_type, content_type, file_size, is_public, event_flyer, is_email_header_image, is_event_management_official_document, pre_signed_url, pre_signed_url_expires_at, alt_text, display_order, download_count, is_featured_video, featured_video_url, is_hero_image, is_active_hero_image, start_displaying_from_date, created_at, updated_at, event_id, uploaded_by_id, sponsor_id, event_sponsors_join_id, performer_id, director_id, priority_ranking, is_home_page_hero_image, home_page_hero_display_duration_seconds, is_featured_event_image, is_live_event_image, album_id, event_focus_group_id) VALUES (8419, 'tenant_demo_002', 'Sponsor hero - 5', 'Sponsor hero image', 'SPONSOR_HERO', 'S3', 'https://eventapp-media-bucket.s3.us-east-2.amazonaws.com/dev/media/tenantId/tenant_demo_002/sponsor/sponsor_id/5/sponsor_hero_1773241812047_39f7984f.jpg', NULL, NULL, 91742, true, NULL, NULL, NULL, 'https://eventapp-media-bucket.s3.us-east-2.amazonaws.com/dev/media/tenantId/tenant_demo_002/sponsor/sponsor_id/5/sponsor_hero_1773241812047_39f7984f.jpg?X-Amz-Algorithm=AWS4-HMAC-SHA256&X-Amz-Date=20260311T151012Z&X-Amz-SignedHeaders=host&X-Amz-Expires=3600&X-Amz-Credential=AKIATIT5HARDH77LVIYW%2F20260311%2Fus-east-2%2Fs3%2Faws4_request&X-Amz-Signature=ae771aee755ed5ab4bc83605c038d5965c98a8132ddbdbf1f3a643a1ad72e0c4', NULL, NULL, NULL, NULL, NULL, NULL, NULL, NULL, '2026-03-11', '2026-03-11 15:10:12.267922', '2026-03-11 15:10:12.267925', NULL, 1, 5, NULL, NULL, NULL, 0, false, NULL, false, false, NULL, NULL);
INSERT INTO public.event_media (id, tenant_id, title, description, event_media_type, storage_type, file_url, file_data_content_type, content_type, file_size, is_public, event_flyer, is_email_header_image, is_event_management_official_document, pre_signed_url, pre_signed_url_expires_at, alt_text, display_order, download_count, is_featured_video, featured_video_url, is_hero_image, is_active_hero_image, start_displaying_from_date, created_at, updated_at, event_id, uploaded_by_id, sponsor_id, event_sponsors_join_id, performer_id, director_id, priority_ranking, is_home_page_hero_image, home_page_hero_display_duration_seconds, is_featured_event_image, is_live_event_image, album_id, event_focus_group_id) VALUES (8420, 'tenant_demo_002', 'Sponsor banner - 5', 'Sponsor banner image', 'SPONSOR_BANNER', 'S3', 'https://eventapp-media-bucket.s3.us-east-2.amazonaws.com/dev/media/tenantId/tenant_demo_002/sponsor/sponsor_id/5/sponsor_banner_1773241813711_fddb77d3.jpg', NULL, NULL, 3299143, true, NULL, NULL, NULL, 'https://eventapp-media-bucket.s3.us-east-2.amazonaws.com/dev/media/tenantId/tenant_demo_002/sponsor/sponsor_id/5/sponsor_banner_1773241813711_fddb77d3.jpg?X-Amz-Algorithm=AWS4-HMAC-SHA256&X-Amz-Date=20260311T151013Z&X-Amz-SignedHeaders=host&X-Amz-Expires=3599&X-Amz-Credential=AKIATIT5HARDH77LVIYW%2F20260311%2Fus-east-2%2Fs3%2Faws4_request&X-Amz-Signature=cb42a67057dbca9da089bcc04f852dcfdc1ef51a91d8eddde4762165b3db5c42', NULL, NULL, NULL, NULL, NULL, NULL, NULL, NULL, '2026-03-11', '2026-03-11 15:10:13.888712', '2026-03-11 15:10:13.888715', NULL, 1, 5, NULL, NULL, NULL, 0, false, NULL, false, false, NULL, NULL);
INSERT INTO public.event_media (id, tenant_id, title, description, event_media_type, storage_type, file_url, file_data_content_type, content_type, file_size, is_public, event_flyer, is_email_header_image, is_event_management_official_document, pre_signed_url, pre_signed_url_expires_at, alt_text, display_order, download_count, is_featured_video, featured_video_url, is_hero_image, is_active_hero_image, start_displaying_from_date, created_at, updated_at, event_id, uploaded_by_id, sponsor_id, event_sponsors_join_id, performer_id, director_id, priority_ranking, is_home_page_hero_image, home_page_hero_display_duration_seconds, is_featured_event_image, is_live_event_image, album_id, event_focus_group_id) VALUES (8421, 'tenant_demo_002', 'Sponsor banner - 8410', 'Sponsor banner image', 'SPONSOR_BANNER', 'S3', 'https://eventapp-media-bucket.s3.us-east-2.amazonaws.com/dev/media/tenantId/tenant_demo_002/sponsor/sponsor_id/8410/sponsor_banner_1773242816076_0fe55ce6.jpg', NULL, NULL, 4737725, true, false, NULL, false, 'https://eventapp-media-bucket.s3.us-east-2.amazonaws.com/dev/media/tenantId/tenant_demo_002/sponsor/sponsor_id/8410/sponsor_banner_1773242816076_0fe55ce6.jpg?X-Amz-Algorithm=AWS4-HMAC-SHA256&X-Amz-Date=20260311T152656Z&X-Amz-SignedHeaders=host&X-Amz-Expires=3600&X-Amz-Credential=AKIATIT5HARDH77LVIYW%2F20260311%2Fus-east-2%2Fs3%2Faws4_request&X-Amz-Signature=36a0cce6edd70efa4254b47076661c9392ea68028bec4a2604c36f6aa3cc02c2', NULL, '', NULL, NULL, false, '', false, false, '2026-03-11', '2026-03-11 15:26:56.513383', '2026-03-11 15:28:26.518', NULL, 1, 8410, NULL, NULL, NULL, 0, false, NULL, false, false, NULL, NULL);


--
-- Data for Name: event_organizer; Type: TABLE DATA; Schema: public; Owner: event_site_admin
--

INSERT INTO public.event_organizer (id, tenant_id, title, designation, contact_email, contact_phone, is_primary, display_order, bio, profile_image_url, created_at, updated_at, event_id, organizer_id) VALUES (1, 'tenant_demo_001', 'Lead Organizer', 'Manager', 'lead1@example.com', '555-3001', true, 1, 'Lead for Spring Gala', 'https://example.com/lead1.jpg', '2025-06-22 11:31:26.928238', '2025-06-22 11:31:26.928238', 1, 1);
INSERT INTO public.event_organizer (id, tenant_id, title, designation, contact_email, contact_phone, is_primary, display_order, bio, profile_image_url, created_at, updated_at, event_id, organizer_id) VALUES (2, 'tenant_demo_001', 'Co-Organizer', 'Assistant', 'co2@example.com', '555-3002', false, 2, 'Co-lead for Tech Conference', 'https://example.com/co2.jpg', '2025-06-22 11:31:26.928238', '2025-06-22 11:31:26.928238', 2, 2);
INSERT INTO public.event_organizer (id, tenant_id, title, designation, contact_email, contact_phone, is_primary, display_order, bio, profile_image_url, created_at, updated_at, event_id, organizer_id) VALUES (3, 'tenant_demo_001', 'Volunteer Lead', 'Volunteer', 'vol3@example.com', '555-3003', false, 3, 'Volunteer for Charity Run', 'https://example.com/vol3.jpg', '2025-06-22 11:31:26.928238', '2025-06-22 11:31:26.928238', 3, 3);
INSERT INTO public.event_organizer (id, tenant_id, title, designation, contact_email, contact_phone, is_primary, display_order, bio, profile_image_url, created_at, updated_at, event_id, organizer_id) VALUES (4, 'tenant_demo_001', 'Family Host', 'Host', 'host4@example.com', '555-3004', true, 4, 'Host for Family Picnic', 'https://example.com/host4.jpg', '2025-06-22 11:31:26.928238', '2025-06-22 11:31:26.928238', 4, 4);
INSERT INTO public.event_organizer (id, tenant_id, title, designation, contact_email, contact_phone, is_primary, display_order, bio, profile_image_url, created_at, updated_at, event_id, organizer_id) VALUES (5, 'tenant_demo_001', 'VIP Host', 'Manager', 'vip5@example.com', '555-3005', true, 5, 'Host for VIP Dinner', 'https://example.com/vip5.jpg', '2025-06-22 11:31:26.928238', '2025-06-22 11:31:26.928238', 5, 5);
INSERT INTO public.event_organizer (id, tenant_id, title, designation, contact_email, contact_phone, is_primary, display_order, bio, profile_image_url, created_at, updated_at, event_id, organizer_id) VALUES (6, 'tenant_demo_001', 'Summer Fest Lead', 'Manager', 'summer6@example.com', '555-3006', true, 6, 'Lead for Summer Fest', 'https://example.com/summer6.jpg', '2025-06-22 11:31:26.928238', '2025-06-22 11:31:26.928238', 6, 6);


--
-- Data for Name: event_poll; Type: TABLE DATA; Schema: public; Owner: event_site_admin
--

INSERT INTO public.event_poll (id, tenant_id, title, description, is_active, is_anonymous, allow_multiple_choices, start_date, end_date, max_responses_per_user, results_visible_to, created_at, updated_at, event_id, created_by_id) VALUES (1, 'tenant_demo_001', 'Spring Gala Feedback', 'Feedback poll for Spring Gala', true, false, false, '2025-06-22 11:31:26.972218', '2025-06-23 11:31:26.972218', 1, 'ALL', '2025-06-22 11:31:26.972218', '2025-06-22 11:31:26.972218', 1, 1);
INSERT INTO public.event_poll (id, tenant_id, title, description, is_active, is_anonymous, allow_multiple_choices, start_date, end_date, max_responses_per_user, results_visible_to, created_at, updated_at, event_id, created_by_id) VALUES (2, 'tenant_demo_001', 'Tech Conference Topics', 'Vote for topics', true, false, true, '2025-06-22 11:31:26.972218', '2025-06-24 11:31:26.972218', 2, 'ALL', '2025-06-22 11:31:26.972218', '2025-06-22 11:31:26.972218', 2, 2);
INSERT INTO public.event_poll (id, tenant_id, title, description, is_active, is_anonymous, allow_multiple_choices, start_date, end_date, max_responses_per_user, results_visible_to, created_at, updated_at, event_id, created_by_id) VALUES (3, 'tenant_demo_001', 'Charity Run Survey', 'Survey for runners', true, true, false, '2025-06-22 11:31:26.972218', '2025-06-23 11:31:26.972218', 1, 'ALL', '2025-06-22 11:31:26.972218', '2025-06-22 11:31:26.972218', 3, 3);
INSERT INTO public.event_poll (id, tenant_id, title, description, is_active, is_anonymous, allow_multiple_choices, start_date, end_date, max_responses_per_user, results_visible_to, created_at, updated_at, event_id, created_by_id) VALUES (4, 'tenant_demo_001', 'Family Picnic Games', 'Vote for games', true, false, true, '2025-06-22 11:31:26.972218', '2025-06-23 11:31:26.972218', 3, 'ALL', '2025-06-22 11:31:26.972218', '2025-06-22 11:31:26.972218', 4, 4);
INSERT INTO public.event_poll (id, tenant_id, title, description, is_active, is_anonymous, allow_multiple_choices, start_date, end_date, max_responses_per_user, results_visible_to, created_at, updated_at, event_id, created_by_id) VALUES (5, 'tenant_demo_001', 'VIP Dinner Menu', 'Choose menu items', true, false, false, '2025-06-22 11:31:26.972218', '2025-06-23 11:31:26.972218', 1, 'ALL', '2025-06-22 11:31:26.972218', '2025-06-22 11:31:26.972218', 5, 5);
INSERT INTO public.event_poll (id, tenant_id, title, description, is_active, is_anonymous, allow_multiple_choices, start_date, end_date, max_responses_per_user, results_visible_to, created_at, updated_at, event_id, created_by_id) VALUES (6, 'tenant_demo_001', 'Summer Fest Events', 'Vote for events', true, false, true, '2025-06-22 11:31:26.972218', '2025-06-23 11:31:26.972218', 2, 'ALL', '2025-06-22 11:31:26.972218', '2025-06-22 11:31:26.972218', 6, 6);
INSERT INTO public.event_poll (id, tenant_id, title, description, is_active, is_anonymous, allow_multiple_choices, start_date, end_date, max_responses_per_user, results_visible_to, created_at, updated_at, event_id, created_by_id) VALUES (4301, 'tenant_demo_002', 'Test 1', '', true, false, false, '2026-01-14 13:23:00', '2026-01-15 18:23:00', 1, 'ALL', '2026-01-14 13:23:46.396', '2026-01-14 13:23:46.396', NULL, NULL);


--
-- Data for Name: event_poll_option; Type: TABLE DATA; Schema: public; Owner: event_site_admin
--

INSERT INTO public.event_poll_option (id, tenant_id, option_text, display_order, is_active, created_at, updated_at, poll_id) VALUES (1, 'tenant_demo_001', 'Excellent', 1, true, '2025-06-22 11:31:27.027301', '2025-06-22 11:31:27.027301', 1);
INSERT INTO public.event_poll_option (id, tenant_id, option_text, display_order, is_active, created_at, updated_at, poll_id) VALUES (2, 'tenant_demo_001', 'Good', 2, true, '2025-06-22 11:31:27.027301', '2025-06-22 11:31:27.027301', 1);
INSERT INTO public.event_poll_option (id, tenant_id, option_text, display_order, is_active, created_at, updated_at, poll_id) VALUES (3, 'tenant_demo_001', 'Average', 3, true, '2025-06-22 11:31:27.027301', '2025-06-22 11:31:27.027301', 1);
INSERT INTO public.event_poll_option (id, tenant_id, option_text, display_order, is_active, created_at, updated_at, poll_id) VALUES (4, 'tenant_demo_001', 'Topic A', 1, true, '2025-06-22 11:31:27.027301', '2025-06-22 11:31:27.027301', 2);
INSERT INTO public.event_poll_option (id, tenant_id, option_text, display_order, is_active, created_at, updated_at, poll_id) VALUES (5, 'tenant_demo_001', 'Topic B', 2, true, '2025-06-22 11:31:27.027301', '2025-06-22 11:31:27.027301', 2);
INSERT INTO public.event_poll_option (id, tenant_id, option_text, display_order, is_active, created_at, updated_at, poll_id) VALUES (6, 'tenant_demo_001', 'Fun', 1, true, '2025-06-22 11:31:27.027301', '2025-06-22 11:31:27.027301', 4);
INSERT INTO public.event_poll_option (id, tenant_id, option_text, display_order, is_active, created_at, updated_at, poll_id) VALUES (4351, 'tenant_demo_002', 'fkhdjsf', 0, true, '2026-01-14 13:23:53.446', '2026-01-14 13:23:53.446', NULL);
INSERT INTO public.event_poll_option (id, tenant_id, option_text, display_order, is_active, created_at, updated_at, poll_id) VALUES (4352, 'tenant_demo_002', 'sdfsdf', 0, true, '2026-01-14 13:23:53.447', '2026-01-14 13:23:53.447', NULL);


--
-- Data for Name: event_poll_response; Type: TABLE DATA; Schema: public; Owner: event_site_admin
--

INSERT INTO public.event_poll_response (id, tenant_id, comment, response_value, is_anonymous, created_at, updated_at, poll_id, poll_option_id, user_id) VALUES (1, 'tenant_demo_001', 'Great event!', 'Excellent', false, '2025-06-22 11:31:27.074568', '2025-06-22 11:31:27.074568', 1, 1, 1);
INSERT INTO public.event_poll_response (id, tenant_id, comment, response_value, is_anonymous, created_at, updated_at, poll_id, poll_option_id, user_id) VALUES (2, 'tenant_demo_001', 'Loved it', 'Good', false, '2025-06-22 11:31:27.074568', '2025-06-22 11:31:27.074568', 1, 2, 2);
INSERT INTO public.event_poll_response (id, tenant_id, comment, response_value, is_anonymous, created_at, updated_at, poll_id, poll_option_id, user_id) VALUES (3, 'tenant_demo_001', 'Could be better', 'Average', true, '2025-06-22 11:31:27.074568', '2025-06-22 11:31:27.074568', 1, 3, 3);
INSERT INTO public.event_poll_response (id, tenant_id, comment, response_value, is_anonymous, created_at, updated_at, poll_id, poll_option_id, user_id) VALUES (4, 'tenant_demo_001', 'Vote for Topic A', NULL, false, '2025-06-22 11:31:27.074568', '2025-06-22 11:31:27.074568', 2, 4, 4);
INSERT INTO public.event_poll_response (id, tenant_id, comment, response_value, is_anonymous, created_at, updated_at, poll_id, poll_option_id, user_id) VALUES (5, 'tenant_demo_001', 'Vote for Topic B', NULL, false, '2025-06-22 11:31:27.074568', '2025-06-22 11:31:27.074568', 2, 5, 5);
INSERT INTO public.event_poll_response (id, tenant_id, comment, response_value, is_anonymous, created_at, updated_at, poll_id, poll_option_id, user_id) VALUES (6, 'tenant_demo_001', 'Fun games', 'Fun', false, '2025-06-22 11:31:27.074568', '2025-06-22 11:31:27.074568', 4, 6, 6);


--
-- Data for Name: event_program_directors; Type: TABLE DATA; Schema: public; Owner: event_site_admin
--

INSERT INTO public.event_program_directors (id, tenant_id, event_id, name, photo_url, bio, created_at, updated_at) VALUES (1, 'tenant_demo_001', 2, 'Dr. Rajesh Kumar', 'https://s3.amazonaws.com/bucket/directors/1/photo/rajesh_photo.jpg', 'Dr. Rajesh Kumar is a distinguished cultural director with over 25 years of experience in organizing large-scale cultural events. He has been instrumental in promoting Malayalam arts and culture across the globe.', '2025-01-10 10:00:00', '2026-01-12 13:52:29.926649');
INSERT INTO public.event_program_directors (id, tenant_id, event_id, name, photo_url, bio, created_at, updated_at) VALUES (3, 'tenant_demo_002', NULL, 'Mr. Suresh Nair', 'https://s3.amazonaws.com/bucket/directors/3/photo/suresh_photo.jpg', 'Mr. Suresh Nair brings extensive experience in cultural event management and has been associated with several prestigious cultural organizations. His expertise lies in coordinating diverse artistic performances and managing large audiences.', '2025-01-10 10:00:00', '2026-01-13 12:10:07.191619');
INSERT INTO public.event_program_directors (id, tenant_id, event_id, name, photo_url, bio, created_at, updated_at) VALUES (4, 'tenant_demo_002', 4201, 'Dr. Anitha Pillai', 'https://s3.amazonaws.com/bucket/directors/4/photo/anitha_photo.jpg', 'Dr. Anitha Pillai is a renowned music director and cultural consultant with deep knowledge of classical and contemporary music. She has curated numerous musical events and has been recognized for her contributions to promoting Indian classical music.', '2025-01-10 10:00:00', '2026-01-14 17:39:30.79725');


--
-- Data for Name: event_recurrence_series; Type: TABLE DATA; Schema: public; Owner: event_site_admin
--

INSERT INTO public.event_recurrence_series (id, tenant_id, parent_event_id, pattern, "interval", end_type, end_date, occurrences, weekly_days, monthly_day, created_at, updated_at) VALUES (6801, 'tenant_demo_002', 6356, 'DAILY', 1, 'OCCURRENCES', '2025-11-30', 4, NULL, NULL, '2025-11-20 04:40:50.818826', '2025-11-20 04:40:50.818826');


--
-- Data for Name: event_score_card; Type: TABLE DATA; Schema: public; Owner: event_site_admin
--

INSERT INTO public.event_score_card (id, event_id, team_a_name, team_b_name, team_a_score, team_b_score, remarks, created_at, updated_at) VALUES (1, 1, 'Team Red', 'Team Blue', 10, 8, 'Close match', '2025-06-22 11:31:27.19135', '2025-06-22 11:31:27.19135');
INSERT INTO public.event_score_card (id, event_id, team_a_name, team_b_name, team_a_score, team_b_score, remarks, created_at, updated_at) VALUES (2, 2, 'Team Alpha', 'Team Beta', 15, 12, 'Exciting', '2025-06-22 11:31:27.19135', '2025-06-22 11:31:27.19135');
INSERT INTO public.event_score_card (id, event_id, team_a_name, team_b_name, team_a_score, team_b_score, remarks, created_at, updated_at) VALUES (3, 3, 'Team One', 'Team Two', 7, 9, 'Well played', '2025-06-22 11:31:27.19135', '2025-06-22 11:31:27.19135');
INSERT INTO public.event_score_card (id, event_id, team_a_name, team_b_name, team_a_score, team_b_score, remarks, created_at, updated_at) VALUES (4, 4, 'Team A', 'Team B', 5, 5, 'Draw', '2025-06-22 11:31:27.19135', '2025-06-22 11:31:27.19135');
INSERT INTO public.event_score_card (id, event_id, team_a_name, team_b_name, team_a_score, team_b_score, remarks, created_at, updated_at) VALUES (5, 5, 'Team X', 'Team Y', 20, 18, 'High scoring', '2025-06-22 11:31:27.19135', '2025-06-22 11:31:27.19135');
INSERT INTO public.event_score_card (id, event_id, team_a_name, team_b_name, team_a_score, team_b_score, remarks, created_at, updated_at) VALUES (6, 6, 'Team Sun', 'Team Moon', 13, 14, 'Nail-biter', '2025-06-22 11:31:27.19135', '2025-06-22 11:31:27.19135');


--
-- Data for Name: event_score_card_detail; Type: TABLE DATA; Schema: public; Owner: event_site_admin
--

INSERT INTO public.event_score_card_detail (id, score_card_id, team_name, player_name, points, remarks, created_at, updated_at) VALUES (1, 1, 'Team Red', 'Alice', 5, 'Great play', '2025-06-22 11:31:27.245277', '2025-06-22 11:31:27.245277');
INSERT INTO public.event_score_card_detail (id, score_card_id, team_name, player_name, points, remarks, created_at, updated_at) VALUES (2, 1, 'Team Blue', 'Bob', 4, 'Strong defense', '2025-06-22 11:31:27.245277', '2025-06-22 11:31:27.245277');
INSERT INTO public.event_score_card_detail (id, score_card_id, team_name, player_name, points, remarks, created_at, updated_at) VALUES (3, 2, 'Team Alpha', 'Carol', 8, 'Top scorer', '2025-06-22 11:31:27.245277', '2025-06-22 11:31:27.245277');
INSERT INTO public.event_score_card_detail (id, score_card_id, team_name, player_name, points, remarks, created_at, updated_at) VALUES (4, 2, 'Team Beta', 'David', 7, 'Good effort', '2025-06-22 11:31:27.245277', '2025-06-22 11:31:27.245277');
INSERT INTO public.event_score_card_detail (id, score_card_id, team_name, player_name, points, remarks, created_at, updated_at) VALUES (5, 3, 'Team One', 'Eve', 3, 'Quick start', '2025-06-22 11:31:27.245277', '2025-06-22 11:31:27.245277');
INSERT INTO public.event_score_card_detail (id, score_card_id, team_name, player_name, points, remarks, created_at, updated_at) VALUES (6, 3, 'Team Two', 'Frank', 6, 'Solid finish', '2025-06-22 11:31:27.245277', '2025-06-22 11:31:27.245277');


--
-- Data for Name: event_site_app_cache; Type: TABLE DATA; Schema: public; Owner: event_site_admin
--



--
-- Data for Name: event_ticket_type; Type: TABLE DATA; Schema: public; Owner: event_site_admin
--

INSERT INTO public.event_ticket_type (id, tenant_id, name, description, price, is_service_fee_included, service_fee, code, available_quantity, sold_quantity, remaining_quantity, is_active, sale_start_date, sale_end_date, min_quantity_per_order, max_quantity_per_order, requires_approval, sort_order, created_at, updated_at, event_id) VALUES (1, 'tenant_demo_001', 'Standard', 'Standard ticket for Spring Gala', 50.00, false, NULL, 'STD', 100, 12, 88, true, NULL, NULL, 1, 10, false, 0, '2025-06-22 11:31:27.305395', '2025-06-22 11:31:27.363866', 6);
INSERT INTO public.event_ticket_type (id, tenant_id, name, description, price, is_service_fee_included, service_fee, code, available_quantity, sold_quantity, remaining_quantity, is_active, sale_start_date, sale_end_date, min_quantity_per_order, max_quantity_per_order, requires_approval, sort_order, created_at, updated_at, event_id) VALUES (3, 'tenant_demo_001', 'Runner', 'Runner ticket for Charity Run', 0.00, false, NULL, 'RUN', 300, 103, 197, true, NULL, NULL, 1, 10, false, 0, '2025-06-22 11:31:27.305395', '2025-06-22 11:31:27.363866', 3);
INSERT INTO public.event_ticket_type (id, tenant_id, name, description, price, is_service_fee_included, service_fee, code, available_quantity, sold_quantity, remaining_quantity, is_active, sale_start_date, sale_end_date, min_quantity_per_order, max_quantity_per_order, requires_approval, sort_order, created_at, updated_at, event_id) VALUES (4, 'tenant_demo_001', 'Family', 'Family ticket for Picnic', 20.00, false, NULL, 'FAM', 30, 14, 16, true, NULL, NULL, 1, 10, false, 0, '2025-06-22 11:31:27.305395', '2025-06-22 11:31:27.363866', 4);
INSERT INTO public.event_ticket_type (id, tenant_id, name, description, price, is_service_fee_included, service_fee, code, available_quantity, sold_quantity, remaining_quantity, is_active, sale_start_date, sale_end_date, min_quantity_per_order, max_quantity_per_order, requires_approval, sort_order, created_at, updated_at, event_id) VALUES (5, 'tenant_demo_001', 'Dinner', 'Dinner ticket for VIP Dinner', 100.00, false, NULL, 'DIN', 20, 9, 11, true, NULL, NULL, 1, 10, false, 0, '2025-06-22 11:31:27.305395', '2025-06-22 11:31:27.363866', 5);
INSERT INTO public.event_ticket_type (id, tenant_id, name, description, price, is_service_fee_included, service_fee, code, available_quantity, sold_quantity, remaining_quantity, is_active, sale_start_date, sale_end_date, min_quantity_per_order, max_quantity_per_order, requires_approval, sort_order, created_at, updated_at, event_id) VALUES (6, 'tenant_demo_001', 'Festival', 'Festival ticket for Summer Fest', 30.00, false, NULL, 'FEST', 200, 52, 148, true, NULL, NULL, 1, 10, false, 0, '2025-06-22 11:31:27.305395', '2025-06-22 11:31:27.363866', 6);
INSERT INTO public.event_ticket_type (id, tenant_id, name, description, price, is_service_fee_included, service_fee, code, available_quantity, sold_quantity, remaining_quantity, is_active, sale_start_date, sale_end_date, min_quantity_per_order, max_quantity_per_order, requires_approval, sort_order, created_at, updated_at, event_id) VALUES (2, 'tenant_demo_001', 'VIP', 'VIP ticket for Tech Conference', 200.00, false, NULL, 'VIP', 48, 8, 40, true, NULL, NULL, 1, 10, false, 0, '2025-06-22 11:31:27.305395', '2025-06-22 14:03:04.384515', 2);
INSERT INTO public.event_ticket_type (id, tenant_id, name, description, price, is_service_fee_included, service_fee, code, available_quantity, sold_quantity, remaining_quantity, is_active, sale_start_date, sale_end_date, min_quantity_per_order, max_quantity_per_order, requires_approval, sort_order, created_at, updated_at, event_id) VALUES (4752, 'tenant_demo_001', 'FAMILY5', 'xzxzxzxz', 10.00, false, 0.00, 'FAMILY5', 83, 6, 77, true, NULL, NULL, 1, 10, false, 0, '2025-06-22 17:50:20.591', '2025-06-22 16:46:15.904713', 1);
INSERT INTO public.event_ticket_type (id, tenant_id, name, description, price, is_service_fee_included, service_fee, code, available_quantity, sold_quantity, remaining_quantity, is_active, sale_start_date, sale_end_date, min_quantity_per_order, max_quantity_per_order, requires_approval, sort_order, created_at, updated_at, event_id) VALUES (4751, 'tenant_demo_001', 'zxzxz', 'xzxzxzxz', 20.00, false, 0.00, 'DIN', 84, 25, 59, true, NULL, NULL, 1, 10, false, 0, '2025-06-22 17:48:59.275', '2025-06-23 01:17:30.642189', 1);
INSERT INTO public.event_ticket_type (id, tenant_id, name, description, price, is_service_fee_included, service_fee, code, available_quantity, sold_quantity, remaining_quantity, is_active, sale_start_date, sale_end_date, min_quantity_per_order, max_quantity_per_order, requires_approval, sort_order, created_at, updated_at, event_id) VALUES (4051, 'tenant_demo_002', 'Demo', 'sdfsfdgsdfgsdfgsdfg', 100.00, false, 0.00, '234', 100, 0, 100, true, NULL, NULL, 1, 10, false, 0, '2026-01-14 09:01:19.23', '2026-01-14 09:01:19.23', 6901);
INSERT INTO public.event_ticket_type (id, tenant_id, name, description, price, is_service_fee_included, service_fee, code, available_quantity, sold_quantity, remaining_quantity, is_active, sale_start_date, sale_end_date, min_quantity_per_order, max_quantity_per_order, requires_approval, sort_order, created_at, updated_at, event_id) VALUES (7352, 'tenant_demo_002', 'Silver Sponsor', 'zxzxzxzxzxzx', 0.60, false, 0.00, 'Silver_Sponsor', 100, 0, 100, true, NULL, NULL, 1, 10, false, 0, '2026-01-19 06:09:05.511', '2026-01-19 06:09:05.511', 4201);
INSERT INTO public.event_ticket_type (id, tenant_id, name, description, price, is_service_fee_included, service_fee, code, available_quantity, sold_quantity, remaining_quantity, is_active, sale_start_date, sale_end_date, min_quantity_per_order, max_quantity_per_order, requires_approval, sort_order, created_at, updated_at, event_id) VALUES (7351, 'tenant_demo_002', 'Gold Sponsor', 'zzzxzxzxz', 0.70, false, 0.00, 'Gold_Sponsor', 100, NULL, NULL, true, NULL, NULL, 1, 10, NULL, NULL, '2026-01-19 06:08:25.41', '2026-01-25 11:14:20.480911', 4201);
INSERT INTO public.event_ticket_type (id, tenant_id, name, description, price, is_service_fee_included, service_fee, code, available_quantity, sold_quantity, remaining_quantity, is_active, sale_start_date, sale_end_date, min_quantity_per_order, max_quantity_per_order, requires_approval, sort_order, created_at, updated_at, event_id) VALUES (4152, 'tenant_demo_002', 'FirstClass', 'fdfddfdf', 0.60, false, 0.00, 'SPRING10', 100, NULL, NULL, true, NULL, NULL, 1, 10, false, 0, '2025-11-13 23:10:25.922', '2026-03-09 22:51:01.645808', 2);
INSERT INTO public.event_ticket_type (id, tenant_id, name, description, price, is_service_fee_included, service_fee, code, available_quantity, sold_quantity, remaining_quantity, is_active, sale_start_date, sale_end_date, min_quantity_per_order, max_quantity_per_order, requires_approval, sort_order, created_at, updated_at, event_id) VALUES (7551, 'tenant_demo_002', 'Gold Sponsor', 'xzxzxzx', 0.70, false, 0.00, 'Gold_Sponsor', 50, 40, 45, true, NULL, NULL, 1, 10, false, 0, '2026-01-22 17:20:18.536', '2026-03-09 22:51:01.71309', 4202);
INSERT INTO public.event_ticket_type (id, tenant_id, name, description, price, is_service_fee_included, service_fee, code, available_quantity, sold_quantity, remaining_quantity, is_active, sale_start_date, sale_end_date, min_quantity_per_order, max_quantity_per_order, requires_approval, sort_order, created_at, updated_at, event_id) VALUES (7552, 'tenant_demo_002', 'Silver Sponsor', 'ssdssssdss', 0.60, false, 0.00, 'Silver_Sponsor', 50, 8, 49, true, NULL, NULL, 1, 10, false, 0, '2026-01-22 17:21:15.843', '2026-03-09 22:51:01.718845', 4202);
INSERT INTO public.event_ticket_type (id, tenant_id, name, description, price, is_service_fee_included, service_fee, code, available_quantity, sold_quantity, remaining_quantity, is_active, sale_start_date, sale_end_date, min_quantity_per_order, max_quantity_per_order, requires_approval, sort_order, created_at, updated_at, event_id) VALUES (4151, 'tenant_demo_002', 'Balcony', 'sdsdsdss', 0.70, true, 0.00, 'fdfdfd', 100, 48, 94, true, NULL, NULL, 1, 10, false, 0, '2025-11-13 23:09:56.934', '2026-03-09 22:51:01.731217', 2);


--
-- Data for Name: event_ticket_transaction_item; Type: TABLE DATA; Schema: public; Owner: event_site_admin
--

INSERT INTO public.event_ticket_transaction_item (id, tenant_id, transaction_id, ticket_type_id, quantity, price_per_unit, total_amount, created_at, updated_at) VALUES (4251, 'tenant_demo_002', 4201, 4151, 1, 20.00, 20.00, '2025-11-13 23:21:56.135', '2025-11-13 23:21:56.135');
INSERT INTO public.event_ticket_transaction_item (id, tenant_id, transaction_id, ticket_type_id, quantity, price_per_unit, total_amount, created_at, updated_at) VALUES (4252, 'tenant_demo_002', 4201, 4152, 1, 10.00, 10.00, '2025-11-13 23:21:56.135', '2025-11-13 23:21:56.135');
INSERT INTO public.event_ticket_transaction_item (id, tenant_id, transaction_id, ticket_type_id, quantity, price_per_unit, total_amount, created_at, updated_at) VALUES (4253, 'tenant_demo_002', 4202, 4151, 1, 20.00, 20.00, '2025-11-14 01:09:04.685', '2025-11-14 01:09:04.685');
INSERT INTO public.event_ticket_transaction_item (id, tenant_id, transaction_id, ticket_type_id, quantity, price_per_unit, total_amount, created_at, updated_at) VALUES (4254, 'tenant_demo_002', 4203, 4151, 1, 20.00, 20.00, '2025-11-14 01:42:10.781', '2025-11-14 01:42:10.781');
INSERT INTO public.event_ticket_transaction_item (id, tenant_id, transaction_id, ticket_type_id, quantity, price_per_unit, total_amount, created_at, updated_at) VALUES (4301, 'tenant_demo_002', 4251, 4151, 1, 0.70, 0.70, '2025-12-04 03:20:36.927805', '2025-12-04 03:20:36.927805');
INSERT INTO public.event_ticket_transaction_item (id, tenant_id, transaction_id, ticket_type_id, quantity, price_per_unit, total_amount, created_at, updated_at) VALUES (4303, 'tenant_demo_002', 4253, 4151, 1, 0.70, 0.70, '2025-12-04 03:26:55.127733', '2025-12-04 03:26:55.127733');
INSERT INTO public.event_ticket_transaction_item (id, tenant_id, transaction_id, ticket_type_id, quantity, price_per_unit, total_amount, created_at, updated_at) VALUES (7551, 'tenant_demo_002', 7501, 7351, 1, 0.70, 0.70, '2026-01-19 06:16:28.380574', '2026-01-19 06:16:28.380574');
INSERT INTO public.event_ticket_transaction_item (id, tenant_id, transaction_id, ticket_type_id, quantity, price_per_unit, total_amount, created_at, updated_at) VALUES (7552, 'tenant_demo_002', 7502, 7352, 1, 0.60, 0.60, '2026-01-19 06:29:19.829925', '2026-01-19 06:29:19.829925');
INSERT INTO public.event_ticket_transaction_item (id, tenant_id, transaction_id, ticket_type_id, quantity, price_per_unit, total_amount, created_at, updated_at) VALUES (7751, 'tenant_demo_002', 7701, 7551, 1, 0.70, 0.70, '2026-01-22 18:29:20.106142', '2026-01-22 18:29:20.106142');
INSERT INTO public.event_ticket_transaction_item (id, tenant_id, transaction_id, ticket_type_id, quantity, price_per_unit, total_amount, created_at, updated_at) VALUES (7752, 'tenant_demo_002', 7702, 7551, 1, 0.70, 0.70, '2026-01-22 19:06:31.653028', '2026-01-22 19:06:31.653028');
INSERT INTO public.event_ticket_transaction_item (id, tenant_id, transaction_id, ticket_type_id, quantity, price_per_unit, total_amount, created_at, updated_at) VALUES (7753, 'tenant_demo_002', 7703, 7551, 1, 0.70, 0.70, '2026-01-22 19:26:53.815363', '2026-01-22 19:26:53.815363');
INSERT INTO public.event_ticket_transaction_item (id, tenant_id, transaction_id, ticket_type_id, quantity, price_per_unit, total_amount, created_at, updated_at) VALUES (7901, 'tenant_demo_002', 7851, 7551, 1, 0.70, 0.70, '2026-01-22 20:37:06.853373', '2026-01-22 20:37:06.853373');
INSERT INTO public.event_ticket_transaction_item (id, tenant_id, transaction_id, ticket_type_id, quantity, price_per_unit, total_amount, created_at, updated_at) VALUES (8051, 'tenant_demo_002', 8001, 7551, 1, 0.70, 0.70, '2026-01-22 21:07:44.461377', '2026-01-22 21:07:44.461377');
INSERT INTO public.event_ticket_transaction_item (id, tenant_id, transaction_id, ticket_type_id, quantity, price_per_unit, total_amount, created_at, updated_at) VALUES (8052, 'tenant_demo_002', 8001, 7552, 1, 0.60, 0.60, '2026-01-22 21:07:44.461377', '2026-01-22 21:07:44.461377');
INSERT INTO public.event_ticket_transaction_item (id, tenant_id, transaction_id, ticket_type_id, quantity, price_per_unit, total_amount, created_at, updated_at) VALUES (8251, 'tenant_demo_002', 8201, 7351, 1, 0.70, 0.70, '2026-01-22 22:54:32.954392', '2026-01-22 22:54:32.954392');
INSERT INTO public.event_ticket_transaction_item (id, tenant_id, transaction_id, ticket_type_id, quantity, price_per_unit, total_amount, created_at, updated_at) VALUES (8252, 'tenant_demo_002', 8202, 4151, 1, 0.70, 0.70, '2026-01-22 22:55:56.491925', '2026-01-22 22:55:56.491925');


--
-- Data for Name: tenant_organization; Type: TABLE DATA; Schema: public; Owner: event_site_admin
--

INSERT INTO public.tenant_organization (id, tenant_id, organization_name, domain, primary_color, secondary_color, logo_url, contact_email, contact_phone, subscription_plan, subscription_status, subscription_start_date, subscription_end_date, monthly_fee_usd, stripe_customer_id, is_active, created_at, updated_at) VALUES (1, 'tenant_demo_001', 'Malayalees US', NULL, NULL, NULL, NULL, 'contact1@example.com', NULL, NULL, NULL, NULL, NULL, NULL, NULL, true, '2025-06-22 11:31:27.518852', '2025-06-22 11:31:27.518852');
INSERT INTO public.tenant_organization (id, tenant_id, organization_name, domain, primary_color, secondary_color, logo_url, contact_email, contact_phone, subscription_plan, subscription_status, subscription_start_date, subscription_end_date, monthly_fee_usd, stripe_customer_id, is_active, created_at, updated_at) VALUES (3, 'tenant_demo_003', 'Charity Org', NULL, NULL, NULL, NULL, 'contact3@example.com', NULL, NULL, NULL, NULL, NULL, NULL, NULL, true, '2025-06-22 11:31:27.518852', '2025-06-22 11:31:27.518852');
INSERT INTO public.tenant_organization (id, tenant_id, organization_name, domain, primary_color, secondary_color, logo_url, contact_email, contact_phone, subscription_plan, subscription_status, subscription_start_date, subscription_end_date, monthly_fee_usd, stripe_customer_id, is_active, created_at, updated_at) VALUES (4, 'tenant_demo_004', 'Family Org', NULL, NULL, NULL, NULL, 'contact4@example.com', NULL, NULL, NULL, NULL, NULL, NULL, NULL, true, '2025-06-22 11:31:27.518852', '2025-06-22 11:31:27.518852');
INSERT INTO public.tenant_organization (id, tenant_id, organization_name, domain, primary_color, secondary_color, logo_url, contact_email, contact_phone, subscription_plan, subscription_status, subscription_start_date, subscription_end_date, monthly_fee_usd, stripe_customer_id, is_active, created_at, updated_at) VALUES (5, 'tenant_demo_005', 'VIP Org', NULL, NULL, NULL, NULL, 'contact5@example.com', NULL, NULL, NULL, NULL, NULL, NULL, NULL, true, '2025-06-22 11:31:27.518852', '2025-06-22 11:31:27.518852');
INSERT INTO public.tenant_organization (id, tenant_id, organization_name, domain, primary_color, secondary_color, logo_url, contact_email, contact_phone, subscription_plan, subscription_status, subscription_start_date, subscription_end_date, monthly_fee_usd, stripe_customer_id, is_active, created_at, updated_at) VALUES (6, 'tenant_demo_006', 'Summer Org', NULL, NULL, NULL, NULL, 'contact6@example.com', NULL, NULL, NULL, NULL, NULL, NULL, NULL, true, '2025-06-22 11:31:27.518852', '2025-06-22 11:31:27.518852');
INSERT INTO public.tenant_organization (id, tenant_id, organization_name, domain, primary_color, secondary_color, logo_url, contact_email, contact_phone, subscription_plan, subscription_status, subscription_start_date, subscription_end_date, monthly_fee_usd, stripe_customer_id, is_active, created_at, updated_at) VALUES (2, 'tenant_demo_002', 'Techies US', '', '#3B82F6', '#1E40AF', '', 'contact2@example.com', '', 'BASIC', 'TRIAL', NULL, NULL, 0.00, '', true, '2025-06-22 11:31:27.518852', '2026-01-13 06:42:44.040745');


--
-- Data for Name: executive_committee_team_members; Type: TABLE DATA; Schema: public; Owner: event_site_admin
--

INSERT INTO public.executive_committee_team_members (id, tenant_id, first_name, last_name, title, designation, bio, email, priority_order, profile_image_url, expertise, image_background, image_style, department, join_date, is_active, linkedin_url, twitter_url, website_url, created_at, updated_at) VALUES (3, 'tenant_demo_002', 'Manaoj', 'Joseph', 'nnnbnbbnbnbnbnbb', '', '', 'giventauser@gmail.com', 1, 'https://eventapp-media-bucket.s3.us-east-2.amazonaws.com/media/tenantId/tenant_demo_001/executive-team-members/Manoj_Kizhakkoot_1757093467818_a471c9c7.png', NULL, '', '', '', NULL, true, '', '', '', '2025-09-05 13:31:07.135+00', '2025-09-05 13:31:07.135+00');
INSERT INTO public.executive_committee_team_members (id, tenant_id, first_name, last_name, title, designation, bio, email, priority_order, profile_image_url, expertise, image_background, image_style, department, join_date, is_active, linkedin_url, twitter_url, website_url, created_at, updated_at) VALUES (1, 'tenant_demo_002', 'Gain', 'Joseph', 'bnbnbbnb', 'asasasa', 'bnbnbbnb', 'giventauser@gmail.com', 2, 'https://eventapp-media-bucket.s3.us-east-2.amazonaws.com/media/tenantId/tenant_demo_001/executive-team-members/arun_sadasivan_1757093414753_3e098d44.jpeg', NULL, '', '', '', NULL, true, '', '', '', '2025-09-05 13:30:12.146+00', '2025-09-05 13:30:12.146+00');
INSERT INTO public.executive_committee_team_members (id, tenant_id, first_name, last_name, title, designation, bio, email, priority_order, profile_image_url, expertise, image_background, image_style, department, join_date, is_active, linkedin_url, twitter_url, website_url, created_at, updated_at) VALUES (2, 'tenant_demo_002', 'ddddddd', 'Joseph', 'nbnbnbnbnbbnb', '', 'bvbvbvbv', 'giventauser@gmail.com', 4, 'https://eventapp-media-bucket.s3.us-east-2.amazonaws.com/media/tenantId/tenant_demo_001/executive-team-members/latha_krishnan_1757093444035_7cfd3510.jpeg', NULL, '', '', '', NULL, true, '', '', '', '2025-09-05 13:30:43.745+00', '2025-09-05 13:30:43.745+00');
INSERT INTO public.executive_committee_team_members (id, tenant_id, first_name, last_name, title, designation, bio, email, priority_order, profile_image_url, expertise, image_background, image_style, department, join_date, is_active, linkedin_url, twitter_url, website_url, created_at, updated_at) VALUES (8320, 'tenant_demo_002', 'Mary ', 'John', 'Ms', 'Executive Member', 'Mary is an experienced Public Relations Officer with 10 years of expertise in media relations, corporate communications, and brand management.', 'marydoetest343@gmail.com', 5, 'https://eventapp-media-bucket.s3.us-east-2.amazonaws.com/dev/media/tenantId/tenant_demo_002/executive-team-members/Executive_member4__2__1771829225544_2e82ef18.jpeg', '["Media Relation","Corporate Communication","Brand Management"]', '', '', 'Public Relation', '2026-01-01', true, '', 'https://x.com/', '', '2026-02-23 01:47:03.718+00', '2026-02-23 01:47:03.718+00');
INSERT INTO public.executive_committee_team_members (id, tenant_id, first_name, last_name, title, designation, bio, email, priority_order, profile_image_url, expertise, image_background, image_style, department, join_date, is_active, linkedin_url, twitter_url, website_url, created_at, updated_at) VALUES (5302, 'tenant_demo_002', 'John', 'Doe', 'Mr', 'HR Manager', '', 'johndoetest@gmail.com', 6, 'https://eventapp-media-bucket.s3.us-east-2.amazonaws.com/dev/media/tenantId/tenant_demo_002/executive-team-members/Executive_member4__1__1771598811290_9be53a5f.jpeg', '["Leadership","Human Resource Management"]', '', '', 'Management', '2026-02-06', true, 'https://www.linkedin.com', 'https://www.youtube.com', 'https://www.facebook.com', '2026-01-13 08:20:20.244+00', '2026-01-13 08:20:20.244+00');
INSERT INTO public.executive_committee_team_members (id, tenant_id, first_name, last_name, title, designation, bio, email, priority_order, profile_image_url, expertise, image_background, image_style, department, join_date, is_active, linkedin_url, twitter_url, website_url, created_at, updated_at) VALUES (5301, 'tenant_demo_002', 'Mary', 'Doe', 'Ms', 'Executive Member', '', 'marydoetest@gmail.com', 7, 'https://eventapp-media-bucket.s3.us-east-2.amazonaws.com/dev/media/tenantId/tenant_demo_002/executive-team-members/Executive_member3_1771598340045_99376a4a.jpeg', '["Leadership","Financial Management"]', '', '', 'Management', '2026-02-06', true, 'https://www.linkedin.com', 'https://www.youtube.com', 'https://www.facebook.com', '2026-01-13 08:20:04.216+00', '2026-01-13 08:20:04.216+00');
INSERT INTO public.executive_committee_team_members (id, tenant_id, first_name, last_name, title, designation, bio, email, priority_order, profile_image_url, expertise, image_background, image_style, department, join_date, is_active, linkedin_url, twitter_url, website_url, created_at, updated_at) VALUES (4151, 'tenant_demo_001', 'Test', 'person5', 'dfgdsfg', '', '', '', 16, NULL, NULL, '', '', '', NULL, true, '', '', '', '2026-01-14 06:45:56.894+00', '2026-03-02 13:14:06.349+00');
INSERT INTO public.executive_committee_team_members (id, tenant_id, first_name, last_name, title, designation, bio, email, priority_order, profile_image_url, expertise, image_background, image_style, department, join_date, is_active, linkedin_url, twitter_url, website_url, created_at, updated_at) VALUES (4152, 'tenant_demo_001', 'Test', 'person6', 'sdfgsdfg', '', '', '', 17, NULL, NULL, '', '', '', NULL, true, '', '', '', '2026-01-14 06:46:22.756+00', '2026-03-02 13:14:06.349+00');
INSERT INTO public.executive_committee_team_members (id, tenant_id, first_name, last_name, title, designation, bio, email, priority_order, profile_image_url, expertise, image_background, image_style, department, join_date, is_active, linkedin_url, twitter_url, website_url, created_at, updated_at) VALUES (4153, 'tenant_demo_001', 'Test', 'perosn7', 'sdfgsdfg', '', '', '', 18, NULL, NULL, '', '', '', NULL, true, '', '', '', '2026-01-14 06:46:37.057+00', '2026-03-02 13:14:06.349+00');
INSERT INTO public.executive_committee_team_members (id, tenant_id, first_name, last_name, title, designation, bio, email, priority_order, profile_image_url, expertise, image_background, image_style, department, join_date, is_active, linkedin_url, twitter_url, website_url, created_at, updated_at) VALUES (4154, 'tenant_demo_001', 'Test', 'person8', 'sdfgdfg', '', '', '', 19, NULL, NULL, '', '', '', NULL, true, '', '', '', '2026-01-14 06:46:51.233+00', '2026-03-02 13:14:06.349+00');
INSERT INTO public.executive_committee_team_members (id, tenant_id, first_name, last_name, title, designation, bio, email, priority_order, profile_image_url, expertise, image_background, image_style, department, join_date, is_active, linkedin_url, twitter_url, website_url, created_at, updated_at) VALUES (4155, 'tenant_demo_002', 'Test', 'person9', 'sdfgdsfg', '', '', '', 20, NULL, NULL, '', '', '', NULL, true, '', '', '', '2026-01-14 06:47:35.737+00', '2026-03-02 13:14:06.349+00');
INSERT INTO public.executive_committee_team_members (id, tenant_id, first_name, last_name, title, designation, bio, email, priority_order, profile_image_url, expertise, image_background, image_style, department, join_date, is_active, linkedin_url, twitter_url, website_url, created_at, updated_at) VALUES (4156, 'tenant_demo_001', 'Test ', 'person10', 'bdgdgh', '', '', '', 21, NULL, NULL, '', '', '', NULL, true, '', '', '', '2026-01-14 06:47:47.062+00', '2026-03-02 13:14:06.349+00');
INSERT INTO public.executive_committee_team_members (id, tenant_id, first_name, last_name, title, designation, bio, email, priority_order, profile_image_url, expertise, image_background, image_style, department, join_date, is_active, linkedin_url, twitter_url, website_url, created_at, updated_at) VALUES (4157, 'tenant_demo_002', 'Test', 'perosn11', 'xddghdgh', '', '', '', 22, NULL, NULL, '', '', '', NULL, true, '', '', '', '2026-01-14 06:48:03.507+00', '2026-03-02 13:14:06.349+00');
INSERT INTO public.executive_committee_team_members (id, tenant_id, first_name, last_name, title, designation, bio, email, priority_order, profile_image_url, expertise, image_background, image_style, department, join_date, is_active, linkedin_url, twitter_url, website_url, created_at, updated_at) VALUES (4158, 'tenant_demo_001', 'Test', 'person12', 'dfgsfgsfg', '', '', '', 23, NULL, NULL, '', '', '', NULL, true, '', '', '', '2026-01-14 06:48:16.62+00', '2026-03-02 13:14:06.349+00');
INSERT INTO public.executive_committee_team_members (id, tenant_id, first_name, last_name, title, designation, bio, email, priority_order, profile_image_url, expertise, image_background, image_style, department, join_date, is_active, linkedin_url, twitter_url, website_url, created_at, updated_at) VALUES (4159, 'tenant_demo_002', 'Test', 'person13', 'sfdgdfgsdfg', '', '', '', 24, NULL, NULL, '', '', '', NULL, true, '', '', '', '2026-01-14 06:48:30.639+00', '2026-03-02 13:14:06.349+00');
INSERT INTO public.executive_committee_team_members (id, tenant_id, first_name, last_name, title, designation, bio, email, priority_order, profile_image_url, expertise, image_background, image_style, department, join_date, is_active, linkedin_url, twitter_url, website_url, created_at, updated_at) VALUES (4160, 'tenant_demo_002', 'Test', 'person14', 'sfgsfgsfg', '', '', '', 25, NULL, NULL, '', '', '', NULL, true, '', '', '', '2026-01-14 06:48:44.48+00', '2026-03-02 13:14:06.349+00');
INSERT INTO public.executive_committee_team_members (id, tenant_id, first_name, last_name, title, designation, bio, email, priority_order, profile_image_url, expertise, image_background, image_style, department, join_date, is_active, linkedin_url, twitter_url, website_url, created_at, updated_at) VALUES (4161, 'tenant_demo_002', 'Test', 'person15', 'sfgdsfgdsfg', '', '', '', 26, NULL, NULL, '', '', '', NULL, true, '', '', '', '2026-01-14 06:49:00.129+00', '2026-03-02 13:14:06.349+00');
INSERT INTO public.executive_committee_team_members (id, tenant_id, first_name, last_name, title, designation, bio, email, priority_order, profile_image_url, expertise, image_background, image_style, department, join_date, is_active, linkedin_url, twitter_url, website_url, created_at, updated_at) VALUES (4162, 'tenant_demo_002', 'Test', 'person16', 'sdgsfg', '', '', '', 27, NULL, NULL, '', '', '', NULL, true, '', '', '', '2026-01-14 06:49:22.11+00', '2026-03-02 13:14:06.349+00');
INSERT INTO public.executive_committee_team_members (id, tenant_id, first_name, last_name, title, designation, bio, email, priority_order, profile_image_url, expertise, image_background, image_style, department, join_date, is_active, linkedin_url, twitter_url, website_url, created_at, updated_at) VALUES (5303, 'tenant_demo_002', 'Test', 'person3', 'xdfgsdfg', '', '', '', 29, NULL, NULL, '', '', '', NULL, true, '', '', '', '2026-01-13 08:20:34.998+00', '2026-03-02 13:14:06.349+00');
INSERT INTO public.executive_committee_team_members (id, tenant_id, first_name, last_name, title, designation, bio, email, priority_order, profile_image_url, expertise, image_background, image_style, department, join_date, is_active, linkedin_url, twitter_url, website_url, created_at, updated_at) VALUES (5304, 'tenant_demo_001', 'Test', 'person4', 'sdfsgsfg', '', '', '', 30, NULL, NULL, '', '', '', NULL, true, '', '', '', '2026-01-13 08:20:48.876+00', '2026-03-02 13:14:06.349+00');
INSERT INTO public.executive_committee_team_members (id, tenant_id, first_name, last_name, title, designation, bio, email, priority_order, profile_image_url, expertise, image_background, image_style, department, join_date, is_active, linkedin_url, twitter_url, website_url, created_at, updated_at) VALUES (4163, 'tenant_demo_002', 'Test', 'person17', 'sdgsdfg', '', '', '', 29, NULL, NULL, '', '', '', NULL, true, '', '', '', '2026-01-14 06:49:45.165+00', '2026-03-02 13:14:06.349+00');


--
-- Data for Name: focus_group_members; Type: TABLE DATA; Schema: public; Owner: event_site_admin
--

INSERT INTO public.focus_group_members (id, tenant_id, focus_group_id, user_profile_id, role, status, created_at, updated_at) VALUES (8397, 'tenant_demo_002', 8311, 5152, 'MEMBER', 'ACTIVE', '2026-03-06 04:20:48.145782', '2026-03-06 04:20:48.145782');


--
-- Data for Name: manual_payment_request; Type: TABLE DATA; Schema: public; Owner: event_site_admin
--

INSERT INTO public.manual_payment_request (id, tenant_id, event_id, ticket_transaction_id, requester_email, requester_first_name, requester_last_name, requester_phone, amount_due, payment_method_type, payment_handle, payment_instructions, status, proof_of_payment_file_key, proof_of_payment_file_url, proof_of_payment_uploaded_at, received_at, received_by, void_reason, created_at, updated_at) VALUES (7451, 'tenant_demo_002', 4201, 7501, 'giventauser@gmail.com', NULL, NULL, '3123430073', 0.70, 'ZELLE_MANUAL', NULL, NULL, 'REQUESTED', NULL, NULL, NULL, NULL, NULL, NULL, '2026-01-19 06:16:28.36327', '2026-01-19 06:16:28.36327');
INSERT INTO public.manual_payment_request (id, tenant_id, event_id, ticket_transaction_id, requester_email, requester_first_name, requester_last_name, requester_phone, amount_due, payment_method_type, payment_handle, payment_instructions, status, proof_of_payment_file_key, proof_of_payment_file_url, proof_of_payment_uploaded_at, received_at, received_by, void_reason, created_at, updated_at) VALUES (7452, 'tenant_demo_002', 4201, 7502, 'giventauser@gmail.com', NULL, NULL, '3123430073', 0.60, 'VENMO_MANUAL', NULL, NULL, 'REQUESTED', NULL, NULL, NULL, NULL, NULL, NULL, '2026-01-19 06:29:19.829396', '2026-01-19 07:11:04.146987');
INSERT INTO public.manual_payment_request (id, tenant_id, event_id, ticket_transaction_id, requester_email, requester_first_name, requester_last_name, requester_phone, amount_due, payment_method_type, payment_handle, payment_instructions, status, proof_of_payment_file_key, proof_of_payment_file_url, proof_of_payment_uploaded_at, received_at, received_by, void_reason, created_at, updated_at) VALUES (8151, 'tenant_demo_002', 4201, 8201, 'giventauser@gmail.com', NULL, NULL, '3123430073', 0.70, 'ZELLE_MANUAL', NULL, NULL, 'REQUESTED', NULL, NULL, NULL, NULL, NULL, NULL, '2026-01-22 22:54:32.916682', '2026-01-22 22:54:32.916682');


--
-- Data for Name: manual_payment_summary_report; Type: TABLE DATA; Schema: public; Owner: event_site_admin
--

INSERT INTO public.manual_payment_summary_report (id, tenant_id, event_id, payment_method_type, status, total_amount, transaction_count, snapshot_date, created_at) VALUES (7602, 'tenant_demo_002', 4201, 'VENMO_MANUAL', 'REQUESTED', 0.60, 1, '2026-01-19', '2026-01-19 06:35:28.603723');
INSERT INTO public.manual_payment_summary_report (id, tenant_id, event_id, payment_method_type, status, total_amount, transaction_count, snapshot_date, created_at) VALUES (7652, 'tenant_demo_002', 4201, 'ZELLE_MANUAL', 'REQUESTED', 0.70, 1, '2026-01-19', '2026-01-19 06:35:28.603723');


--
-- Data for Name: membership_plan; Type: TABLE DATA; Schema: public; Owner: event_site_admin
--

INSERT INTO public.membership_plan (id, tenant_id, plan_name, plan_code, description, plan_type, billing_interval, price, currency, trial_days, is_active, max_events_per_month, max_attendees_per_event, features_json, stripe_price_id, stripe_product_id, created_at, updated_at) VALUES (4051, 'tenant_demo_002', 'plan 1', 'x', 'cxxcxc', 'SUBSCRIPTION', 'MONTHLY', 10.00, 'USD', 0, true, NULL, NULL, '{}', 'price_1SaRprK5BrggeAHM0ttspTpF', 'prod_TXWtwHhfpZZVFm', '2025-12-04 01:59:57.818855', '2025-12-03 20:59:57.82681');


--
-- Data for Name: payment_provider_config; Type: TABLE DATA; Schema: public; Owner: event_site_admin
--

INSERT INTO public.payment_provider_config (id, tenant_id, provider_name, payment_use_case, is_active, supports_acp, supports_zeffy, supports_zelle, supports_revolut, provider_api_key_encrypted, provider_secret_key_encrypted, webhook_secret_encrypted, payment_method_domain_id, publishable_key, fallback_order, configuration_json, created_at, updated_at) VALUES (7350, 'tenant_demo_002', 'STRIPE', NULL, true, false, false, false, false, NULL, 'HkEKaSSud4Z4GVrbkrcVi+we/MoghoxEckEs/aQ3yZE2vSLxcyXkGZIoNFmf6VPfaowY9MRlPLUla5lX99k/Nq8GuvVuITuxZymfRk+2jiy8RMjMAAr7EjLRH8IjBX26bs84sx63os5igsD9OYU/lAQ0EAt0ShwdoQEEp5w8yJnJIc605ZsB', 'o1wcxuWu4y1b/zYsXKfPda5s+zaS0NQJsD07ZIDVSbkFJu/1qnPmqi17gWXm8Pb+oQ9wVUJA3xYRqQ5iQS3t4ZR9', 'pmd_1SWrMSK5BrggeAHMmHxUd9F2', 'pk_test_51JoBNqK5BrggeAHMxgJ7OBl3MKNlJMG0fuxwwsqk6bXldsQKyUlP283EUgICwcd57D9GUSAUfRPa06GD7xcXqqyH00tc3RDr97', 0, NULL, '2025-12-10 01:48:01.528663', '2025-12-10 01:48:01.528663');
INSERT INTO public.payment_provider_config (id, tenant_id, provider_name, payment_use_case, is_active, supports_acp, supports_zeffy, supports_zelle, supports_revolut, provider_api_key_encrypted, provider_secret_key_encrypted, webhook_secret_encrypted, payment_method_domain_id, publishable_key, fallback_order, configuration_json, created_at, updated_at) VALUES (7650, 'tenant_demo_002', 'GIVEBUTTER', 'DONATION_ZERO_FEE', true, false, false, false, false, 'cDX9AOMgik3piUqavqQaj5cTRM+gsluZuOEWCQudxOj1tpT1nMVLlnIG0GqeGlJvWeXWN8k+O3DHGc53ZPVQM82JDPfkyxOesA==', NULL, 'KDbXqkNq/xE1u0XhccJe0k7PONCmOlbvjRNmHI/85BUN2KVt1BBLkUByLzJiRYo1lqEq4LlEg85hfzAJMIMn1XUY3up47N+7u6H98wC9wflEsmvmNuV+7keAzDPo5b/L+1hhy8QkMeN91JogLJvZyOKsmY5BPPXxp5rKzJhYmUY=', NULL, NULL, 1, NULL, '2026-01-22 13:26:49.402343', '2026-01-22 13:26:49.402343');


--
-- Data for Name: membership_subscription; Type: TABLE DATA; Schema: public; Owner: event_site_admin
--

INSERT INTO public.membership_subscription (id, tenant_id, user_profile_id, membership_plan_id, subscription_status, current_period_start, current_period_end, trial_start, trial_end, cancel_at_period_end, cancelled_at, cancellation_reason, stripe_subscription_id, stripe_customer_id, last_reconciliation_at, last_stripe_sync_at, reconciliation_status, reconciliation_error, payment_provider_config_id, created_at, updated_at) VALUES (8301, 'tenant_demo_002', 5152, 4051, 'ACTIVE', '2026-02-25', '2026-03-25', NULL, NULL, false, NULL, NULL, 'sub_1StVyvK5BrggeAHMZp7ftrtE', 'cus_TrERekicacV7Wg', '2026-02-25 18:00:00.057595', '2026-02-25 18:00:00.057598', 'UPDATED', NULL, NULL, '2026-01-25 16:16:37.085563', '2026-02-25 17:59:59.487696');


--
-- Data for Name: membership_subscription_reconciliation_log; Type: TABLE DATA; Schema: public; Owner: event_site_admin
--



--
-- Data for Name: news_article; Type: TABLE DATA; Schema: public; Owner: event_site_admin
--



--
-- Data for Name: news_category; Type: TABLE DATA; Schema: public; Owner: event_site_admin
--



--
-- Data for Name: news_article_category; Type: TABLE DATA; Schema: public; Owner: event_site_admin
--



--
-- Data for Name: news_flash; Type: TABLE DATA; Schema: public; Owner: event_site_admin
--



--
-- Data for Name: news_live_stream_config; Type: TABLE DATA; Schema: public; Owner: event_site_admin
--



--
-- Data for Name: news_section_display_config; Type: TABLE DATA; Schema: public; Owner: event_site_admin
--



--
-- Data for Name: news_sidebar_promotion; Type: TABLE DATA; Schema: public; Owner: event_site_admin
--



--
-- Data for Name: platform_settlement; Type: TABLE DATA; Schema: public; Owner: event_site_admin
--



--
-- Data for Name: platform_invoice; Type: TABLE DATA; Schema: public; Owner: event_site_admin
--



--
-- Data for Name: promotion_email_template; Type: TABLE DATA; Schema: public; Owner: event_site_admin
--

INSERT INTO public.promotion_email_template (id, tenant_id, event_id, template_name, template_type, subject, from_email, body_html, footer_html, header_image_url, footer_image_url, promotion_code, discount_code_id, is_active, created_by_id, created_at, updated_at) VALUES (4101, 'tenant_demo_002', 2, 'template 1', 'EVENT_PROMOTION', 'template 1', 'giventauser@gmail.com', '<div style="font-family: Arial, sans-serif; max-width: 480px; margin: 0 auto; background: #f9f9f9; border-radius: 8px; padding: 24px; text-align: center;">

  <h2 style="color: #1a237e; margin-bottom: 12px;">Special Offer Just for You!</h2>

  <p style="font-size: 18px; color: #333; margin-bottom: 8px;">Use the code below to get an exclusive discount:</p>

  <div style="font-size: 24px; font-weight: bold; color: #1565c0; background: #e3f2fd; border-radius: 6px; display: inline-block; padding: 12px 32px; margin-bottom: 12px;">SAVE20</div>

  <p style="font-size: 16px; color: #444;">Enter this code at checkout to enjoy your savings!</p>

</div>', NULL, '', '', NULL, NULL, true, NULL, '2025-12-04 02:21:46.637859', '2025-12-04 02:47:07.241759');
INSERT INTO public.promotion_email_template (id, tenant_id, event_id, template_name, template_type, subject, from_email, body_html, footer_html, header_image_url, footer_image_url, promotion_code, discount_code_id, is_active, created_by_id, created_at, updated_at) VALUES (4102, 'tenant_demo_002', 2, 'template 1 (Copy)', 'EVENT_PROMOTION', 'template 1', 'sales@giventa.com', '<div style="font-family: Arial, sans-serif; max-width: 480px; margin: 0 auto; background: #f9f9f9; border-radius: 8px; padding: 24px; text-align: center;">

  <h2 style="color: #1a237e; margin-bottom: 12px;">Special Offer Just for You!</h2>

  <p style="font-size: 18px; color: #333; margin-bottom: 8px;">Use the code below to get an exclusive discount:</p>

  <div style="font-size: 24px; font-weight: bold; color: #1565c0; background: #e3f2fd; border-radius: 6px; display: inline-block; padding: 12px 32px; margin-bottom: 12px;">SAVE20</div>

  <p style="font-size: 16px; color: #444;">Enter this code at checkout to enjoy your savings!</p>

</div>', NULL, '', '', NULL, NULL, true, NULL, '2025-12-04 02:56:04.570325', '2025-12-04 03:14:03.748681');
INSERT INTO public.promotion_email_template (id, tenant_id, event_id, template_name, template_type, subject, from_email, body_html, footer_html, header_image_url, footer_image_url, promotion_code, discount_code_id, is_active, created_by_id, created_at, updated_at) VALUES (5051, 'tenant_demo_002', NULL, 'template 1 (Copy)', 'NEWS_LETTER', 'just the email subject', 'sales@giventa.com', '<div style="font-family: Arial, sans-serif; max-width: 480px; margin: 0 auto; background: #f9f9f9; border-radius: 8px; padding: 24px; text-align: center;">

  <h2 style="color: #1a237e; margin-bottom: 12px;">Special Offer Just for You!</h2>

  <p style="font-size: 18px; color: #333; margin-bottom: 8px;">Use the code below to get an exclusive discount:</p>

  <div style="font-size: 24px; font-weight: bold; color: #1565c0; background: #e3f2fd; border-radius: 6px; display: inline-block; padding: 12px 32px; margin-bottom: 12px;">SAVE20</div>

  <p style="font-size: 16px; color: #444;">Enter this code at checkout to enjoy your savings!</p>

</div>', NULL, '', '', NULL, NULL, true, NULL, '2026-01-12 03:55:26.179189', '2026-01-12 03:55:26.179211');
INSERT INTO public.promotion_email_template (id, tenant_id, event_id, template_name, template_type, subject, from_email, body_html, footer_html, header_image_url, footer_image_url, promotion_code, discount_code_id, is_active, created_by_id, created_at, updated_at) VALUES (5052, 'tenant_demo_002', NULL, 'Test template', 'NEWS_LETTER', 'giventauser@gmail.com', 'sales@giventa.com', '<div style="font-family: Arial, sans-serif; max-width: 480px; margin: 0 auto; background: #f9f9f9; border-radius: 8px; padding: 24px; text-align: center;">

  <h2 style="color: #1a237e; margin-bottom: 12px;">Special Offer Just for You!</h2>

  <p style="font-size: 18px; color: #333; margin-bottom: 8px;">Use the code below to get an exclusive discount:</p>

  <div style="font-size: 24px; font-weight: bold; color: #1565c0; background: #e3f2fd; border-radius: 6px; display: inline-block; padding: 12px 32px; margin-bottom: 12px;">SAVE20</div>

  <p style="font-size: 16px; color: #444;">Enter this code at checkout to enjoy your savings!</p>

</div>', NULL, '', '', NULL, NULL, true, NULL, '2026-01-12 04:01:17.410089', '2026-01-12 04:03:45.56019');


--
-- Data for Name: promotion_email_sent_log; Type: TABLE DATA; Schema: public; Owner: event_site_admin
--

INSERT INTO public.promotion_email_sent_log (id, tenant_id, template_id, event_id, recipient_email, subject, promotion_code, discount_code_id, sent_at, is_test_email, email_status, error_message, sent_by_id) VALUES (4151, 'tenant_demo_002', 4101, 2, 'giventauser@gmail.com', 'template 1', NULL, NULL, '2025-12-04 02:28:08.753896', true, 'SENT', NULL, NULL);
INSERT INTO public.promotion_email_sent_log (id, tenant_id, template_id, event_id, recipient_email, subject, promotion_code, discount_code_id, sent_at, is_test_email, email_status, error_message, sent_by_id) VALUES (4152, 'tenant_demo_002', 4101, 2, 'giventauser@gmail.com', 'template 1', NULL, NULL, '2025-12-04 02:28:44.989773', true, 'SENT', NULL, NULL);
INSERT INTO public.promotion_email_sent_log (id, tenant_id, template_id, event_id, recipient_email, subject, promotion_code, discount_code_id, sent_at, is_test_email, email_status, error_message, sent_by_id) VALUES (4153, 'tenant_demo_002', 4101, 2, 'giventauser@gmail.com', 'template 1', NULL, NULL, '2025-12-04 02:30:26.44787', true, 'SENT', NULL, NULL);
INSERT INTO public.promotion_email_sent_log (id, tenant_id, template_id, event_id, recipient_email, subject, promotion_code, discount_code_id, sent_at, is_test_email, email_status, error_message, sent_by_id) VALUES (4154, 'tenant_demo_002', 4101, 2, 'gain@hotmail.com', 'template 1', NULL, NULL, '2025-12-04 02:47:26.672089', true, 'SENT', NULL, NULL);
INSERT INTO public.promotion_email_sent_log (id, tenant_id, template_id, event_id, recipient_email, subject, promotion_code, discount_code_id, sent_at, is_test_email, email_status, error_message, sent_by_id) VALUES (4155, 'tenant_demo_002', 4102, 2, 'giventauser@gmail.com', 'template 1', NULL, NULL, '2025-12-04 02:57:13.402323', true, 'FAILED', 'Failed to send email via SES: Email address is not verified. The following identities failed the check in region US-EAST-2: tickets@enable-mail.com (Service: Ses, Status Code: 400, Request ID: cea593b1-df85-454a-8b75-902e803db603)', NULL);
INSERT INTO public.promotion_email_sent_log (id, tenant_id, template_id, event_id, recipient_email, subject, promotion_code, discount_code_id, sent_at, is_test_email, email_status, error_message, sent_by_id) VALUES (4156, 'tenant_demo_002', 4102, 2, 'giventauser@gmail.com', 'template 1', NULL, NULL, '2025-12-04 02:59:03.786251', true, 'SENT', NULL, NULL);
INSERT INTO public.promotion_email_sent_log (id, tenant_id, template_id, event_id, recipient_email, subject, promotion_code, discount_code_id, sent_at, is_test_email, email_status, error_message, sent_by_id) VALUES (4157, 'tenant_demo_002', 4102, 2, 'gain@hotmail.com', 'template 1', NULL, NULL, '2025-12-04 03:00:34.65339', true, 'SENT', NULL, NULL);
INSERT INTO public.promotion_email_sent_log (id, tenant_id, template_id, event_id, recipient_email, subject, promotion_code, discount_code_id, sent_at, is_test_email, email_status, error_message, sent_by_id) VALUES (4158, 'tenant_demo_002', 4102, 2, 'giventauser@gmail.com', 'template 1', NULL, NULL, '2025-12-04 03:04:24.260372', true, 'SENT', NULL, NULL);
INSERT INTO public.promotion_email_sent_log (id, tenant_id, template_id, event_id, recipient_email, subject, promotion_code, discount_code_id, sent_at, is_test_email, email_status, error_message, sent_by_id) VALUES (4159, 'tenant_demo_002', 4102, 2, 'giventauser@gmail.com', 'template 1', NULL, NULL, '2025-12-04 03:06:15.735687', true, 'SENT', NULL, NULL);
INSERT INTO public.promotion_email_sent_log (id, tenant_id, template_id, event_id, recipient_email, subject, promotion_code, discount_code_id, sent_at, is_test_email, email_status, error_message, sent_by_id) VALUES (4160, 'tenant_demo_002', 4102, 2, 'giventauser@gmail.com', 'template 1', NULL, NULL, '2025-12-04 03:09:53.818289', true, 'SENT', NULL, NULL);
INSERT INTO public.promotion_email_sent_log (id, tenant_id, template_id, event_id, recipient_email, subject, promotion_code, discount_code_id, sent_at, is_test_email, email_status, error_message, sent_by_id) VALUES (4161, 'tenant_demo_002', 4102, 2, 'giventauser@gmail.com', 'template 1', NULL, NULL, '2025-12-04 03:10:49.663572', false, 'SENT', NULL, NULL);
INSERT INTO public.promotion_email_sent_log (id, tenant_id, template_id, event_id, recipient_email, subject, promotion_code, discount_code_id, sent_at, is_test_email, email_status, error_message, sent_by_id) VALUES (4162, 'tenant_demo_002', 4102, 2, 'giventauser@gmail.com', 'template 1', NULL, NULL, '2025-12-04 03:12:46.894361', true, 'SENT', NULL, NULL);
INSERT INTO public.promotion_email_sent_log (id, tenant_id, template_id, event_id, recipient_email, subject, promotion_code, discount_code_id, sent_at, is_test_email, email_status, error_message, sent_by_id) VALUES (4163, 'tenant_demo_002', 4102, 2, 'giventauser@gmail.com', 'template 1', NULL, NULL, '2025-12-04 03:13:12.668846', false, 'SENT', NULL, NULL);
INSERT INTO public.promotion_email_sent_log (id, tenant_id, template_id, event_id, recipient_email, subject, promotion_code, discount_code_id, sent_at, is_test_email, email_status, error_message, sent_by_id) VALUES (4164, 'tenant_demo_002', 4102, 2, 'giventauser@gmail.com', 'template 1', NULL, NULL, '2025-12-04 12:09:26.473457', true, 'SENT', NULL, NULL);
INSERT INTO public.promotion_email_sent_log (id, tenant_id, template_id, event_id, recipient_email, subject, promotion_code, discount_code_id, sent_at, is_test_email, email_status, error_message, sent_by_id) VALUES (4051, 'tenant_demo_002', 4102, 2, 'mosc.test@keleno.com', 'template 1', NULL, NULL, '2026-01-07 03:55:02.21668', true, 'SENT', NULL, NULL);
INSERT INTO public.promotion_email_sent_log (id, tenant_id, template_id, event_id, recipient_email, subject, promotion_code, discount_code_id, sent_at, is_test_email, email_status, error_message, sent_by_id) VALUES (8304, 'tenant_demo_002', 4102, 2, 'giventauser@gmail.com', 'template 1', NULL, NULL, '2026-02-12 12:34:57.993142', true, 'SENT', NULL, NULL);
INSERT INTO public.promotion_email_sent_log (id, tenant_id, template_id, event_id, recipient_email, subject, promotion_code, discount_code_id, sent_at, is_test_email, email_status, error_message, sent_by_id) VALUES (8305, 'tenant_demo_002', 5052, NULL, 'giventauser@gmail.com', 'giventauser@gmail.com', NULL, NULL, '2026-02-12 12:41:18.930288', true, 'SENT', NULL, NULL);
INSERT INTO public.promotion_email_sent_log (id, tenant_id, template_id, event_id, recipient_email, subject, promotion_code, discount_code_id, sent_at, is_test_email, email_status, error_message, sent_by_id) VALUES (8422, 'tenant_demo_002', 4102, 2, 'giventauser@gmail.com', 'template 1', NULL, NULL, '2026-03-12 17:57:51.1386', true, 'SENT', NULL, NULL);


--
-- Data for Name: qr_code_usage; Type: TABLE DATA; Schema: public; Owner: event_site_admin
--

INSERT INTO public.qr_code_usage (id, tenant_id, attendee_id, qr_code_data, qr_code_type, generated_at, expires_at, used_at, usage_count, max_usage_count, last_scanned_by, scan_location, device_info, ip_address, is_valid, invalidated_at, invalidation_reason, created_at) VALUES (1, 'tenant_demo_001', 1, 'QR1', 'CHECK_IN', '2025-06-22 11:31:27.426132', NULL, NULL, 0, 1, NULL, NULL, NULL, NULL, true, NULL, NULL, '2025-06-22 11:31:27.426132');
INSERT INTO public.qr_code_usage (id, tenant_id, attendee_id, qr_code_data, qr_code_type, generated_at, expires_at, used_at, usage_count, max_usage_count, last_scanned_by, scan_location, device_info, ip_address, is_valid, invalidated_at, invalidation_reason, created_at) VALUES (2, 'tenant_demo_001', 2, 'QR2', 'CHECK_IN', '2025-06-22 11:31:27.426132', NULL, NULL, 0, 1, NULL, NULL, NULL, NULL, true, NULL, NULL, '2025-06-22 11:31:27.426132');
INSERT INTO public.qr_code_usage (id, tenant_id, attendee_id, qr_code_data, qr_code_type, generated_at, expires_at, used_at, usage_count, max_usage_count, last_scanned_by, scan_location, device_info, ip_address, is_valid, invalidated_at, invalidation_reason, created_at) VALUES (3, 'tenant_demo_001', 3, 'QR3', 'CHECK_IN', '2025-06-22 11:31:27.426132', NULL, NULL, 0, 1, NULL, NULL, NULL, NULL, true, NULL, NULL, '2025-06-22 11:31:27.426132');
INSERT INTO public.qr_code_usage (id, tenant_id, attendee_id, qr_code_data, qr_code_type, generated_at, expires_at, used_at, usage_count, max_usage_count, last_scanned_by, scan_location, device_info, ip_address, is_valid, invalidated_at, invalidation_reason, created_at) VALUES (4, 'tenant_demo_001', 4, 'QR4', 'CHECK_IN', '2025-06-22 11:31:27.426132', NULL, NULL, 0, 1, NULL, NULL, NULL, NULL, true, NULL, NULL, '2025-06-22 11:31:27.426132');
INSERT INTO public.qr_code_usage (id, tenant_id, attendee_id, qr_code_data, qr_code_type, generated_at, expires_at, used_at, usage_count, max_usage_count, last_scanned_by, scan_location, device_info, ip_address, is_valid, invalidated_at, invalidation_reason, created_at) VALUES (5, 'tenant_demo_001', 5, 'QR5', 'CHECK_IN', '2025-06-22 11:31:27.426132', NULL, NULL, 0, 1, NULL, NULL, NULL, NULL, true, NULL, NULL, '2025-06-22 11:31:27.426132');
INSERT INTO public.qr_code_usage (id, tenant_id, attendee_id, qr_code_data, qr_code_type, generated_at, expires_at, used_at, usage_count, max_usage_count, last_scanned_by, scan_location, device_info, ip_address, is_valid, invalidated_at, invalidation_reason, created_at) VALUES (6, 'tenant_demo_001', 6, 'QR6', 'CHECK_IN', '2025-06-22 11:31:27.426132', NULL, NULL, 0, 1, NULL, NULL, NULL, NULL, true, NULL, NULL, '2025-06-22 11:31:27.426132');


--
-- Data for Name: rel_event_details__discount_codes; Type: TABLE DATA; Schema: public; Owner: event_site_admin
--

INSERT INTO public.rel_event_details__discount_codes (event_details_id, discount_codes_id) VALUES (1, 1);
INSERT INTO public.rel_event_details__discount_codes (event_details_id, discount_codes_id) VALUES (3, 3);
INSERT INTO public.rel_event_details__discount_codes (event_details_id, discount_codes_id) VALUES (4, 4);
INSERT INTO public.rel_event_details__discount_codes (event_details_id, discount_codes_id) VALUES (5, 5);
INSERT INTO public.rel_event_details__discount_codes (event_details_id, discount_codes_id) VALUES (6, 6);
INSERT INTO public.rel_event_details__discount_codes (event_details_id, discount_codes_id) VALUES (4101, 2);
INSERT INTO public.rel_event_details__discount_codes (event_details_id, discount_codes_id) VALUES (6356, 2);


--
-- Data for Name: satellite_domain; Type: TABLE DATA; Schema: public; Owner: event_site_admin
--

INSERT INTO public.satellite_domain (id, satellite_key, domain, hostname, display_name, tenant_id, enabled, added_date, org_name, full_name, tagline, logo_type, logo_url, logo_primary_color, logo_secondary_color, theme_primary_color, theme_hover_color, theme_active_color, contact_address, contact_phone, contact_toll_free, contact_email, social_facebook, social_twitter, social_linkedin, social_youtube, show_on_auth_header, show_on_auth_footer, created_at, updated_at) VALUES (1050, 'mcefee-temp', 'https://www.mcefee-temp.com', 'www.mcefee-temp.com', 'MCEFEE Temp', 'tenant_demo_001', true, '2025-11-01 00:00:00', 'MCEFEE', 'Malayalee Cultural Events Federation for Education & Empowerment', 'A NONPROFIT CORPORATION', 'text', NULL, '#9333ea', '#a855f7', '#60a5fa', '#3b82f6', '#2563eb', '123 Cultural Lane, Hope City, HC 12345, United States', '+1 (555) 123-4567', NULL, 'contact@mcefee-temp.com', '#', '#', '#', '#', true, true, '2026-03-09 22:50:48.149757', '2026-03-09 22:50:48.149757');
INSERT INTO public.satellite_domain (id, satellite_key, domain, hostname, display_name, tenant_id, enabled, added_date, org_name, full_name, tagline, logo_type, logo_url, logo_primary_color, logo_secondary_color, theme_primary_color, theme_hover_color, theme_active_color, contact_address, contact_phone, contact_toll_free, contact_email, social_facebook, social_twitter, social_linkedin, social_youtube, show_on_auth_header, show_on_auth_footer, created_at, updated_at) VALUES (1100, 'mosc-temp', 'https://www.mosc-temp.com', 'www.mosc-temp.com', 'MOSC Temp', 'tenant_demo_002', true, '2025-11-01 00:00:00', 'Unite India', 'Unite India - Bringing Communities Together', 'A NONPROFIT CORPORATION', 'text', NULL, '#9333ea', '#a855f7', '#60a5fa', '#3b82f6', '#2563eb', '123 Charity Lane, Hope City, HC 12345, United States', '+1 (555) 123-4567', NULL, 'contact@mosc-temp.com', '#', '#', '#', '#', true, true, '2026-03-09 22:50:48.149757', '2026-03-09 22:50:48.149757');
INSERT INTO public.satellite_domain (id, satellite_key, domain, hostname, display_name, tenant_id, enabled, added_date, org_name, full_name, tagline, logo_type, logo_url, logo_primary_color, logo_secondary_color, theme_primary_color, theme_hover_color, theme_active_color, contact_address, contact_phone, contact_toll_free, contact_email, social_facebook, social_twitter, social_linkedin, social_youtube, show_on_auth_header, show_on_auth_footer, created_at, updated_at) VALUES (1150, 'md-strikers', 'https://www.md-strikers.com', 'www.md-strikers.com', 'MD Strikers', 'tenant_demo_003', true, '2025-11-01 00:00:00', 'MD Strikers', 'Maryland Strikers Sports Association', 'A NONPROFIT SPORTS ORGANIZATION', 'text', NULL, '#dc2626', '#ef4444', '#60a5fa', '#3b82f6', '#2563eb', '456 Stadium Road, Baltimore, MD 21201, United States', '+1 (555) 987-6543', NULL, 'contact@md-strikers.com', '#', '#', '#', '#', true, true, '2026-03-09 22:50:48.149757', '2026-03-09 22:50:48.149757');


--
-- Data for Name: session_store; Type: TABLE DATA; Schema: public; Owner: event_site_admin
--



--
-- Data for Name: tenant_email_addresses; Type: TABLE DATA; Schema: public; Owner: event_site_admin
--

INSERT INTO public.tenant_email_addresses (id, tenant_id, email_address, copy_to_email_address, email_type, display_name, is_active, is_default, description, created_at, updated_at) VALUES (4001, 'tenant_demo_002', 'sales@giventa.com', 'mosc.test@keleno.com', 'INFO', NULL, true, false, NULL, '2026-01-07 03:52:11.454197', '2026-01-07 03:52:11.454197');
INSERT INTO public.tenant_email_addresses (id, tenant_id, email_address, copy_to_email_address, email_type, display_name, is_active, is_default, description, created_at, updated_at) VALUES (4002, 'tenant_demo_002', 'mosc.test@keleno.com', 'sales@giventa.com', 'INFO', NULL, true, false, NULL, '2026-01-07 03:53:11.946213', '2026-01-07 03:53:11.946213');


--
-- Data for Name: tenant_settings; Type: TABLE DATA; Schema: public; Owner: event_site_admin
--

INSERT INTO public.tenant_settings (id, tenant_id, tenant_organization_id, allow_user_registration, show_events_section_in_home_page, show_team_members_section_in_home_page, show_sponsors_section_in_home_page, is_membership_subscription_enabled, require_admin_approval, enable_whatsapp_integration, address_line_1, address_line_2, phone_number, zip_code, country, state_province, email, whatsapp_api_key, twilio_account_sid, twilio_auth_token, twilio_whatsapp_from, whatsapp_webhook_url, whatsapp_webhook_token, enable_email_marketing, homepage_cache_version, email_provider_config, custom_css, custom_js, max_events_per_month, max_attendees_per_event, enable_guest_registration, max_guests_per_attendee, default_event_capacity, platform_fee_percentage, email_header_image_url, email_footer_html_url, logo_image_url, facebook_url, instagram_url, twitter_url, linkedin_url, youtube_url, tiktok_url, created_at, updated_at) VALUES (1, 'tenant_demo_001', 1, true, false, false, false, false, false, false, NULL, NULL, NULL, NULL, NULL, NULL, NULL, NULL, NULL, NULL, NULL, NULL, NULL, false, 0, NULL, NULL, NULL, NULL, NULL, true, 5, 100, NULL, NULL, NULL, NULL, NULL, NULL, NULL, NULL, NULL, NULL, '2025-06-22 11:31:27.571', '2025-09-11 22:08:43.52');
INSERT INTO public.tenant_settings (id, tenant_id, tenant_organization_id, allow_user_registration, show_events_section_in_home_page, show_team_members_section_in_home_page, show_sponsors_section_in_home_page, is_membership_subscription_enabled, require_admin_approval, enable_whatsapp_integration, address_line_1, address_line_2, phone_number, zip_code, country, state_province, email, whatsapp_api_key, twilio_account_sid, twilio_auth_token, twilio_whatsapp_from, whatsapp_webhook_url, whatsapp_webhook_token, enable_email_marketing, homepage_cache_version, email_provider_config, custom_css, custom_js, max_events_per_month, max_attendees_per_event, enable_guest_registration, max_guests_per_attendee, default_event_capacity, platform_fee_percentage, email_header_image_url, email_footer_html_url, logo_image_url, facebook_url, instagram_url, twitter_url, linkedin_url, youtube_url, tiktok_url, created_at, updated_at) VALUES (3, 'tenant_demo_003', 3, false, false, false, false, false, false, false, NULL, NULL, NULL, NULL, NULL, NULL, NULL, NULL, NULL, NULL, NULL, NULL, NULL, true, 0, NULL, NULL, NULL, NULL, NULL, false, 3, 50, NULL, NULL, NULL, NULL, NULL, NULL, NULL, NULL, NULL, NULL, '2025-06-22 11:31:27.571', '2025-09-11 22:08:43.52');
INSERT INTO public.tenant_settings (id, tenant_id, tenant_organization_id, allow_user_registration, show_events_section_in_home_page, show_team_members_section_in_home_page, show_sponsors_section_in_home_page, is_membership_subscription_enabled, require_admin_approval, enable_whatsapp_integration, address_line_1, address_line_2, phone_number, zip_code, country, state_province, email, whatsapp_api_key, twilio_account_sid, twilio_auth_token, twilio_whatsapp_from, whatsapp_webhook_url, whatsapp_webhook_token, enable_email_marketing, homepage_cache_version, email_provider_config, custom_css, custom_js, max_events_per_month, max_attendees_per_event, enable_guest_registration, max_guests_per_attendee, default_event_capacity, platform_fee_percentage, email_header_image_url, email_footer_html_url, logo_image_url, facebook_url, instagram_url, twitter_url, linkedin_url, youtube_url, tiktok_url, created_at, updated_at) VALUES (4, 'tenant_demo_004', 4, true, false, false, false, false, false, true, NULL, NULL, NULL, NULL, NULL, NULL, NULL, NULL, NULL, NULL, NULL, NULL, NULL, true, 0, NULL, NULL, NULL, NULL, NULL, true, 8, 150, NULL, NULL, NULL, NULL, NULL, NULL, NULL, NULL, NULL, NULL, '2025-06-22 11:31:27.571', '2025-09-11 22:08:43.52');
INSERT INTO public.tenant_settings (id, tenant_id, tenant_organization_id, allow_user_registration, show_events_section_in_home_page, show_team_members_section_in_home_page, show_sponsors_section_in_home_page, is_membership_subscription_enabled, require_admin_approval, enable_whatsapp_integration, address_line_1, address_line_2, phone_number, zip_code, country, state_province, email, whatsapp_api_key, twilio_account_sid, twilio_auth_token, twilio_whatsapp_from, whatsapp_webhook_url, whatsapp_webhook_token, enable_email_marketing, homepage_cache_version, email_provider_config, custom_css, custom_js, max_events_per_month, max_attendees_per_event, enable_guest_registration, max_guests_per_attendee, default_event_capacity, platform_fee_percentage, email_header_image_url, email_footer_html_url, logo_image_url, facebook_url, instagram_url, twitter_url, linkedin_url, youtube_url, tiktok_url, created_at, updated_at) VALUES (5, 'tenant_demo_005', 5, true, false, false, false, false, true, false, NULL, NULL, NULL, NULL, NULL, NULL, NULL, NULL, NULL, NULL, NULL, NULL, NULL, true, 0, NULL, NULL, NULL, NULL, NULL, false, 2, 75, NULL, NULL, NULL, NULL, NULL, NULL, NULL, NULL, NULL, NULL, '2025-06-22 11:31:27.571', '2025-09-11 22:08:43.52');
INSERT INTO public.tenant_settings (id, tenant_id, tenant_organization_id, allow_user_registration, show_events_section_in_home_page, show_team_members_section_in_home_page, show_sponsors_section_in_home_page, is_membership_subscription_enabled, require_admin_approval, enable_whatsapp_integration, address_line_1, address_line_2, phone_number, zip_code, country, state_province, email, whatsapp_api_key, twilio_account_sid, twilio_auth_token, twilio_whatsapp_from, whatsapp_webhook_url, whatsapp_webhook_token, enable_email_marketing, homepage_cache_version, email_provider_config, custom_css, custom_js, max_events_per_month, max_attendees_per_event, enable_guest_registration, max_guests_per_attendee, default_event_capacity, platform_fee_percentage, email_header_image_url, email_footer_html_url, logo_image_url, facebook_url, instagram_url, twitter_url, linkedin_url, youtube_url, tiktok_url, created_at, updated_at) VALUES (6, 'tenant_demo_006', 6, false, false, false, false, false, true, true, NULL, NULL, NULL, NULL, NULL, NULL, NULL, NULL, NULL, NULL, NULL, NULL, NULL, false, 0, NULL, NULL, NULL, NULL, NULL, true, 6, 120, NULL, NULL, NULL, NULL, NULL, NULL, NULL, NULL, NULL, NULL, '2025-06-22 11:31:27.571', '2025-09-11 22:08:43.52');
INSERT INTO public.tenant_settings (id, tenant_id, tenant_organization_id, allow_user_registration, show_events_section_in_home_page, show_team_members_section_in_home_page, show_sponsors_section_in_home_page, is_membership_subscription_enabled, require_admin_approval, enable_whatsapp_integration, address_line_1, address_line_2, phone_number, zip_code, country, state_province, email, whatsapp_api_key, twilio_account_sid, twilio_auth_token, twilio_whatsapp_from, whatsapp_webhook_url, whatsapp_webhook_token, enable_email_marketing, homepage_cache_version, email_provider_config, custom_css, custom_js, max_events_per_month, max_attendees_per_event, enable_guest_registration, max_guests_per_attendee, default_event_capacity, platform_fee_percentage, email_header_image_url, email_footer_html_url, logo_image_url, facebook_url, instagram_url, twitter_url, linkedin_url, youtube_url, tiktok_url, created_at, updated_at) VALUES (2, 'tenant_demo_002', 2, true, true, true, true, true, true, true, '165 Hopkins Ave, APT #7', '', '13123430073', '07306', 'United States', 'NJ', 'giventauser@gmail.com', '', '', '', NULL, '', '', false, 0, '{}', '', '', NULL, NULL, true, 10, 200, NULL, '', '', '', 'https://www.facebook.com', 'https://www.instagram.com/', 'https://x.com/', 'https://www.linkedin.com', 'https://www.youtube.com', '', '2025-06-22 11:31:27.571', '2026-02-20 10:01:51.614984');


--
-- Data for Name: user_subscription; Type: TABLE DATA; Schema: public; Owner: event_site_admin
--

INSERT INTO public.user_subscription (id, tenant_id, stripe_customer_id, stripe_subscription_id, stripe_price_id, stripe_current_period_end, status, trial_ends_at, cancel_at_period_end, user_profile_id, created_at, updated_at) VALUES (1, 'tenant_demo_001', 'cus_001', 'sub_001', 'price_001', '2025-07-22 11:31:27.659946', 'ACTIVE', '2025-06-29 11:31:27.659946', false, 1, '2025-06-22 11:31:27.659946', '2025-06-22 11:31:27.659946');
INSERT INTO public.user_subscription (id, tenant_id, stripe_customer_id, stripe_subscription_id, stripe_price_id, stripe_current_period_end, status, trial_ends_at, cancel_at_period_end, user_profile_id, created_at, updated_at) VALUES (2, 'tenant_demo_001', 'cus_002', 'sub_002', 'price_002', '2025-07-22 11:31:27.659946', 'TRIAL', '2025-07-06 11:31:27.659946', false, 2, '2025-06-22 11:31:27.659946', '2025-06-22 11:31:27.659946');
INSERT INTO public.user_subscription (id, tenant_id, stripe_customer_id, stripe_subscription_id, stripe_price_id, stripe_current_period_end, status, trial_ends_at, cancel_at_period_end, user_profile_id, created_at, updated_at) VALUES (3, 'tenant_demo_001', 'cus_003', 'sub_003', 'price_003', '2025-07-22 11:31:27.659946', 'CANCELLED', '2025-06-29 11:31:27.659946', true, 3, '2025-06-22 11:31:27.659946', '2025-06-22 11:31:27.659946');
INSERT INTO public.user_subscription (id, tenant_id, stripe_customer_id, stripe_subscription_id, stripe_price_id, stripe_current_period_end, status, trial_ends_at, cancel_at_period_end, user_profile_id, created_at, updated_at) VALUES (4, 'tenant_demo_001', 'cus_004', 'sub_004', 'price_004', '2025-07-22 11:31:27.659946', 'EXPIRED', '2025-06-29 11:31:27.659946', false, 4, '2025-06-22 11:31:27.659946', '2025-06-22 11:31:27.659946');
INSERT INTO public.user_subscription (id, tenant_id, stripe_customer_id, stripe_subscription_id, stripe_price_id, stripe_current_period_end, status, trial_ends_at, cancel_at_period_end, user_profile_id, created_at, updated_at) VALUES (5, 'tenant_demo_001', 'cus_005', 'sub_005', 'price_005', '2025-07-22 11:31:27.659946', 'SUSPENDED', '2025-06-29 11:31:27.659946', false, 5, '2025-06-22 11:31:27.659946', '2025-06-22 11:31:27.659946');
INSERT INTO public.user_subscription (id, tenant_id, stripe_customer_id, stripe_subscription_id, stripe_price_id, stripe_current_period_end, status, trial_ends_at, cancel_at_period_end, user_profile_id, created_at, updated_at) VALUES (6, 'tenant_demo_001', 'cus_006', 'sub_006', 'price_006', '2025-07-22 11:31:27.659946', 'ACTIVE', '2025-06-29 11:31:27.659946', false, 6, '2025-06-22 11:31:27.659946', '2025-06-22 11:31:27.659946');


--
-- Data for Name: user_task; Type: TABLE DATA; Schema: public; Owner: event_site_admin
--

INSERT INTO public.user_task (id, tenant_id, title, description, status, priority, due_date, completed, completion_date, estimated_hours, actual_hours, progress_percentage, event_id, assignee_name, assignee_contact_phone, assignee_contact_email, created_at, updated_at, user_id) VALUES (1, 'tenant_demo_001', 'Setup Venue', 'Setup the venue for Spring Gala', 'PENDING', 'HIGH', '2025-06-24 11:31:27.727601', false, NULL, 5.00, NULL, 0, 1, 'Alice', '555-1001', 'alice.johnson@example.com', '2025-06-22 11:31:27.727601', '2025-06-22 11:31:27.727601', 1);
INSERT INTO public.user_task (id, tenant_id, title, description, status, priority, due_date, completed, completion_date, estimated_hours, actual_hours, progress_percentage, event_id, assignee_name, assignee_contact_phone, assignee_contact_email, created_at, updated_at, user_id) VALUES (2, 'tenant_demo_001', 'Arrange Catering', 'Arrange food for Tech Conference', 'PENDING', 'MEDIUM', '2025-06-25 11:31:27.727601', false, NULL, 3.00, NULL, 0, 2, 'Bob', '555-1002', 'bob.smith@example.com', '2025-06-22 11:31:27.727601', '2025-06-22 11:31:27.727601', 2);
INSERT INTO public.user_task (id, tenant_id, title, description, status, priority, due_date, completed, completion_date, estimated_hours, actual_hours, progress_percentage, event_id, assignee_name, assignee_contact_phone, assignee_contact_email, created_at, updated_at, user_id) VALUES (3, 'tenant_demo_001', 'Distribute Flyers', 'Distribute flyers for Charity Run', 'COMPLETED', 'LOW', '2025-06-21 11:31:27.727601', true, '2025-06-22 11:31:27.727601', 2.00, 2.00, 100, 3, 'Carol', '555-1003', 'carol.williams@example.com', '2025-06-22 11:31:27.727601', '2025-06-22 11:31:27.727601', 3);
INSERT INTO public.user_task (id, tenant_id, title, description, status, priority, due_date, completed, completion_date, estimated_hours, actual_hours, progress_percentage, event_id, assignee_name, assignee_contact_phone, assignee_contact_email, created_at, updated_at, user_id) VALUES (4, 'tenant_demo_001', 'Book Park', 'Book park for Family Picnic', 'PENDING', 'HIGH', '2025-06-27 11:31:27.727601', false, NULL, 1.00, NULL, 0, 4, 'David', '555-1004', 'david.brown@example.com', '2025-06-22 11:31:27.727601', '2025-06-22 11:31:27.727601', 4);
INSERT INTO public.user_task (id, tenant_id, title, description, status, priority, due_date, completed, completion_date, estimated_hours, actual_hours, progress_percentage, event_id, assignee_name, assignee_contact_phone, assignee_contact_email, created_at, updated_at, user_id) VALUES (5, 'tenant_demo_001', 'Send Invites', 'Send invitations for VIP Dinner', 'PENDING', 'MEDIUM', '2025-06-23 11:31:27.727601', false, NULL, 1.50, NULL, 0, 5, 'Eve', '555-1005', 'eve.davis@example.com', '2025-06-22 11:31:27.727601', '2025-06-22 11:31:27.727601', 5);
INSERT INTO public.user_task (id, tenant_id, title, description, status, priority, due_date, completed, completion_date, estimated_hours, actual_hours, progress_percentage, event_id, assignee_name, assignee_contact_phone, assignee_contact_email, created_at, updated_at, user_id) VALUES (6, 'tenant_demo_001', 'Setup Stage', 'Setup stage for Summer Fest', 'PENDING', 'HIGH', '2025-06-26 11:31:27.727601', false, NULL, 4.00, NULL, 0, 6, 'Frank', '555-1006', 'frank.miller@example.com', '2025-06-22 11:31:27.727601', '2025-06-22 11:31:27.727601', 6);


--
-- Data for Name: whatsapp_log; Type: TABLE DATA; Schema: public; Owner: event_site_admin
--



--
-- Name: batch_job_execution_log_id_seq; Type: SEQUENCE SET; Schema: public; Owner: event_site_admin
--

SELECT pg_catalog.setval('public.batch_job_execution_log_id_seq', 4685, true);


--
-- Name: batch_job_execution_seq; Type: SEQUENCE SET; Schema: public; Owner: event_site_admin
--

SELECT pg_catalog.setval('public.batch_job_execution_seq', 2, true);


--
-- Name: batch_job_seq; Type: SEQUENCE SET; Schema: public; Owner: event_site_admin
--

SELECT pg_catalog.setval('public.batch_job_seq', 13, true);


--
-- Name: batch_step_execution_seq; Type: SEQUENCE SET; Schema: public; Owner: event_site_admin
--

SELECT pg_catalog.setval('public.batch_step_execution_seq', 1, true);


--
-- Name: discount_code_id_seq; Type: SEQUENCE SET; Schema: public; Owner: event_site_admin
--

SELECT pg_catalog.setval('public.discount_code_id_seq', 1, true);


--
-- Name: event_live_update_attachment_id_seq; Type: SEQUENCE SET; Schema: public; Owner: event_site_admin
--

SELECT pg_catalog.setval('public.event_live_update_attachment_id_seq', 1, true);


--
-- Name: event_live_update_id_seq; Type: SEQUENCE SET; Schema: public; Owner: event_site_admin
--

SELECT pg_catalog.setval('public.event_live_update_id_seq', 1, true);


--
-- Name: event_score_card_detail_id_seq; Type: SEQUENCE SET; Schema: public; Owner: event_site_admin
--

SELECT pg_catalog.setval('public.event_score_card_detail_id_seq', 1, true);


--
-- Name: event_score_card_id_seq; Type: SEQUENCE SET; Schema: public; Owner: event_site_admin
--

SELECT pg_catalog.setval('public.event_score_card_id_seq', 1, true);


--
-- Name: sequence_generator; Type: SEQUENCE SET; Schema: public; Owner: event_site_admin
--

SELECT pg_catalog.setval('public.sequence_generator', 8422, true);


--
-- PostgreSQL database dump complete
--

